atb_datetime,atd_datetime,op_commence_datetime,op_complete_datetime,inter_arrival_hrs,lpc,qc_count,lpc_group,ops_time_hrs,idle_before_hrs,idle_after_hrs,crane_eff_moves_per_hr
2016-01-01 02:36:09,2016-01-01 06:34:42,2016-01-01 03:12:55,2016-01-01 06:08:26,,154,3,0,2.925,0.6127777777777778,0.43777777777777777,17.549857549857553
2016-01-01 04:50:58,2016-01-01 21:09:32,2016-01-01 05:37:01,2016-01-01 20:40:42,2.2469444444444444,1359,5,1,15.061,0.7675,0.48055555555555557,18.046610450833278
2016-01-01 07:19:45,2016-01-01 12:02:26,2016-01-01 07:54:15,2016-01-01 10:29:27,2.479722222222222,206,4,0,2.587,0.575,1.5497222222222222,19.907228449942018
2016-01-01 07:37:53,2016-01-01 14:34:39,2016-01-01 07:50:29,2016-01-01 13:24:53,0.3022222222222222,508,3,0,5.573,0.21,1.1627777777777777,30.384592379927028
2016-01-01 08:02:00,2016-01-02 06:26:17,2016-01-01 08:41:51,2016-01-02 05:55:12,0.40194444444444444,1490,4,1,21.223,0.6641666666666667,0.5180555555555556,17.551712764453658
2016-01-01 08:34:50,2016-01-01 15:00:50,2016-01-01 09:24:33,2016-01-01 14:10:21,0.5472222222222223,401,3,0,4.764,0.8286111111111111,0.8413888888888889,28.057654631961935
2016-01-01 08:36:34,2016-01-02 10:28:13,2016-01-01 08:54:57,2016-01-02 09:50:30,0.028888888888888888,2367,6,2,24.926,0.3063888888888889,0.6286111111111111,15.826847468506783
2016-01-01 09:03:04,2016-01-01 19:21:50,2016-01-01 12:10:14,2016-01-01 18:38:30,0.44166666666666665,330,3,0,6.471,3.1194444444444445,0.7222222222222222,16.998918250656775
2016-01-01 11:06:43,2016-01-02 01:23:45,2016-01-01 11:33:38,2016-01-02 01:04:07,2.0608333333333335,1350,5,1,13.508,0.4486111111111111,0.32722222222222225,19.988155167308264
2016-01-01 13:45:12,2016-01-02 06:05:44,2016-01-01 14:40:05,2016-01-02 05:17:12,2.641388888888889,1353,5,1,14.619,0.9147222222222222,0.8088888888888889,18.510158013544018
2016-01-01 23:10:11,2016-01-02 17:49:38,2016-01-01 23:39:11,2016-01-02 16:20:25,9.41638888888889,2387,7,2,16.687,0.48333333333333334,1.4869444444444444,20.435069215557018
2016-01-02 04:52:51,2016-01-02 21:24:19,2016-01-02 05:15:07,2016-01-02 20:13:25,5.711111111111111,1594,6,1,14.972,0.3711111111111111,1.1816666666666666,17.74423368064832
2016-01-02 06:10:18,2016-01-02 11:25:19,2016-01-02 07:14:38,2016-01-02 10:37:16,1.2908333333333333,262,3,0,3.377,1.0722222222222222,0.8008333333333333,25.861218043628465
2016-01-02 07:54:42,2016-01-02 15:35:04,2016-01-02 07:59:55,2016-01-02 14:29:57,1.74,332,3,0,6.501,0.08694444444444445,1.0852777777777778,17.02302209916423
2016-01-02 10:01:42,2016-01-04 02:15:30,2016-01-02 10:26:48,2016-01-04 01:10:40,2.1166666666666667,7664,9,6,38.731,0.41833333333333333,1.0805555555555555,21.986407672292362
2016-01-02 11:34:18,2016-01-02 20:24:18,2016-01-02 12:24:47,2016-01-02 19:53:33,1.5433333333333332,487,3,0,7.479,0.8413888888888889,0.5125,21.7052190578063
2016-01-02 11:44:23,2016-01-02 23:41:24,2016-01-02 12:37:43,2016-01-02 22:13:27,0.16805555555555557,2221,6,2,9.595,0.8888888888888888,1.4658333333333333,38.57912107000173
2016-01-02 13:47:00,2016-01-02 20:22:40,2016-01-02 16:57:26,2016-01-02 19:04:58,2.0436111111111113,90,3,0,2.126,3.173888888888889,1.295,14.111006585136407
2016-01-02 13:56:26,2016-01-04 09:04:36,2016-01-02 15:20:25,2016-01-04 08:40:23,0.15722222222222224,2244,6,2,41.333,1.3997222222222223,0.4036111111111111,9.048460068226357
2016-01-02 14:49:03,2016-01-03 16:18:45,2016-01-02 18:21:27,2016-01-03 15:29:48,0.8769444444444444,2475,6,2,21.139,3.54,0.8158333333333333,19.51369506599177
2016-01-02 15:30:46,2016-01-03 09:23:20,2016-01-02 15:36:17,2016-01-03 08:33:36,0.6952777777777778,1359,4,1,16.955,0.09194444444444444,0.8288888888888889,20.038336773813036
2016-01-02 18:31:32,2016-01-03 06:19:37,2016-01-02 19:00:04,2016-01-03 05:53:58,3.012777777777778,1280,6,1,10.898,0.47555555555555556,0.4275,19.575457270447174
2016-01-02 18:54:59,2016-01-03 01:30:06,2016-01-02 19:24:37,2016-01-02 23:56:32,0.3908333333333333,144,2,0,4.532,0.4938888888888889,1.5594444444444444,15.88702559576346
2016-01-02 18:58:48,2016-01-03 09:48:33,2016-01-02 19:12:54,2016-01-03 09:30:47,0.0636111111111111,1318,5,1,14.298,0.235,0.2961111111111111,18.43614491537278
2016-01-02 19:09:56,2016-01-02 23:37:48,2016-01-02 20:15:27,2016-01-02 22:14:43,0.18555555555555556,171,4,0,1.988,1.0919444444444444,1.3847222222222222,21.504024144869216
2016-01-02 22:31:15,2016-01-03 05:10:34,2016-01-02 23:00:07,2016-01-03 03:42:18,3.355277777777778,214,3,0,4.703,0.4811111111111111,1.471111111111111,15.167623502728754
2016-01-03 00:47:00,2016-01-03 15:44:50,2016-01-03 01:31:14,2016-01-03 15:28:03,2.2625,1105,5,1,13.947,0.7372222222222222,0.2797222222222222,15.84570158457016
2016-01-03 03:04:18,2016-01-03 19:53:12,2016-01-03 03:47:01,2016-01-03 18:43:01,2.2883333333333336,2183,7,2,14.933,0.7119444444444445,1.1697222222222223,20.883756971616073
2016-01-03 03:59:19,2016-01-04 00:04:11,2016-01-03 04:28:15,2016-01-03 23:25:31,0.9169444444444445,2090,6,2,18.955,0.4822222222222222,0.6444444444444445,18.376857469445177
2016-01-03 06:12:17,2016-01-03 19:51:28,2016-01-03 07:36:06,2016-01-03 18:49:53,2.216111111111111,1577,6,1,11.23,1.3969444444444445,1.0263888888888888,23.40457108934402
2016-01-03 06:39:37,2016-01-03 22:26:16,2016-01-03 14:37:19,2016-01-03 21:11:32,0.45555555555555555,336,3,0,6.57,7.961666666666667,1.2455555555555555,17.04718417047184
2016-01-03 12:14:06,2016-01-04 02:10:05,2016-01-03 12:28:28,2016-01-04 01:25:11,5.574722222222222,399,2,0,12.945,0.23944444444444443,0.7483333333333333,15.41135573580533
2016-01-03 13:15:10,2016-01-04 14:42:48,2016-01-03 13:54:47,2016-01-04 11:21:18,1.0177777777777777,3106,7,3,21.442,0.6602777777777777,3.3583333333333334,20.693698615534267
2016-01-03 17:51:40,2016-01-04 15:01:24,2016-01-03 18:05:47,2016-01-04 14:45:16,4.608333333333333,2438,6,2,20.658,0.23527777777777778,0.2688888888888889,19.66953883886791
2016-01-03 18:25:38,2016-01-03 23:17:54,2016-01-03 19:27:56,2016-01-03 22:26:57,0.5661111111111111,218,4,0,2.983,1.0383333333333333,0.8491666666666666,18.270197787462287
2016-01-03 22:17:49,2016-01-04 11:06:11,2016-01-03 23:21:34,2016-01-04 09:03:27,3.8697222222222223,1161,5,1,9.698,1.0625,2.0455555555555556,23.94308104763869
2016-01-04 01:53:39,2016-01-05 08:53:01,2016-01-04 02:41:55,2016-01-05 08:19:22,3.5972222222222223,4243,8,4,29.624,0.8044444444444444,0.5608333333333333,17.90355792600594
2016-01-04 04:26:41,2016-01-04 07:17:15,2016-01-04 05:28:26,2016-01-04 07:05:30,2.5505555555555555,47,2,0,1.618,1.0291666666666666,0.19583333333333333,14.524103831891223
2016-01-04 05:11:11,2016-01-04 12:21:37,2016-01-04 05:41:25,2016-01-04 11:22:59,0.7416666666666667,310,3,0,5.693,0.5038888888888889,0.9772222222222222,18.150945605714618
2016-01-04 05:56:59,2016-01-04 22:16:47,2016-01-04 06:40:26,2016-01-04 21:35:55,0.7633333333333333,1525,6,1,14.925,0.7241666666666666,0.6811111111111111,17.029592406476826
2016-01-04 07:03:38,2016-01-04 23:54:29,2016-01-04 07:45:04,2016-01-04 22:23:58,1.1108333333333333,805,3,0,14.648,0.6905555555555556,1.5086111111111111,18.318769342799925
2016-01-04 08:53:40,2016-01-04 13:57:26,2016-01-04 10:36:03,2016-01-04 13:08:32,1.833888888888889,131,3,0,2.541,1.706388888888889,0.815,17.18483536665355
2016-01-04 10:17:55,2016-01-05 15:25:03,2016-01-04 12:27:35,2016-01-05 14:45:57,1.4041666666666666,1416,5,1,26.306,2.161111111111111,0.6516666666666666,10.765604804987456
2016-01-04 11:57:27,2016-01-05 07:03:53,2016-01-04 12:42:49,2016-01-05 04:26:04,1.6588888888888889,1224,5,1,15.721,0.7561111111111111,2.6302777777777777,15.571528528719547
2016-01-04 13:44:37,2016-01-05 16:30:23,2016-01-04 13:53:13,2016-01-05 15:32:09,1.7861111111111112,4391,8,4,25.649,0.14333333333333334,0.9705555555555555,21.399469764903113
2016-01-04 19:47:25,2016-01-05 02:40:41,2016-01-04 20:14:15,2016-01-05 01:29:23,6.046666666666667,160,3,0,5.252,0.44722222222222224,1.1883333333333332,10.154861640010155
2016-01-05 01:32:34,2016-01-05 09:36:39,2016-01-05 01:57:13,2016-01-05 07:38:05,5.7525,252,3,0,5.681,0.41083333333333333,1.9761111111111112,14.786129202605176
2016-01-05 03:57:13,2016-01-05 22:37:55,2016-01-05 04:07:25,2016-01-05 20:38:02,2.410833333333333,1324,5,1,16.51,0.17,1.9980555555555555,16.038764385221075
2016-01-05 05:07:13,2016-01-06 20:06:33,2016-01-05 05:22:21,2016-01-06 19:11:16,1.1666666666666667,2282,5,2,37.815,0.25222222222222224,0.9213888888888889,12.069284675393364
2016-01-05 06:04:50,2016-01-05 12:33:47,2016-01-05 06:32:09,2016-01-05 11:48:10,0.9602777777777778,292,3,0,5.267,0.4552777777777778,0.7602777777777778,18.479843047908357
2016-01-05 09:02:36,2016-01-06 19:23:51,2016-01-05 10:03:56,2016-01-06 17:57:13,2.9627777777777777,4747,8,4,31.888,1.0222222222222221,1.443888888888889,18.60809708981435
2016-01-05 12:24:17,2016-01-05 17:01:21,2016-01-05 12:59:42,2016-01-05 16:44:09,3.361388888888889,315,4,0,3.741,0.5902777777777778,0.2866666666666667,21.050521251002404
2016-01-05 21:36:02,2016-01-06 03:51:34,2016-01-05 22:28:42,2016-01-06 03:01:54,9.195833333333333,285,3,0,4.553,0.8777777777777778,0.8277777777777777,20.865363496595652
2016-01-06 00:24:45,2016-01-06 20:11:19,2016-01-06 01:39:28,2016-01-06 19:45:24,2.8119444444444444,2699,5,2,18.099,1.2452777777777777,0.43194444444444446,29.824852201779102
2016-01-06 02:06:47,2016-01-06 09:20:33,2016-01-06 02:32:18,2016-01-06 09:14:13,1.7005555555555556,273,3,0,6.699,0.42527777777777775,0.10555555555555556,13.584117032392893
2016-01-06 02:35:14,2016-01-06 15:20:01,2016-01-06 02:52:09,2016-01-06 14:43:33,0.4741666666666667,1304,5,1,11.857,0.28194444444444444,0.6077777777777778,21.99544572826179
2016-01-06 05:52:16,2016-01-06 19:39:12,2016-01-06 07:33:04,2016-01-06 12:29:18,3.283888888888889,228,3,0,4.937,1.68,7.165,15.393963945716022
2016-01-06 06:43:21,2016-01-06 14:38:32,2016-01-06 07:14:47,2016-01-06 14:17:31,0.8513888888888889,438,3,0,7.045,0.5238888888888888,0.3502777777777778,20.72391767210788
2016-01-06 08:09:46,2016-01-06 11:47:15,2016-01-06 08:57:55,2016-01-06 11:29:50,1.4402777777777778,117,3,0,2.532,0.8025,0.2902777777777778,15.402843601895734
2016-01-06 09:51:00,2016-01-06 12:56:46,2016-01-06 10:31:40,2016-01-06 12:10:38,1.6872222222222222,114,4,0,1.649,0.6777777777777778,0.7688888888888888,17.28320194057004
2016-01-06 14:44:06,2016-01-07 04:00:31,2016-01-06 15:12:51,2016-01-07 02:40:59,4.885,1309,5,1,11.469,0.4791666666666667,1.3255555555555556,22.82675037056413
2016-01-06 16:47:32,2016-01-07 19:02:09,2016-01-06 17:04:00,2016-01-07 18:54:25,2.0572222222222223,2357,6,2,25.84,0.27444444444444444,0.1288888888888889,15.202528379772962
2016-01-06 18:58:40,2016-01-07 04:35:17,2016-01-06 19:27:25,2016-01-07 03:38:00,2.1855555555555557,319,3,0,8.176,0.4791666666666667,0.9547222222222222,13.005544683626876
2016-01-06 23:53:47,2016-01-07 02:14:05,2016-01-07 00:42:28,2016-01-07 01:31:13,4.918611111111111,27,3,0,0.812,0.8113888888888889,0.7144444444444444,11.083743842364532
2016-01-07 01:01:30,2016-01-07 18:48:30,2016-01-07 01:38:32,2016-01-07 17:54:16,1.128611111111111,2191,6,2,16.262,0.6172222222222222,0.9038888888888889,22.45521256098061
2016-01-07 02:03:54,2016-01-07 19:53:54,2016-01-07 03:46:22,2016-01-07 19:21:21,1.04,1216,5,1,15.583,1.7077777777777778,0.5425,15.60675094654431
2016-01-07 02:17:36,2016-01-08 06:35:16,2016-01-07 03:12:30,2016-01-08 06:03:55,0.22833333333333333,4307,8,4,26.857,0.915,0.5225,20.045984287150464
2016-01-07 04:02:43,2016-01-07 16:14:49,2016-01-07 04:25:34,2016-01-07 15:32:25,1.7519444444444445,1269,5,1,11.114,0.38083333333333336,0.7066666666666667,22.83606262371783
2016-01-07 06:06:51,2016-01-08 03:04:54,2016-01-07 09:04:26,2016-01-08 02:34:04,2.068888888888889,1661,5,1,17.494,2.959722222222222,0.5138888888888888,18.989367783239967
2016-01-07 08:24:02,2016-01-07 23:25:30,2016-01-07 10:13:59,2016-01-07 22:46:07,2.286388888888889,1228,6,1,12.536,1.8325,0.6563888888888889,16.326313550308445
2016-01-07 08:36:28,2016-01-07 15:40:33,2016-01-07 10:43:32,2016-01-07 14:57:50,0.20722222222222222,283,3,0,4.238,2.117777777777778,0.7119444444444445,22.258927166902623
2016-01-07 08:39:58,2016-01-07 18:30:28,2016-01-07 09:02:02,2016-01-07 17:56:10,0.058333333333333334,1099,6,1,8.902,0.36777777777777776,0.5716666666666667,20.57590054669363
2016-01-07 08:46:10,2016-01-07 16:11:07,2016-01-07 10:36:36,2016-01-07 13:37:27,0.10333333333333333,147,3,0,3.014,1.8405555555555555,2.561111111111111,16.25746516257465
2016-01-07 16:51:06,2016-01-08 06:20:27,2016-01-07 17:46:10,2016-01-08 05:17:05,8.082222222222223,1086,6,1,11.515,0.9177777777777778,1.056111111111111,15.718627876682588
2016-01-07 19:05:07,2016-01-08 12:31:53,2016-01-07 20:14:25,2016-01-08 11:30:50,2.233611111111111,1341,4,1,15.274,1.155,1.0175,21.949063768495485
2016-01-07 19:28:12,2016-01-08 05:55:04,2016-01-07 19:38:18,2016-01-08 05:08:47,0.38472222222222224,522,3,0,9.508,0.16833333333333333,0.7713888888888889,18.30037862852335
2016-01-07 19:34:28,2016-01-07 23:57:03,2016-01-07 19:40:33,2016-01-07 22:39:20,0.10444444444444445,94,3,0,2.98,0.10138888888888889,1.2952777777777778,10.51454138702461
2016-01-07 22:50:06,2016-01-08 11:02:23,2016-01-07 22:57:44,2016-01-08 10:14:55,3.2605555555555554,1433,4,1,11.287,0.1272222222222222,0.7911111111111111,31.74005493045096
2016-01-07 23:38:41,2016-01-08 16:21:44,2016-01-08 02:39:50,2016-01-08 14:42:30,0.8097222222222222,1094,5,1,12.044,3.0191666666666666,1.653888888888889,18.166722019262703
2016-01-08 05:06:10,2016-01-08 20:49:19,2016-01-08 06:49:45,2016-01-08 18:55:00,5.458055555555555,1613,6,1,12.088,1.726388888888889,1.9052777777777778,22.239686741672184
2016-01-08 08:46:00,2016-01-08 15:25:23,2016-01-08 09:30:08,2016-01-08 13:33:39,3.6638888888888888,324,4,0,4.059,0.7355555555555555,1.8622222222222222,19.955654101995563
2016-01-08 15:03:05,2016-01-08 18:31:46,2016-01-08 16:12:51,2016-01-08 18:13:32,6.284722222222222,149,3,0,2.011,1.1627777777777777,0.3038888888888889,24.69749709928725
2016-01-08 19:23:14,2016-01-08 23:46:57,2016-01-08 20:57:29,2016-01-08 22:55:16,4.335833333333333,172,3,0,1.963,1.5708333333333333,0.8613888888888889,29.206996094413313
2016-01-09 01:47:37,2016-01-09 12:20:40,2016-01-09 02:18:01,2016-01-09 11:08:43,6.4063888888888885,377,2,0,8.845,0.5066666666666667,1.1991666666666667,21.311475409836063
2016-01-09 11:33:36,2016-01-10 01:58:52,2016-01-09 11:50:25,2016-01-10 01:38:44,9.766388888888889,1242,5,1,13.805,0.2802777777777778,0.33555555555555555,17.993480622962693
2016-01-09 17:07:49,2016-01-10 04:23:41,2016-01-09 17:22:46,2016-01-10 03:41:03,5.570277777777778,1369,7,1,10.305,0.24916666666666668,0.7105555555555556,18.97830456782422
2016-01-09 19:53:47,2016-01-10 11:04:06,2016-01-09 20:47:27,2016-01-10 09:53:10,2.766111111111111,1243,5,1,13.095,0.8944444444444445,1.1822222222222223,18.984345169912178
2016-01-09 20:51:13,2016-01-10 01:10:39,2016-01-09 21:34:17,2016-01-10 00:15:40,0.9572222222222222,180,4,0,2.69,0.7177777777777777,0.9163888888888889,16.728624535315987
2016-01-10 00:03:08,2016-01-10 14:02:11,2016-01-10 00:30:28,2016-01-10 13:40:53,3.198611111111111,1077,5,1,13.174,0.45555555555555555,0.355,16.35038712615758
2016-01-10 01:39:18,2016-01-11 01:04:59,2016-01-10 02:01:13,2016-01-10 23:13:31,1.6027777777777779,1216,5,1,21.205,0.36527777777777776,1.8577777777777778,11.468993161990097
2016-01-10 04:32:54,2016-01-10 16:15:12,2016-01-10 05:17:43,2016-01-10 15:54:17,2.8933333333333335,1096,5,1,10.609,0.7469444444444444,0.3486111111111111,20.661702328211895
2016-01-10 09:01:17,2016-01-12 09:15:36,2016-01-10 09:21:22,2016-01-12 08:28:01,4.473055555555556,2288,6,2,47.111,0.3347222222222222,0.7930555555555555,8.094358713110173
2016-01-10 11:11:09,2016-01-10 17:23:03,2016-01-10 12:04:47,2016-01-10 16:56:26,2.1644444444444444,248,4,0,4.861,0.8938888888888888,0.4436111111111111,12.754577247479943
2016-01-10 12:11:43,2016-01-11 02:12:21,2016-01-10 13:25:06,2016-01-11 01:35:10,1.0094444444444444,1359,5,1,12.168,1.2230555555555556,0.6197222222222222,22.337278106508876
2016-01-10 16:40:46,2016-01-10 21:53:47,2016-01-10 16:52:44,2016-01-10 21:30:45,4.484166666666667,254,4,0,4.634,0.19944444444444445,0.3838888888888889,13.703064307293914
2016-01-10 16:57:23,2016-01-11 03:47:08,2016-01-10 17:25:24,2016-01-11 02:53:32,0.27694444444444444,1275,6,1,9.469,0.46694444444444444,0.8933333333333333,22.441651705565533
2016-01-10 20:04:09,2016-01-11 07:52:03,2016-01-10 21:03:58,2016-01-11 06:51:18,3.1127777777777776,1543,6,1,9.789,0.9969444444444444,1.0125,26.270984438315118
2016-01-10 21:38:41,2016-01-11 11:45:53,2016-01-10 22:09:04,2016-01-11 10:20:08,1.5755555555555556,1012,4,1,12.185,0.5063888888888889,1.4291666666666667,20.763233483791545
2016-01-10 23:54:02,2016-01-11 09:49:15,2016-01-11 00:12:47,2016-01-11 09:32:23,2.2558333333333334,1422,5,1,9.327,0.3125,0.2811111111111111,30.492119652621422
2016-01-11 01:05:03,2016-01-11 13:03:57,2016-01-11 02:06:04,2016-01-11 12:35:51,1.1836111111111112,1026,5,1,10.496,1.0169444444444444,0.4683333333333333,19.550304878048777
2016-01-11 01:39:26,2016-01-11 12:59:38,2016-01-11 04:02:28,2016-01-11 11:53:19,0.5730555555555555,408,3,0,7.848,2.383888888888889,1.1052777777777778,17.329255861365954
2016-01-11 06:32:40,2016-01-11 13:12:17,2016-01-11 09:07:36,2016-01-11 12:09:12,4.887222222222222,204,3,0,3.026,2.582222222222222,1.051388888888889,22.471910112359552
2016-01-11 08:27:15,2016-01-11 22:21:47,2016-01-11 09:23:21,2016-01-11 18:44:03,1.9097222222222223,450,2,0,9.345,0.935,3.628888888888889,24.07704654895666
2016-01-11 09:28:02,2016-01-12 10:08:06,2016-01-11 09:42:54,2016-01-12 09:15:45,1.0130555555555556,2340,6,2,23.548,0.2477777777777778,0.8725,16.56191608629183
2016-01-11 10:08:18,2016-01-12 12:25:51,2016-01-11 11:23:03,2016-01-12 10:26:59,0.6711111111111111,1382,4,1,23.066,1.2458333333333333,1.981111111111111,14.97875661146276
2016-01-11 10:53:47,2016-01-11 20:40:25,2016-01-11 11:20:11,2016-01-11 19:51:35,0.7580555555555556,1184,6,1,8.523,0.44,0.8138888888888889,23.1530368805976
2016-01-11 12:43:24,2016-01-12 03:54:19,2016-01-11 13:11:33,2016-01-11 21:34:57,1.8269444444444445,474,3,0,8.39,0.4691666666666667,6.322777777777778,18.831942789034564
2016-01-11 12:48:08,2016-01-11 22:28:15,2016-01-11 13:15:03,2016-01-11 21:43:20,0.07888888888888888,609,3,0,8.471,0.4486111111111111,0.7486111111111111,23.964112855625075
2016-01-11 13:34:07,2016-01-11 18:56:46,2016-01-11 15:55:55,2016-01-11 17:47:55,0.7663888888888889,226,4,0,1.867,2.3633333333333333,1.1475,30.262453133369043
2016-01-11 16:36:03,2016-01-11 21:16:55,2016-01-11 17:05:36,2016-01-11 19:59:58,3.0322222222222224,223,3,0,2.906,0.4925,1.2825,25.57926129846295
2016-01-11 17:08:39,2016-01-12 11:09:50,2016-01-11 17:26:15,2016-01-12 09:49:48,0.5433333333333333,2374,6,2,16.392,0.29333333333333333,1.333888888888889,24.137790792256386
2016-01-11 17:34:41,2016-01-12 18:03:08,2016-01-11 20:39:31,2016-01-12 17:09:39,0.4338888888888889,1617,4,1,20.502,3.0805555555555557,0.8913888888888889,19.717588527948493
2016-01-11 18:21:40,2016-01-12 15:00:21,2016-01-11 18:44:34,2016-01-12 13:28:38,0.7830555555555555,557,2,0,18.735,0.38166666666666665,1.5286111111111111,14.86522551374433
2016-01-11 21:18:32,2016-01-12 11:38:35,2016-01-11 21:46:47,2016-01-12 10:40:38,2.9477777777777776,286,2,0,12.898,0.4708333333333333,0.9658333333333333,11.086990231043574
2016-01-12 03:24:37,2016-01-12 19:48:14,2016-01-12 03:37:09,2016-01-12 18:58:30,6.101388888888889,1245,5,1,15.356,0.2088888888888889,0.8288888888888889,16.21516019796822
2016-01-12 04:53:03,2016-01-12 14:56:10,2016-01-12 05:20:46,2016-01-12 14:01:11,1.4738888888888888,1205,6,1,8.674,0.46194444444444444,0.9163888888888889,23.15348551225886
2016-01-12 07:59:24,2016-01-12 19:40:50,2016-01-12 08:56:47,2016-01-12 16:15:02,3.1058333333333334,420,3,0,7.304,0.9563888888888888,3.43,19.167579408543265
2016-01-12 08:46:07,2016-01-12 12:59:35,2016-01-12 09:23:39,2016-01-12 12:02:30,0.7786111111111111,234,3,0,2.647,0.6255555555555555,0.9513888888888888,29.46732149603325
2016-01-12 10:49:27,2016-01-12 23:50:52,2016-01-12 12:02:30,2016-01-12 23:37:46,2.0555555555555554,375,2,0,11.588,1.2175,0.21833333333333332,16.180531584397652
2016-01-12 12:42:22,2016-01-13 10:56:58,2016-01-12 13:53:30,2016-01-13 10:29:57,1.8819444444444444,3172,7,3,20.608,1.1855555555555555,0.4502777777777778,21.98868677905945
2016-01-12 17:38:50,2016-01-14 06:47:40,2016-01-12 19:18:19,2016-01-14 06:02:21,4.941111111111111,3579,7,3,34.734,1.6580555555555556,0.7552777777777778,14.720035535374972
2016-01-12 18:10:53,2016-01-13 10:05:25,2016-01-12 19:41:43,2016-01-13 09:44:19,0.5341666666666667,2194,6,2,14.043,1.5138888888888888,0.3516666666666667,26.03907047402027
2016-01-12 19:13:02,2016-01-12 22:54:04,2016-01-12 19:45:16,2016-01-12 22:20:59,1.0358333333333334,204,3,0,2.595,0.5372222222222223,0.5513888888888889,26.204238921001927
2016-01-12 21:48:06,2016-01-13 16:31:47,2016-01-12 21:56:55,2016-01-13 15:49:56,2.5844444444444443,2648,7,2,17.884,0.14694444444444443,0.6975,21.15218711058568
2016-01-12 23:52:17,2016-01-13 09:51:30,2016-01-13 01:02:38,2016-01-13 07:21:04,2.069722222222222,278,2,0,6.307,1.1725,2.507222222222222,22.039004280957666
2016-01-13 01:38:28,2016-01-13 14:28:04,2016-01-13 02:04:02,2016-01-13 12:49:20,1.7697222222222222,1159,5,1,10.755,0.4261111111111111,1.6455555555555557,21.552766155276615
2016-01-13 04:22:02,2016-01-13 11:11:01,2016-01-13 04:57:56,2016-01-13 10:44:49,2.726111111111111,497,4,0,5.781,0.5983333333333334,0.43666666666666665,21.492821311191836
2016-01-13 05:24:41,2016-01-13 20:26:29,2016-01-13 05:53:27,2016-01-13 20:08:19,1.0441666666666667,1293,5,1,14.248,0.47944444444444445,0.30277777777777776,18.149915777653007
2016-01-13 10:10:05,2016-01-14 19:59:16,2016-01-13 10:31:20,2016-01-14 18:45:40,4.756666666666667,2619,4,2,32.239,0.3541666666666667,1.2266666666666666,20.309252768386116
2016-01-13 12:03:51,2016-01-13 14:51:03,2016-01-13 12:13:41,2016-01-13 14:16:18,1.896111111111111,102,4,0,2.044,0.1638888888888889,0.5791666666666667,12.475538160469666
2016-01-13 14:31:09,2016-01-14 13:10:05,2016-01-13 14:55:16,2016-01-14 11:47:24,2.455,587,2,0,20.869,0.40194444444444444,1.3780555555555556,14.063922564569458
2016-01-13 14:55:59,2016-01-14 11:14:42,2016-01-13 16:23:44,2016-01-14 10:13:24,0.41388888888888886,2157,6,2,17.828,1.4625,1.0216666666666667,20.16490913170294
2016-01-13 15:46:19,2016-01-14 17:09:44,2016-01-13 19:26:05,2016-01-14 17:00:09,0.8388888888888889,1513,5,1,21.568,3.662777777777778,0.1597222222222222,14.030044510385757
2016-01-13 18:32:32,2016-01-14 05:45:04,2016-01-13 18:56:49,2016-01-14 04:15:11,2.770277777777778,1178,6,1,9.306,0.4047222222222222,1.4980555555555555,21.097499820904076
2016-01-13 18:50:18,2016-01-14 13:30:22,2016-01-13 20:29:22,2016-01-14 12:23:12,0.2961111111111111,2483,6,2,15.897,1.6511111111111112,1.1194444444444445,26.032165398083496
2016-01-13 19:04:59,2016-01-14 11:39:26,2016-01-13 20:00:51,2016-01-14 09:29:38,0.24472222222222223,1410,5,1,13.48,0.9311111111111111,2.1633333333333336,20.91988130563798
2016-01-13 20:45:07,2016-01-14 00:21:15,2016-01-13 21:07:59,2016-01-13 22:40:06,1.6688888888888889,103,4,0,1.535,0.3811111111111111,1.6858333333333333,16.775244299674267
2016-01-13 21:32:58,2016-01-14 11:37:18,2016-01-13 22:34:06,2016-01-14 10:59:46,0.7975,474,2,0,12.428,1.018888888888889,0.6255555555555555,19.069842291599613
2016-01-13 22:38:26,2016-01-14 19:35:00,2016-01-13 23:27:55,2016-01-14 19:07:11,1.0911111111111111,1467,5,1,19.654,0.8247222222222222,0.4636111111111111,14.928258878599777
2016-01-14 01:08:48,2016-01-16 17:19:24,2016-01-14 01:58:22,2016-01-16 16:03:30,2.506111111111111,6755,9,6,62.085,0.8261111111111111,1.265,12.089160917380294
2016-01-14 02:07:17,2016-01-14 23:00:31,2016-01-14 02:28:11,2016-01-14 22:07:34,0.9747222222222223,2325,5,2,19.656,0.34833333333333333,0.8825,23.656898656898658
2016-01-14 04:17:43,2016-01-15 05:56:24,2016-01-14 08:53:00,2016-01-15 05:25:03,2.173888888888889,3106,7,3,20.534,4.588055555555556,0.5225,21.60876038347549
2016-01-14 04:24:09,2016-01-14 10:33:06,2016-01-14 05:25:14,2016-01-14 09:26:14,0.10722222222222222,260,3,0,4.017,1.0180555555555555,1.1144444444444443,21.574973031283708
2016-01-14 07:36:31,2016-01-14 14:49:58,2016-01-14 08:40:56,2016-01-14 14:23:06,3.206111111111111,299,3,0,5.703,1.073611111111111,0.4477777777777778,17.47618212636624
2016-01-14 11:34:43,2016-01-14 17:58:16,2016-01-14 14:51:15,2016-01-14 16:51:09,3.97,150,4,0,1.998,3.2755555555555556,1.118611111111111,18.76876876876877
2016-01-14 13:33:10,2016-01-15 11:04:05,2016-01-14 14:02:40,2016-01-15 10:20:58,1.9741666666666666,2394,6,2,20.305,0.49166666666666664,0.7186111111111111,19.650332430435853
2016-01-14 16:45:37,2016-01-15 08:34:30,2016-01-14 17:29:14,2016-01-15 02:15:12,3.2075,419,2,0,8.766,0.7269444444444444,6.321666666666666,23.899155829340636
2016-01-14 18:43:52,2016-01-15 08:26:56,2016-01-14 19:33:18,2016-01-15 07:16:13,1.9708333333333334,1391,5,1,11.715,0.8238888888888889,1.178611111111111,23.747332479726843
2016-01-14 23:36:04,2016-01-16 05:04:37,2016-01-14 23:50:44,2016-01-16 03:42:52,4.87,3154,7,3,27.869,0.24444444444444444,1.3625,16.1674774326825
2016-01-15 07:00:08,2016-01-15 19:17:22,2016-01-15 07:08:07,2016-01-15 19:02:10,7.401111111111111,2285,6,2,11.901,0.13305555555555557,0.25333333333333335,32.000112035403184
2016-01-15 15:38:07,2016-01-15 22:14:17,2016-01-15 16:05:32,2016-01-15 21:18:30,8.633055555555556,371,3,0,5.216,0.45694444444444443,0.9297222222222222,23.709100204498977
2016-01-15 17:11:26,2016-01-16 08:47:14,2016-01-15 17:58:10,2016-01-16 05:33:56,1.5552777777777778,643,4,0,11.596,0.7788888888888889,3.2216666666666667,13.862538806484995
2016-01-15 17:29:50,2016-01-16 14:46:58,2016-01-15 18:01:31,2016-01-16 14:03:51,0.30666666666666664,3248,7,3,20.039,0.5280555555555555,0.7186111111111111,23.15484804630969
2016-01-15 23:03:45,2016-01-16 05:36:56,2016-01-15 23:27:25,2016-01-16 04:45:10,5.565277777777778,263,3,0,5.296,0.39444444444444443,0.8627777777777778,16.553373615307148
2016-01-15 23:39:34,2016-01-17 03:45:08,2016-01-16 00:13:35,2016-01-17 03:00:12,0.5969444444444445,3695,7,3,26.777,0.5669444444444445,0.7488888888888889,19.71307998868965
2016-01-16 01:14:57,2016-01-16 06:12:33,2016-01-16 01:46:58,2016-01-16 05:10:29,1.5897222222222223,132,2,0,3.392,0.5336111111111111,1.0344444444444445,19.45754716981132
2016-01-16 03:57:35,2016-01-16 12:01:32,2016-01-16 05:36:34,2016-01-16 10:17:12,2.7105555555555556,427,3,0,4.677,1.6497222222222223,1.738888888888889,30.432613498681494
2016-01-16 04:38:29,2016-01-16 19:00:35,2016-01-16 05:29:39,2016-01-16 18:10:26,0.6816666666666666,1159,5,1,12.68,0.8527777777777777,0.8358333333333333,18.2807570977918
2016-01-16 06:05:28,2016-01-17 16:25:57,2016-01-16 06:09:39,2016-01-17 16:00:57,1.4497222222222221,2574,6,2,33.855,0.06972222222222223,0.4166666666666667,12.671688081524147
2016-01-16 06:23:18,2016-01-16 15:08:44,2016-01-16 07:08:15,2016-01-16 14:21:30,0.2972222222222222,1031,5,1,7.221,0.7491666666666666,0.7872222222222223,28.55560171721368
2016-01-16 08:20:23,2016-01-17 05:40:04,2016-01-16 08:39:30,2016-01-17 05:09:58,1.9513888888888888,2042,5,2,20.508,0.3186111111111111,0.5016666666666667,19.914179832260583
2016-01-16 09:51:17,2016-01-16 16:44:49,2016-01-16 10:34:23,2016-01-16 15:28:31,1.515,331,4,0,4.902,0.7183333333333334,1.2716666666666667,16.880864953080376
2016-01-16 12:46:25,2016-01-17 06:24:12,2016-01-16 13:30:50,2016-01-17 05:51:50,2.918888888888889,1454,4,1,16.35,0.7402777777777778,0.5394444444444444,22.23241590214067
2016-01-16 14:53:07,2016-01-16 18:44:09,2016-01-16 16:01:47,2016-01-16 17:18:36,2.111666666666667,124,4,0,1.28,1.1444444444444444,1.4258333333333333,24.21875
2016-01-16 15:01:29,2016-01-17 00:30:00,2016-01-16 16:11:05,2016-01-16 23:02:44,0.13944444444444445,244,2,0,6.861,1.16,1.4544444444444444,17.781664480396444
2016-01-16 16:53:15,2016-01-17 05:56:48,2016-01-16 17:35:13,2016-01-17 03:45:00,1.8627777777777779,1234,5,1,10.163,0.6994444444444444,2.1966666666666668,24.284168060612025
2016-01-16 20:32:43,2016-01-19 19:10:32,2016-01-16 21:00:42,2016-01-19 17:13:08,3.6577777777777776,1299,5,1,68.207,0.4663888888888889,1.9566666666666668,3.8089932118404275
2016-01-16 22:02:11,2016-01-17 22:24:07,2016-01-16 22:14:15,2016-01-17 21:03:08,1.491111111111111,711,3,0,22.815,0.2011111111111111,1.3497222222222223,10.387902695595002
2016-01-16 22:29:12,2016-01-18 01:22:56,2016-01-16 23:08:51,2016-01-18 00:12:30,0.4502777777777778,3442,7,3,25.061,0.6608333333333334,1.173888888888889,19.620696928066945
2016-01-17 00:19:29,2016-01-17 13:20:27,2016-01-17 00:42:05,2016-01-17 12:45:19,1.8380555555555556,1535,5,1,12.054,0.37666666666666665,0.5855555555555556,25.46872407499585
2016-01-17 00:56:45,2016-01-18 08:51:45,2016-01-17 02:39:48,2016-01-18 07:29:35,0.6211111111111111,2437,5,2,28.83,1.7175,1.3694444444444445,16.906000693721822
2016-01-17 02:04:50,2016-01-17 10:24:03,2016-01-17 02:38:54,2016-01-17 08:23:27,1.1347222222222222,413,4,0,5.742,0.5677777777777778,2.01,17.98153953326367
2016-01-17 04:47:45,2016-01-18 10:15:59,2016-01-17 05:33:37,2016-01-18 09:54:02,2.7152777777777777,2696,5,2,28.34,0.7644444444444445,0.36583333333333334,19.026111503175724
2016-01-17 06:29:09,2016-01-17 14:39:56,2016-01-17 07:11:29,2016-01-17 12:58:59,1.69,296,3,0,5.792,0.7055555555555556,1.6825,17.03499079189687
2016-01-17 08:11:55,2016-01-17 19:37:00,2016-01-17 08:30:03,2016-01-17 19:08:20,1.7127777777777777,1331,5,1,10.638,0.3022222222222222,0.4777777777777778,25.023500658018424
2016-01-17 16:10:13,2016-01-17 18:48:17,2016-01-17 16:37:45,2016-01-17 17:20:14,7.971666666666667,41,4,0,0.708,0.4588888888888889,1.4675,14.477401129943503
2016-01-17 21:16:53,2016-01-18 17:43:55,2016-01-17 21:49:50,2016-01-18 17:17:36,5.111111111111111,1285,5,1,19.463,0.5491666666666667,0.4386111111111111,13.204541951394955
2016-01-17 23:01:37,2016-01-18 11:02:55,2016-01-17 23:24:46,2016-01-18 10:10:46,1.7455555555555555,2187,7,2,10.767,0.3858333333333333,0.8691666666666666,29.017235202802212
2016-01-18 02:22:23,2016-01-18 14:36:22,2016-01-18 02:37:50,2016-01-18 13:51:59,3.346111111111111,1325,6,1,11.236,0.2575,0.7397222222222222,19.654088050314467
2016-01-18 03:58:15,2016-01-18 11:20:24,2016-01-18 04:45:29,2016-01-18 09:44:37,1.5977777777777777,336,3,0,4.985,0.7872222222222223,1.5963888888888889,22.467402206619855
2016-01-18 05:25:16,2016-01-18 14:49:43,2016-01-18 05:51:08,2016-01-18 14:24:51,1.4502777777777778,294,2,0,8.562,0.4311111111111111,0.41444444444444445,17.16888577435179
2016-01-18 06:12:40,2016-01-18 15:25:43,2016-01-18 06:25:20,2016-01-18 14:55:24,0.79,495,3,0,8.501,0.2111111111111111,0.5052777777777778,19.40948123750147
2016-01-18 07:40:23,2016-01-19 14:47:00,2016-01-18 07:58:52,2016-01-19 13:43:27,1.4619444444444445,5453,8,5,29.743,0.3080555555555556,1.0591666666666666,22.917156978112498
2016-01-18 08:16:56,2016-01-18 14:58:05,2016-01-18 10:50:40,2016-01-18 14:01:10,0.6091666666666666,74,2,0,3.175,2.562222222222222,0.9486111111111111,11.653543307086615
2016-01-18 08:18:59,2016-01-18 14:57:42,2016-01-18 10:56:28,2016-01-18 13:59:41,0.034166666666666665,212,3,0,3.053,2.624722222222222,0.9669444444444445,23.146631728354627
2016-01-18 08:24:13,2016-01-18 14:28:47,2016-01-18 09:21:27,2016-01-18 13:48:58,0.08722222222222223,450,4,0,4.459,0.9538888888888889,0.6636111111111112,25.22987216864768
2016-01-18 08:50:57,2016-01-18 23:13:38,2016-01-18 09:12:24,2016-01-18 22:34:30,0.44555555555555554,1328,6,1,13.368,0.3575,0.6522222222222223,16.556951924995012
2016-01-18 10:18:49,2016-01-18 13:05:00,2016-01-18 10:26:12,2016-01-18 12:35:19,1.4644444444444444,147,3,0,2.152,0.12305555555555556,0.49472222222222223,22.769516728624534
2016-01-18 11:16:09,2016-01-19 00:56:48,2016-01-18 11:40:30,2016-01-19 00:19:37,0.9555555555555556,1277,5,1,12.652,0.4058333333333333,0.6197222222222222,20.186531773632627
2016-01-18 13:23:33,2016-01-19 05:10:04,2016-01-18 13:37:26,2016-01-19 04:23:26,2.1233333333333335,1238,6,1,14.767,0.2313888888888889,0.7772222222222223,13.972596555382497
2016-01-18 14:14:56,2016-01-19 10:15:07,2016-01-18 15:31:48,2016-01-19 09:48:54,0.8563888888888889,2182,6,2,18.285,1.281111111111111,0.43694444444444447,19.888797739495033
2016-01-18 22:54:07,2016-01-19 00:45:11,2016-01-18 23:16:56,2016-01-18 23:49:56,8.653055555555556,47,3,0,0.55,0.38027777777777777,0.9208333333333333,28.48484848484848
2016-01-19 00:33:56,2016-01-19 10:37:56,2016-01-19 01:13:46,2016-01-19 09:44:15,1.6636111111111112,313,2,0,8.508,0.6638888888888889,0.8947222222222222,18.394452280206867
2016-01-19 04:37:36,2016-01-20 08:03:58,2016-01-19 06:11:07,2016-01-20 07:42:17,4.061111111111111,1184,5,1,25.52,1.5586111111111112,0.36138888888888887,9.278996865203762
2016-01-19 05:27:38,2016-01-21 05:38:35,2016-01-19 07:13:01,2016-01-21 04:32:26,0.8338888888888889,7300,10,6,45.324,1.756388888888889,1.1025,16.106257170593945
2016-01-19 05:45:18,2016-01-20 04:07:50,2016-01-19 06:06:48,2016-01-20 03:12:08,0.29444444444444445,1207,4,1,21.089,0.35833333333333334,0.9283333333333333,14.308407226516195
2016-01-19 05:49:25,2016-01-19 10:32:59,2016-01-19 06:18:21,2016-01-19 09:27:08,0.06861111111111111,146,3,0,3.146,0.4822222222222222,1.0975,15.469379105742744
2016-01-19 09:00:12,2016-01-19 17:47:02,2016-01-19 10:07:42,2016-01-19 16:46:23,3.1797222222222223,307,3,0,6.645,1.125,1.0108333333333333,15.400050163029848
2016-01-19 13:58:35,2016-01-20 06:56:53,2016-01-19 14:49:23,2016-01-20 05:26:04,4.973055555555556,2120,7,2,14.611,0.8466666666666667,1.513611111111111,20.72802291815364
2016-01-19 22:58:55,2016-01-20 07:51:04,2016-01-19 23:35:19,2016-01-20 06:55:46,9.005555555555556,512,4,0,7.341,0.6066666666666667,0.9216666666666666,17.43631657812287
2016-01-19 23:35:45,2016-01-20 10:41:07,2016-01-20 00:06:31,2016-01-20 10:30:35,0.6138888888888889,1160,5,1,10.401,0.5127777777777778,0.17555555555555555,22.305547543505433
2016-01-20 00:04:07,2016-01-21 11:35:05,2016-01-20 00:10:46,2016-01-21 11:03:43,0.4727777777777778,2670,5,2,34.882,0.11083333333333334,0.5227777777777778,15.308755231924776
2016-01-20 01:53:35,2016-01-20 23:18:34,2016-01-20 04:35:52,2016-01-20 17:59:18,1.8244444444444445,1403,5,1,13.391,2.7047222222222222,5.321111111111111,20.954372339631096
2016-01-20 04:33:49,2016-01-20 18:59:17,2016-01-20 04:54:10,2016-01-20 16:54:20,2.6705555555555556,1415,5,1,12.003,0.33916666666666667,2.0825,23.577438973589935
2016-01-20 09:19:22,2016-01-21 00:19:34,2016-01-20 10:18:12,2016-01-20 23:48:51,4.759166666666666,2383,6,2,13.511,0.9805555555555555,0.5119444444444444,29.395800952310463
2016-01-20 09:48:11,2016-01-20 19:44:37,2016-01-20 11:58:03,2016-01-20 19:07:15,0.4802777777777778,221,2,0,7.153,2.1644444444444444,0.6227777777777778,15.448063749475745
2016-01-20 11:39:37,2016-01-21 20:46:58,2016-01-20 12:19:03,2016-01-21 18:18:37,1.8572222222222223,4456,8,4,29.993,0.6572222222222223,2.4725,18.570999899976663
2016-01-20 12:19:23,2016-01-21 04:52:08,2016-01-20 13:01:55,2016-01-21 04:20:05,0.6627777777777778,1428,5,1,15.303,0.7088888888888889,0.5341666666666667,18.66300725347971
2016-01-20 15:34:14,2016-01-20 22:55:58,2016-01-20 17:59:17,2016-01-20 22:10:07,3.2475,368,4,0,4.18,2.4175,0.7641666666666667,22.00956937799043
2016-01-21 00:33:35,2016-01-21 07:40:32,2016-01-21 02:21:24,2016-01-21 06:56:23,8.989166666666666,252,3,0,4.583,1.7969444444444445,0.7358333333333333,18.3286057167794
2016-01-21 00:56:23,2016-01-21 18:36:15,2016-01-21 01:40:56,2016-01-21 17:39:32,0.38,2241,6,2,15.977,0.7425,0.9452777777777778,23.377354947737373
2016-01-21 06:52:48,2016-01-21 11:34:23,2016-01-21 07:03:00,2016-01-21 11:06:32,5.940277777777778,250,3,0,4.059,0.17,0.46416666666666667,20.530508335386386
2016-01-21 07:01:07,2016-01-21 22:34:49,2016-01-21 07:09:04,2016-01-21 19:18:34,0.1386111111111111,1454,5,1,12.158,0.1325,3.2708333333333335,23.91840763283435
2016-01-21 09:18:49,2016-01-21 16:53:52,2016-01-21 09:38:12,2016-01-21 15:15:30,2.295,360,3,0,5.622,0.32305555555555554,1.6394444444444445,21.344717182497334
2016-01-21 09:35:12,2016-01-21 20:32:40,2016-01-21 09:56:29,2016-01-21 19:29:49,0.27305555555555555,385,3,0,9.556,0.3547222222222222,1.0475,13.429607925212782
2016-01-21 12:36:31,2016-01-22 14:30:36,2016-01-21 13:07:58,2016-01-22 13:43:41,3.0219444444444443,2608,5,2,24.595,0.5241666666666667,0.7819444444444444,21.207562512705834
2016-01-21 13:04:47,2016-01-21 18:16:04,2016-01-21 13:43:10,2016-01-21 17:33:00,0.4711111111111111,105,3,0,3.831,0.6397222222222222,0.7177777777777777,9.135995823544766
2016-01-21 15:41:57,2016-01-22 09:08:21,2016-01-21 16:02:14,2016-01-22 08:11:16,2.6194444444444445,2041,5,2,16.151,0.33805555555555555,0.9513888888888888,25.273976843539103
2016-01-21 15:48:50,2016-01-21 23:09:19,2016-01-21 17:57:59,2016-01-21 22:51:42,0.11472222222222223,208,3,0,4.895,2.1525,0.2936111111111111,14.164113040517536
2016-01-21 22:53:10,2016-01-22 11:43:59,2016-01-21 23:36:26,2016-01-22 11:19:02,7.072222222222222,1242,5,1,11.71,0.7211111111111111,0.41583333333333333,21.21263877028181
2016-01-21 23:42:53,2016-01-22 05:45:55,2016-01-22 00:21:38,2016-01-22 05:26:24,0.8286111111111111,214,2,0,5.079,0.6458333333333334,0.3252777777777778,21.067139200630045
2016-01-22 03:59:41,2016-01-22 15:20:14,2016-01-22 04:24:46,2016-01-22 14:39:09,4.28,1195,6,1,10.24,0.41805555555555557,0.6847222222222222,19.449869791666668
2016-01-22 08:41:41,2016-01-23 00:52:01,2016-01-22 08:55:44,2016-01-22 23:44:30,4.7,1285,5,1,14.813,0.23416666666666666,1.1252777777777778,17.349625329102814
2016-01-22 09:02:37,2016-01-22 19:08:01,2016-01-22 09:17:03,2016-01-22 18:01:38,0.3488888888888889,1288,6,1,8.743,0.24055555555555555,1.1063888888888889,24.55297571390446
2016-01-22 09:42:16,2016-01-23 08:41:13,2016-01-22 09:53:18,2016-01-23 07:46:26,0.6608333333333334,2552,5,2,21.886,0.18388888888888888,0.9130555555555555,23.3208443753998
2016-01-22 10:24:51,2016-01-22 20:42:01,2016-01-22 10:38:40,2016-01-22 17:15:52,0.7097222222222223,306,3,0,6.62,0.23027777777777778,3.4358333333333335,15.40785498489426
2016-01-22 10:44:28,2016-01-22 21:06:55,2016-01-22 12:46:24,2016-01-22 20:13:49,0.3269444444444444,365,2,0,7.457,2.0322222222222224,0.885,24.473648920477405
2016-01-22 14:15:02,2016-01-22 17:09:20,2016-01-22 14:29:22,2016-01-22 16:34:20,3.5094444444444446,155,3,0,2.083,0.2388888888888889,0.5833333333333334,24.803968634981594
2016-01-22 20:50:50,2016-01-23 08:02:25,2016-01-22 22:13:59,2016-01-23 07:52:58,6.596666666666667,1252,6,1,9.65,1.3858333333333333,0.1575,21.623488773747837
2016-01-22 20:58:45,2016-01-23 05:51:00,2016-01-22 21:16:34,2016-01-23 04:44:37,0.13194444444444445,444,4,0,7.467,0.29694444444444446,1.1063888888888889,14.865407794294898
2016-01-22 22:55:11,2016-01-24 20:22:08,2016-01-23 00:12:56,2016-01-24 19:36:17,1.9405555555555556,4449,7,4,43.389,1.2958333333333334,0.7641666666666667,14.6482156438597
2016-01-22 23:13:09,2016-01-23 17:19:08,2016-01-22 23:18:26,2016-01-23 15:18:46,0.29944444444444446,1309,4,1,16.006,0.08805555555555555,2.006111111111111,20.445457953267525
2016-01-22 23:18:33,2016-01-23 16:55:27,2016-01-22 23:29:43,2016-01-23 15:39:34,0.09,2066,6,2,16.164,0.18611111111111112,1.2647222222222223,21.30248288377464
2016-01-23 01:19:50,2016-01-23 14:06:08,2016-01-23 02:28:40,2016-01-23 13:15:31,2.0213888888888887,1245,5,1,10.781,1.1472222222222221,0.8436111111111111,23.09618773768667
2016-01-23 06:22:15,2016-01-23 11:46:13,2016-01-23 06:43:48,2016-01-23 11:22:58,5.040277777777778,246,3,0,4.653,0.3591666666666667,0.3875,17.623038899634643
2016-01-23 07:54:27,2016-01-23 18:59:46,2016-01-23 08:32:49,2016-01-23 18:39:19,1.5366666666666666,292,2,0,10.108,0.6394444444444445,0.3408333333333333,14.444004748713889
2016-01-23 08:02:41,2016-01-23 22:02:18,2016-01-23 09:25:45,2016-01-23 21:19:20,0.13722222222222222,1035,5,1,11.893,1.3844444444444444,0.7161111111111111,17.40519633397797
2016-01-23 08:22:46,2016-01-23 18:59:04,2016-01-23 08:48:15,2016-01-23 17:10:40,0.3347222222222222,1262,6,1,8.374,0.4247222222222222,1.8066666666666666,25.117426956452512
2016-01-23 08:25:58,2016-01-23 13:03:54,2016-01-23 08:52:28,2016-01-23 12:39:18,0.05333333333333334,257,3,0,3.78,0.44166666666666665,0.41,22.663139329805997
2016-01-23 10:09:36,2016-01-24 01:09:28,2016-01-23 10:55:36,2016-01-24 00:19:13,1.7272222222222222,2417,7,2,13.394,0.7666666666666667,0.8375,25.779133513940145
2016-01-23 10:34:40,2016-01-23 11:46:48,2016-01-23 10:52:21,2016-01-23 11:20:48,0.4177777777777778,26,2,0,0.474,0.2947222222222222,0.43333333333333335,27.426160337552744
2016-01-23 11:42:52,2016-01-23 18:08:45,2016-01-23 11:48:38,2016-01-23 17:19:12,1.1366666666666667,320,4,0,5.509,0.0961111111111111,0.8258333333333333,14.52169177709203
2016-01-23 13:14:37,2016-01-24 03:42:06,2016-01-23 14:08:32,2016-01-24 02:53:15,1.5291666666666666,1555,6,1,12.745,0.8986111111111111,0.8141666666666667,20.33477180593697
2016-01-23 18:59:01,2016-01-25 00:11:54,2016-01-23 19:28:32,2016-01-24 20:29:11,5.74,4183,8,4,25.011,0.49194444444444446,3.7119444444444443,20.90580144736316
2016-01-24 01:26:51,2016-01-25 08:00:52,2016-01-24 01:57:05,2016-01-25 07:14:20,6.463888888888889,3320,7,3,29.287,0.5038888888888889,0.7755555555555556,16.194410977079055
2016-01-24 01:32:55,2016-01-25 02:49:32,2016-01-24 01:40:05,2016-01-25 02:17:45,0.10111111111111111,1383,4,1,24.628,0.11944444444444445,0.5297222222222222,14.038898814357642
2016-01-24 06:08:20,2016-01-25 03:11:14,2016-01-24 06:26:04,2016-01-24 23:12:02,4.590277777777778,1235,5,1,16.766,0.29555555555555557,3.986666666666667,14.732196111177386
2016-01-24 06:09:40,2016-01-25 01:30:02,2016-01-24 06:53:37,2016-01-25 00:03:02,0.022222222222222223,2540,7,2,17.157,0.7325,1.45,21.14921856135355
2016-01-24 08:14:26,2016-01-24 14:48:56,2016-01-24 09:05:56,2016-01-24 14:05:26,2.0794444444444444,246,3,0,4.992,0.8583333333333333,0.725,16.42628205128205
2016-01-24 10:52:25,2016-01-24 16:27:58,2016-01-24 11:25:56,2016-01-24 13:50:34,2.6330555555555555,164,3,0,2.41,0.5586111111111111,2.6233333333333335,22.683264177040108
2016-01-24 11:13:17,2016-01-24 18:13:04,2016-01-24 11:57:16,2016-01-24 17:17:25,0.3477777777777778,249,3,0,5.336,0.7330555555555556,0.9275,15.554722638680657
2016-01-24 14:12:45,2016-01-25 19:19:57,2016-01-24 15:14:20,2016-01-25 18:05:05,2.991111111111111,2246,7,2,26.846,1.0263888888888888,1.2477777777777779,11.951767222571068
2016-01-24 15:57:13,2016-01-25 10:14:15,2016-01-24 16:51:26,2016-01-25 09:01:23,1.741111111111111,2540,6,2,16.166,0.9036111111111111,1.2144444444444444,26.186646872035958
2016-01-24 17:08:13,2016-01-25 09:23:36,2016-01-24 17:21:59,2016-01-25 08:51:55,1.1833333333333333,1220,5,1,15.499,0.22944444444444445,0.5280555555555555,15.742951158139235
2016-01-24 20:05:36,2016-01-25 10:14:31,2016-01-24 20:57:23,2016-01-25 09:27:51,2.9563888888888887,1443,6,1,12.508,0.8630555555555556,0.7777777777777778,19.227694275663573
2016-01-24 20:31:26,2016-01-25 10:27:35,2016-01-24 21:20:22,2016-01-25 09:49:13,0.4305555555555556,1143,5,1,12.481,0.8155555555555556,0.6394444444444445,18.315840076916913
2016-01-25 00:48:10,2016-01-25 10:20:33,2016-01-25 02:15:11,2016-01-25 08:58:00,4.278888888888889,317,3,0,6.714,1.4502777777777778,1.3758333333333332,15.738258365604208
2016-01-25 01:21:22,2016-01-25 06:55:54,2016-01-25 02:18:05,2016-01-25 06:25:41,0.5533333333333333,240,3,0,4.127,0.9452777777777778,0.5036111111111111,19.38454082868912
2016-01-25 05:27:50,2016-01-26 12:32:18,2016-01-25 06:00:13,2016-01-26 11:27:53,4.107777777777778,2117,6,2,29.461,0.5397222222222222,1.073611111111111,11.976285032189448
2016-01-25 06:59:26,2016-01-26 01:20:40,2016-01-25 08:13:21,2016-01-26 00:57:47,1.5266666666666666,1392,4,1,16.741,1.2319444444444445,0.3813888888888889,20.787288692431755
2016-01-25 08:20:51,2016-01-25 22:13:25,2016-01-25 09:38:53,2016-01-25 20:46:01,1.3569444444444445,1235,5,1,11.119,1.3005555555555555,1.4566666666666668,22.214227898192284
2016-01-25 08:36:26,2016-01-26 02:15:35,2016-01-25 09:26:39,2016-01-26 00:58:33,0.25972222222222224,1242,5,1,15.532,0.8369444444444445,1.2838888888888889,15.992789080607778
2016-01-25 10:08:53,2016-01-25 22:10:32,2016-01-25 10:22:05,2016-01-25 20:54:07,1.5408333333333333,607,3,0,10.534,0.22,1.273611111111111,19.207645085754063
2016-01-25 14:24:09,2016-01-26 14:00:52,2016-01-25 15:06:30,2016-01-26 11:40:34,4.254444444444444,3250,8,3,20.568,0.7058333333333333,2.3383333333333334,19.75155581485803
2016-01-25 18:23:58,2016-01-26 08:50:56,2016-01-25 18:55:56,2016-01-26 08:27:37,3.9969444444444444,1579,5,1,13.528,0.5327777777777778,0.38861111111111113,23.344175044352454
2016-01-25 21:35:06,2016-01-26 19:28:22,2016-01-26 00:07:17,2016-01-26 18:48:20,3.1855555555555557,2433,6,2,18.684,2.536388888888889,0.6672222222222223,21.703061442945835
2016-01-26 01:34:57,2016-01-26 09:28:05,2016-01-26 02:28:05,2016-01-26 08:58:00,3.9975,710,4,0,6.499,0.8855555555555555,0.5013888888888889,27.311894137559626
2016-01-26 06:41:05,2016-01-27 13:13:08,2016-01-26 07:47:53,2016-01-27 12:47:10,5.102222222222222,2480,6,2,28.988,1.1133333333333333,0.43277777777777776,14.25877374545789
2016-01-26 09:55:54,2016-01-26 19:58:08,2016-01-26 11:46:59,2016-01-26 18:54:45,3.2469444444444444,1273,6,1,7.13,1.851388888888889,1.0563888888888888,29.75689574567555
2016-01-26 14:01:40,2016-01-26 19:16:32,2016-01-26 14:38:54,2016-01-26 17:50:08,4.096111111111111,122,4,0,3.187,0.6205555555555555,1.44,9.570128647631002
2016-01-26 15:48:58,2016-01-26 23:08:00,2016-01-26 16:50:02,2016-01-26 22:38:03,1.7883333333333333,269,2,0,5.8,1.0177777777777777,0.49916666666666665,23.189655172413794
2016-01-26 18:31:30,2016-01-27 07:03:44,2016-01-26 23:03:19,2016-01-27 06:23:38,2.7088888888888887,269,3,0,7.339,4.530277777777778,0.6683333333333333,12.217831675523458
2016-01-26 19:01:12,2016-01-27 14:31:09,2016-01-26 19:06:26,2016-01-27 13:58:09,0.495,3194,6,3,18.862,0.08722222222222223,0.55,28.222528540628424
2016-01-26 19:47:53,2016-01-27 15:17:20,2016-01-26 20:48:14,2016-01-27 13:04:57,0.7780555555555555,2358,6,2,16.278,1.0058333333333334,2.2063888888888887,24.143015112421676
2016-01-26 20:27:00,2016-01-27 12:49:45,2016-01-26 20:36:59,2016-01-27 11:48:18,0.6519444444444444,2083,7,2,15.189,0.1663888888888889,1.0241666666666667,19.59124554423784
2016-01-26 20:38:59,2016-01-27 00:42:44,2016-01-26 21:07:51,2016-01-26 23:00:31,0.19972222222222222,76,3,0,1.878,0.4811111111111111,1.7036111111111112,13.489527866524673
2016-01-26 20:52:52,2016-01-27 14:33:50,2016-01-26 23:28:55,2016-01-27 14:06:08,0.2313888888888889,2137,6,2,14.62,2.6008333333333336,0.46166666666666667,24.361605107159143
2016-01-27 00:44:42,2016-01-27 22:51:58,2016-01-27 00:56:47,2016-01-27 21:48:14,3.863888888888889,2788,7,2,20.857,0.2013888888888889,1.0622222222222222,19.096021205624698
2016-01-27 03:41:28,2016-01-27 16:57:14,2016-01-27 04:23:39,2016-01-27 16:14:04,2.946111111111111,431,3,0,11.84,0.7030555555555555,0.7194444444444444,12.134009009009011
2016-01-27 07:27:49,2016-01-27 21:20:17,2016-01-27 07:48:42,2016-01-27 20:37:50,3.7725,1395,5,1,12.819,0.34805555555555556,0.7075,21.76456821904985
2016-01-27 13:35:47,2016-01-28 23:27:30,2016-01-27 13:50:52,2016-01-28 21:45:49,6.132777777777778,3153,7,3,31.916,0.2513888888888889,1.6947222222222222,14.112939322865378
2016-01-27 20:05:12,2016-01-28 04:28:06,2016-01-27 20:10:53,2016-01-28 03:28:21,6.490277777777778,280,3,0,7.291,0.09472222222222222,0.9958333333333333,12.80117039272162
2016-01-27 21:20:41,2016-01-28 19:03:59,2016-01-27 22:03:25,2016-01-28 18:24:49,1.2580555555555555,2298,7,2,20.357,0.7122222222222222,0.6527777777777778,16.126428957396193
2016-01-28 00:44:06,2016-01-28 08:53:48,2016-01-28 02:25:34,2016-01-28 06:57:56,3.390277777777778,271,3,0,4.539,1.691111111111111,1.931111111111111,19.901593596239994
2016-01-28 01:23:28,2016-01-30 00:09:39,2016-01-28 02:18:43,2016-01-29 20:30:20,0.6561111111111111,7703,9,6,42.194,0.9208333333333333,3.6552777777777776,20.28461129281151
2016-01-28 04:12:38,2016-01-28 18:11:11,2016-01-28 04:42:16,2016-01-28 16:58:44,2.8194444444444446,1173,5,1,12.274,0.4938888888888889,1.2075,19.113573407202217
2016-01-28 04:47:39,2016-01-29 01:06:28,2016-01-28 06:44:09,2016-01-28 22:47:37,0.5836111111111111,1617,5,1,16.058,1.9416666666666667,2.3141666666666665,20.139494333042723
2016-01-28 07:10:18,2016-01-29 08:30:52,2016-01-28 08:52:49,2016-01-29 07:05:31,2.3775,4448,9,4,22.212,1.708611111111111,1.4225,22.25023510814975
2016-01-28 08:47:01,2016-01-29 13:32:33,2016-01-28 10:21:55,2016-01-29 11:37:28,1.6119444444444444,3105,7,3,25.259,1.5816666666666668,1.9180555555555556,17.56092595001499
2016-01-28 10:42:13,2016-01-28 15:18:50,2016-01-28 11:26:05,2016-01-28 13:50:02,1.92,188,3,0,2.399,0.7311111111111112,1.48,26.121995275809365
2016-01-28 15:29:37,2016-01-28 17:48:39,2016-01-28 16:14:25,2016-01-28 16:46:43,4.79,31,3,0,0.538,0.7466666666666667,1.0322222222222222,19.206939281288722
2016-01-28 17:45:43,2016-01-29 02:37:16,2016-01-28 21:33:23,2016-01-29 01:58:11,2.2683333333333335,341,3,0,4.413,3.7944444444444443,0.6513888888888889,25.75723241936702
2016-01-28 19:17:24,2016-01-29 15:20:58,2016-01-28 19:27:35,2016-01-29 13:25:01,1.5280555555555555,1283,5,1,17.957,0.16972222222222222,1.9325,14.289692042100574
2016-01-28 21:55:51,2016-01-29 09:23:55,2016-01-28 23:09:30,2016-01-29 09:15:27,2.640833333333333,238,4,0,10.099,1.2275,0.1411111111111111,5.8916724428161205
2016-01-29 00:30:46,2016-01-29 22:43:25,2016-01-29 03:11:51,2016-01-29 21:28:34,2.5819444444444444,1151,5,1,18.279,2.6847222222222222,1.2475,12.593686744351443
2016-01-29 04:42:25,2016-01-29 17:46:51,2016-01-29 05:48:09,2016-01-29 17:08:58,4.194166666666667,1239,5,1,11.347,1.0955555555555556,0.6313888888888889,21.838371375694017
2016-01-29 05:06:29,2016-01-30 07:27:34,2016-01-29 05:57:52,2016-01-30 07:17:13,0.4011111111111111,2483,8,2,25.322,0.8563888888888889,0.1725,12.257128188926625
2016-01-29 05:23:46,2016-01-30 00:43:54,2016-01-29 06:09:20,2016-01-29 23:11:53,0.28805555555555556,1591,5,1,17.043,0.7594444444444445,1.533611111111111,18.6704218740832
2016-01-29 19:25:31,2016-01-29 21:33:20,2016-01-29 19:51:43,2016-01-29 20:39:06,14.029166666666667,63,4,0,0.79,0.43666666666666665,0.9038888888888889,19.93670886075949
2016-01-29 20:41:02,2016-01-31 02:26:49,2016-01-29 20:48:53,2016-01-31 01:44:13,1.2586111111111111,2336,5,2,28.922,0.13083333333333333,0.71,16.153792960376183
2016-01-30 05:02:51,2016-01-30 17:52:20,2016-01-30 05:14:28,2016-01-30 16:59:53,8.363611111111112,1029,5,1,11.757,0.19361111111111112,0.8741666666666666,17.50446542485328
2016-01-30 06:26:49,2016-01-30 23:03:48,2016-01-30 06:46:38,2016-01-30 22:23:29,1.3994444444444445,1259,6,1,15.614,0.3302777777777778,0.6719444444444445,13.438794244481448
2016-01-30 11:26:31,2016-01-31 02:05:57,2016-01-30 12:48:09,2016-01-31 01:31:17,4.995,1271,5,1,12.719,1.3605555555555555,0.5777777777777777,19.985847944020758
2016-01-30 13:43:15,2016-01-30 18:18:01,2016-01-30 14:47:11,2016-01-30 17:48:12,2.278888888888889,88,3,0,3.017,1.0655555555555556,0.49694444444444447,9.722682576510882
2016-01-30 13:43:20,2016-01-30 16:31:22,2016-01-30 14:09:16,2016-01-30 16:04:10,0.001388888888888889,79,2,0,1.915,0.43222222222222223,0.4533333333333333,20.626631853785902
2016-01-30 15:00:05,2016-01-31 20:34:27,2016-01-30 15:46:51,2016-01-31 17:20:05,1.2791666666666666,5162,8,5,25.554,0.7794444444444445,3.2394444444444446,25.250450027392972
2016-01-30 16:41:46,2016-02-01 01:11:52,2016-01-30 17:33:59,2016-02-01 00:19:51,1.6947222222222222,1157,4,1,30.764,0.8702777777777778,0.8669444444444444,9.402223377974256
2016-01-30 19:10:18,2016-01-31 01:30:01,2016-01-30 19:40:20,2016-01-30 23:47:02,2.4755555555555557,331,3,0,4.112,0.5005555555555555,1.716388888888889,26.832036316472113
2016-01-30 19:36:45,2016-01-31 10:22:48,2016-01-30 20:05:15,2016-01-31 09:26:55,0.44083333333333335,1142,5,1,13.361,0.475,0.9313888888888889,17.094528852630788
2016-01-31 03:46:20,2016-02-01 08:27:26,2016-01-31 08:29:05,2016-02-01 07:11:50,8.159722222222221,3377,8,3,22.712,4.7125,1.26,18.585989785135613
2016-01-31 07:08:59,2016-01-31 21:18:50,2016-01-31 07:18:15,2016-01-31 19:34:10,3.3775,1127,5,1,12.265,0.15444444444444444,1.7444444444444445,18.377496942519365
2016-01-31 09:59:35,2016-02-01 19:16:08,2016-01-31 10:13:23,2016-02-01 17:53:35,2.8433333333333333,4363,9,4,31.67,0.23,1.3758333333333332,15.307160649756165
2016-01-31 10:17:17,2016-01-31 23:22:52,2016-01-31 10:45:03,2016-01-31 23:05:30,0.295,1186,6,1,12.341,0.4627777777777778,0.28944444444444445,16.01707046970802
2016-01-31 10:35:10,2016-02-01 02:46:20,2016-01-31 11:27:28,2016-02-01 02:19:01,0.2980555555555556,511,3,0,14.859,0.8716666666666667,0.4552777777777778,11.463310675909101
2016-01-31 11:37:42,2016-02-01 05:29:02,2016-01-31 12:18:42,2016-02-01 04:11:25,1.0422222222222222,2013,7,2,15.879,0.6833333333333333,1.293611111111111,18.110172464980703
2016-01-31 15:44:13,2016-02-01 06:10:10,2016-01-31 16:24:28,2016-02-01 05:28:30,4.108611111111111,1228,5,1,13.067,0.6708333333333333,0.6944444444444444,18.795438891865
2016-01-31 16:11:56,2016-02-01 03:26:31,2016-01-31 17:01:19,2016-02-01 03:10:44,0.46194444444444444,1107,6,1,10.157,0.8230555555555555,0.26305555555555554,18.164812444619475
2016-01-31 17:14:14,2016-02-01 01:26:34,2016-01-31 17:52:14,2016-01-31 23:00:58,1.0383333333333333,263,2,0,5.146,0.6333333333333333,2.4266666666666667,25.553828216090167
2016-02-01 00:02:58,2016-02-02 08:41:12,2016-02-01 00:14:43,2016-02-02 08:26:13,6.812222222222222,3179,7,3,32.192,0.19583333333333333,0.24972222222222223,14.107320363533088
2016-02-01 02:08:30,2016-02-01 09:52:41,2016-02-01 02:20:38,2016-02-01 08:57:06,2.0922222222222224,304,3,0,6.608,0.20222222222222222,0.9263888888888889,15.33494753833737
2016-02-01 03:40:24,2016-02-01 11:41:39,2016-02-01 04:53:19,2016-02-01 10:56:19,1.5316666666666667,332,3,0,6.05,1.2152777777777777,0.7555555555555555,18.29201101928375
2016-02-01 03:51:42,2016-02-02 08:34:09,2016-02-01 04:28:53,2016-02-02 07:40:16,0.18833333333333332,3172,7,3,27.19,0.6197222222222222,0.8980555555555556,16.665790994588345
2016-02-01 07:41:33,2016-02-01 19:53:01,2016-02-01 08:07:13,2016-02-01 19:19:12,3.8308333333333335,1122,6,1,11.2,0.42777777777777776,0.5636111111111111,16.696428571428573
2016-02-01 08:11:01,2016-02-01 17:34:39,2016-02-01 08:25:27,2016-02-01 15:45:59,0.4911111111111111,502,4,0,7.342,0.24055555555555555,1.8111111111111111,17.093435031326614
2016-02-01 17:38:31,2016-02-02 16:37:59,2016-02-01 17:48:31,2016-02-02 16:10:17,9.458333333333334,3211,7,3,22.363,0.16666666666666666,0.46166666666666667,20.51219808229154
2016-02-01 18:10:15,2016-02-02 03:42:53,2016-02-01 18:19:48,2016-02-02 00:19:46,0.5288888888888889,425,3,0,6.0,0.15916666666666668,3.3852777777777776,23.61111111111111
2016-02-01 18:20:16,2016-02-02 11:41:22,2016-02-02 00:36:27,2016-02-02 11:05:50,0.16694444444444445,1109,5,1,10.49,6.269722222222223,0.5922222222222222,21.143946615824593
2016-02-02 01:42:41,2016-02-02 08:44:14,2016-02-02 02:53:32,2016-02-02 07:19:36,7.373611111111111,280,4,0,4.434,1.1808333333333334,1.4105555555555556,15.787099684258006
2016-02-02 01:52:04,2016-02-03 01:29:04,2016-02-02 02:11:14,2016-02-03 00:56:01,0.15638888888888888,1145,5,1,22.746,0.3194444444444444,0.5508333333333333,10.067704211729536
2016-02-02 04:26:12,2016-02-03 00:32:46,2016-02-02 05:13:55,2016-02-02 22:30:21,2.568888888888889,2170,6,2,17.274,0.7952777777777778,2.040277777777778,20.937053760950946
2016-02-02 05:23:26,2016-02-04 05:04:51,2016-02-02 05:47:37,2016-02-04 04:19:01,0.9538888888888889,1285,6,1,46.523,0.40305555555555556,0.7638888888888888,4.6034577879041905
2016-02-02 08:31:11,2016-02-02 16:57:08,2016-02-02 08:41:02,2016-02-02 16:24:18,3.129166666666667,356,3,0,7.721,0.16416666666666666,0.5472222222222223,15.369339032077018
2016-02-02 10:07:26,2016-02-02 13:52:45,2016-02-02 10:13:37,2016-02-02 12:27:02,1.6041666666666667,129,4,0,2.223,0.10305555555555555,1.428611111111111,14.507422402159245
2016-02-02 10:38:41,2016-02-02 12:53:39,2016-02-02 11:05:11,2016-02-02 12:00:56,0.5208333333333334,60,3,0,0.929,0.44166666666666665,0.8786111111111111,21.528525296017225
2016-02-02 13:11:04,2016-02-03 06:30:51,2016-02-02 14:07:26,2016-02-03 04:58:45,2.539722222222222,2107,7,2,14.855,0.9394444444444444,1.535,20.26253786603837
2016-02-02 13:48:11,2016-02-03 04:59:02,2016-02-02 14:24:57,2016-02-03 03:15:47,0.6186111111111111,1576,5,1,12.847,0.6127777777777778,1.7208333333333334,24.534910874134038
2016-02-02 16:25:09,2016-02-03 00:38:05,2016-02-02 16:50:53,2016-02-02 23:35:34,2.616111111111111,238,2,0,6.745,0.4288888888888889,1.0419444444444443,17.64269829503336
2016-02-02 19:18:13,2016-02-03 15:28:13,2016-02-02 19:50:42,2016-02-03 14:35:33,2.8844444444444446,1305,5,1,18.747,0.5413888888888889,0.8777777777777778,13.922227556409025
2016-02-02 23:06:43,2016-02-04 03:56:02,2016-02-02 23:35:34,2016-02-04 03:24:14,3.808333333333333,3140,6,3,27.811,0.48083333333333333,0.53,18.817494276844894
2016-02-02 23:25:25,2016-02-03 10:42:58,2016-02-03 00:38:46,2016-02-03 10:03:40,0.31166666666666665,341,4,0,9.415,1.2225,0.655,9.054699946893257
2016-02-03 01:50:29,2016-02-03 07:47:14,2016-02-03 02:55:10,2016-02-03 06:50:47,2.417777777777778,306,4,0,3.927,1.0780555555555555,0.9408333333333333,19.48051948051948
2016-02-03 02:45:59,2016-02-03 05:39:36,2016-02-03 03:36:17,2016-02-03 05:10:21,0.925,114,3,0,1.568,0.8383333333333334,0.4875,24.234693877551017
2016-02-03 03:58:08,2016-02-03 11:46:20,2016-02-03 04:21:44,2016-02-03 11:24:30,1.2025,407,3,0,7.046,0.3933333333333333,0.3638888888888889,19.254423313463903
2016-02-03 04:52:48,2016-02-03 12:43:30,2016-02-03 05:36:11,2016-02-03 11:21:58,0.9111111111111111,450,4,0,5.763,0.7230555555555556,1.3588888888888888,19.521082769390944
2016-02-03 09:41:30,2016-02-04 00:13:23,2016-02-03 10:17:52,2016-02-03 23:27:20,4.8116666666666665,1570,5,1,13.158,0.6061111111111112,0.7675,23.863809089527287
2016-02-03 10:20:16,2016-02-04 01:52:55,2016-02-03 12:59:33,2016-02-04 01:23:45,0.6461111111111111,1215,5,1,12.403,2.6547222222222224,0.4861111111111111,19.592034185277754
2016-02-03 11:54:15,2016-02-04 04:16:33,2016-02-03 13:37:52,2016-02-04 04:05:54,1.5663888888888888,1063,4,1,14.467,1.7269444444444444,0.1775,18.369392410313125
2016-02-03 13:11:41,2016-02-04 01:52:42,2016-02-03 13:21:59,2016-02-04 01:12:48,1.2905555555555555,1112,5,1,11.847,0.17166666666666666,0.665,18.77268506794969
2016-02-03 13:12:20,2016-02-04 16:41:06,2016-02-03 13:57:00,2016-02-04 15:27:32,0.010833333333333334,4391,9,4,25.509,0.7444444444444445,1.2261111111111112,19.126147198592218
2016-02-03 15:41:12,2016-02-04 06:28:30,2016-02-03 15:53:02,2016-02-04 04:42:05,2.4811111111111113,1253,5,1,12.818,0.19722222222222222,1.773611111111111,19.550631923857075
2016-02-03 15:47:44,2016-02-04 00:31:01,2016-02-03 16:49:09,2016-02-04 00:01:55,0.10888888888888888,246,3,0,7.213,1.023611111111111,0.485,11.368362678497158
2016-02-03 16:32:50,2016-02-04 05:10:39,2016-02-03 16:45:48,2016-02-04 04:40:36,0.7516666666666667,428,3,0,11.913,0.21611111111111111,0.5008333333333334,11.975712806737736
2016-02-03 19:16:32,2016-02-03 23:36:52,2016-02-03 20:42:15,2016-02-03 22:39:42,2.7283333333333335,117,3,0,1.958,1.428611111111111,0.9527777777777777,19.918283963227786
2016-02-03 19:58:10,2016-02-04 01:08:10,2016-02-03 20:29:49,2016-02-03 23:48:58,0.6938888888888889,142,3,0,3.319,0.5275,1.32,14.261323691875061
2016-02-03 22:06:37,2016-02-04 16:17:27,2016-02-03 23:01:49,2016-02-04 15:54:21,2.140833333333333,1755,5,1,16.876,0.92,0.385,20.7987674804456
2016-02-04 00:22:30,2016-02-04 10:36:53,2016-02-04 00:37:43,2016-02-04 10:05:18,2.2647222222222223,1200,5,1,9.46,0.2536111111111111,0.5263888888888889,25.369978858350947
2016-02-04 01:55:08,2016-02-04 17:53:30,2016-02-04 02:02:38,2016-02-04 16:26:15,1.5438888888888889,1184,5,1,14.393,0.125,1.4541666666666666,16.452442159383033
2016-02-04 04:18:04,2016-02-04 17:51:22,2016-02-04 05:10:22,2016-02-04 17:19:19,2.382222222222222,1230,6,1,12.149,0.8716666666666667,0.5341666666666667,16.873816775043217
2016-02-04 05:45:58,2016-02-05 04:42:19,2016-02-04 06:03:15,2016-02-05 02:13:17,1.465,2316,6,2,20.167,0.28805555555555556,2.483888888888889,19.140179501165267
2016-02-04 09:14:42,2016-02-04 12:41:16,2016-02-04 10:03:02,2016-02-04 11:17:02,3.4788888888888887,70,3,0,1.233,0.8055555555555556,1.403888888888889,18.924033522573666
2016-02-04 10:05:09,2016-02-04 16:06:11,2016-02-04 10:27:52,2016-02-04 15:02:58,0.8408333333333333,271,3,0,4.585,0.3786111111111111,1.053611111111111,19.701926572155582
2016-02-04 10:46:08,2016-02-04 17:54:57,2016-02-04 11:13:54,2016-02-04 15:26:10,0.6830555555555555,282,3,0,4.205,0.4627777777777778,2.479722222222222,22.35434007134364
2016-02-04 11:19:49,2016-02-04 22:13:24,2016-02-04 11:46:26,2016-02-04 21:41:05,0.5613888888888889,464,2,0,9.911,0.4436111111111111,0.5386111111111112,23.408334174149935
2016-02-04 13:47:51,2016-02-05 01:51:29,2016-02-04 14:04:07,2016-02-05 01:22:59,2.4672222222222224,1110,5,1,11.314,0.27111111111111114,0.475,19.621707618879263
2016-02-04 14:43:36,2016-02-05 13:41:56,2016-02-04 15:15:58,2016-02-05 13:13:55,0.9291666666666667,1304,5,1,21.966,0.5394444444444444,0.46694444444444444,11.872894473276881
2016-02-04 18:09:49,2016-02-05 14:41:20,2016-02-04 18:16:57,2016-02-05 13:07:42,3.4369444444444444,2212,5,2,18.846,0.11888888888888889,1.5605555555555555,23.474477342672184
2016-02-04 19:26:25,2016-02-04 22:49:32,2016-02-04 20:08:17,2016-02-04 22:09:34,1.2766666666666666,69,2,0,2.021,0.6977777777777778,0.6661111111111111,17.07075705096487
2016-02-04 23:04:57,2016-02-05 04:06:27,2016-02-05 00:43:40,2016-02-05 03:27:38,3.6422222222222222,199,3,0,2.733,1.6452777777777778,0.6469444444444444,24.271252591779486
2016-02-05 01:23:02,2016-02-05 03:50:14,2016-02-05 01:35:12,2016-02-05 03:01:42,2.301388888888889,109,4,0,1.441,0.20277777777777778,0.8088888888888889,18.910478834142957
2016-02-05 03:56:22,2016-02-05 11:30:52,2016-02-05 04:54:30,2016-02-05 11:09:03,2.5555555555555554,247,3,0,6.242,0.9688888888888889,0.3636111111111111,13.190216810851224
2016-02-05 04:01:52,2016-02-05 22:33:39,2016-02-05 04:40:09,2016-02-05 22:02:49,0.09166666666666666,3017,7,3,17.378,0.6380555555555556,0.5138888888888888,24.80147312694211
2016-02-05 06:22:42,2016-02-05 12:58:10,2016-02-05 06:41:57,2016-02-05 10:02:20,2.3472222222222223,353,4,0,3.34,0.32083333333333336,2.9305555555555554,26.422155688622755
2016-02-05 09:49:52,2016-02-05 18:32:21,2016-02-05 10:54:20,2016-02-05 17:22:23,3.452777777777778,651,4,0,6.467,1.0744444444444445,1.166111111111111,25.166228544920365
2016-02-05 09:59:19,2016-02-06 15:06:11,2016-02-05 10:23:06,2016-02-06 13:38:04,0.1575,2158,5,2,27.249,0.3963888888888889,1.468611111111111,15.839113361958237
2016-02-05 10:15:13,2016-02-06 07:21:39,2016-02-05 10:28:23,2016-02-06 05:01:49,0.265,2176,5,2,18.557,0.21944444444444444,2.3305555555555557,23.45206660559358
2016-02-05 12:39:55,2016-02-05 16:38:08,2016-02-05 12:54:19,2016-02-05 15:46:58,2.4116666666666666,167,3,0,2.878,0.24,0.8527777777777777,19.342135742413713
2016-02-05 14:39:31,2016-02-06 03:00:29,2016-02-05 16:35:07,2016-02-06 02:35:38,1.9933333333333334,347,2,0,10.009,1.9266666666666667,0.4141666666666667,17.33439904086322
2016-02-05 21:11:20,2016-02-06 14:15:13,2016-02-05 21:37:32,2016-02-06 13:27:48,6.530277777777778,1612,6,1,15.838,0.43666666666666665,0.7902777777777777,16.963421307404136
2016-02-05 21:38:57,2016-02-06 08:24:45,2016-02-05 22:52:14,2016-02-06 07:40:27,0.4602777777777778,1205,5,1,8.804,1.2213888888888889,0.7383333333333333,27.373920945024988
2016-02-05 22:03:04,2016-02-06 07:43:22,2016-02-06 01:19:51,2016-02-06 07:15:15,0.40194444444444444,293,2,0,5.923,3.2797222222222224,0.4686111111111111,24.73408745568124
2016-02-06 01:17:00,2016-02-06 20:18:45,2016-02-06 02:23:15,2016-02-06 19:56:53,3.232222222222222,1306,5,1,17.56,1.1041666666666667,0.36444444444444446,14.874715261958999
2016-02-06 06:16:54,2016-02-06 13:18:13,2016-02-06 06:52:22,2016-02-06 12:21:01,4.998333333333333,404,3,0,5.478,0.5911111111111111,0.9533333333333334,24.583181209687236
2016-02-06 08:36:07,2016-02-06 12:54:56,2016-02-06 10:02:59,2016-02-06 11:48:07,2.3202777777777777,120,3,0,1.752,1.4477777777777778,1.113611111111111,22.831050228310502
2016-02-06 10:40:24,2016-02-06 14:55:45,2016-02-06 11:01:47,2016-02-06 13:45:47,2.071388888888889,121,2,0,2.733,0.35638888888888887,1.166111111111111,22.136845956824
2016-02-06 11:16:58,2016-02-07 01:02:22,2016-02-06 13:26:02,2016-02-06 23:31:38,0.6094444444444445,345,2,0,10.093,2.151111111111111,1.5122222222222221,17.091053205191717
2016-02-06 11:46:59,2016-02-07 15:44:51,2016-02-06 12:51:07,2016-02-07 15:01:31,0.5002777777777778,3147,7,3,26.173,1.068888888888889,0.7222222222222222,17.176916233195605
2016-02-06 12:13:36,2016-02-06 17:29:49,2016-02-06 13:23:35,2016-02-06 16:46:16,0.4436111111111111,366,4,0,3.378,1.166388888888889,0.7258333333333333,27.08703374777975
2016-02-06 13:21:53,2016-02-07 07:11:41,2016-02-06 13:44:11,2016-02-07 04:39:31,1.1380555555555556,1283,4,1,14.922,0.37166666666666665,2.536111111111111,21.49510789438413
2016-02-06 13:44:33,2016-02-06 20:05:08,2016-02-06 13:55:21,2016-02-06 19:25:50,0.37777777777777777,177,2,0,5.508,0.18,0.655,16.067538126361654
2016-02-06 15:25:44,2016-02-06 22:08:31,2016-02-06 16:31:45,2016-02-06 21:37:47,1.686388888888889,253,2,0,5.101,1.1002777777777777,0.5122222222222222,24.79905900803764
2016-02-06 18:53:43,2016-02-07 05:37:21,2016-02-06 20:34:46,2016-02-07 02:02:21,3.466388888888889,327,3,0,5.46,1.6841666666666666,3.5833333333333335,19.963369963369964
2016-02-06 19:33:36,2016-02-08 03:51:48,2016-02-06 20:57:24,2016-02-08 02:51:42,0.6647222222222222,3126,8,3,29.905,1.3966666666666667,1.0016666666666667,13.066376860056847
2016-02-06 19:47:14,2016-02-07 10:00:11,2016-02-06 20:24:44,2016-02-07 09:01:28,0.22722222222222221,1470,6,1,12.612,0.625,0.9786111111111111,19.42594354582937
2016-02-06 20:40:26,2016-02-07 04:51:54,2016-02-06 21:29:51,2016-02-07 00:34:54,0.8866666666666667,152,3,0,3.084,0.8236111111111111,4.283333333333333,16.428880242109813
2016-02-06 21:04:52,2016-02-07 15:46:14,2016-02-06 21:12:11,2016-02-07 15:09:25,0.4072222222222222,2444,6,2,17.954,0.12194444444444444,0.6136111111111111,22.68760907504363
2016-02-06 22:59:51,2016-02-07 07:48:17,2016-02-07 01:02:07,2016-02-07 05:43:48,1.916388888888889,257,3,0,4.695,2.037777777777778,2.0747222222222224,18.246361377351793
2016-02-07 03:49:57,2016-02-07 15:44:04,2016-02-07 04:20:54,2016-02-07 15:24:25,4.835,1118,5,1,11.059,0.5158333333333334,0.3275,20.218826295325076
2016-02-07 04:54:20,2016-02-07 16:50:29,2016-02-07 05:32:53,2016-02-07 15:26:40,1.0730555555555557,344,2,0,9.896,0.6425,1.3969444444444445,17.380759902991105
2016-02-07 05:00:23,2016-02-08 04:10:59,2016-02-07 05:42:27,2016-02-08 03:18:31,0.10083333333333333,1334,4,1,21.601,0.7011111111111111,0.8744444444444445,15.439100041664739
2016-02-07 06:44:58,2016-02-08 22:30:38,2016-02-07 07:48:03,2016-02-08 21:47:13,1.7430555555555556,3210,6,3,37.986,1.051388888888889,0.7236111111111111,14.084136260727636
2016-02-07 10:03:58,2016-02-07 22:47:39,2016-02-07 11:12:06,2016-02-07 22:25:45,3.316666666666667,1120,5,1,11.227,1.1355555555555557,0.365,19.951901665627503
2016-02-07 10:11:29,2016-02-07 20:28:13,2016-02-07 10:55:51,2016-02-07 20:01:14,0.12527777777777777,557,3,0,9.09,0.7394444444444445,0.44972222222222225,20.425375870920426
2016-02-07 12:58:59,2016-02-07 19:23:10,2016-02-07 13:21:33,2016-02-07 17:54:12,2.7916666666666665,133,3,0,4.544,0.3761111111111111,1.4827777777777778,9.756455399061034
2016-02-07 14:45:54,2016-02-08 10:31:37,2016-02-07 16:31:47,2016-02-08 09:11:20,1.7819444444444446,1274,4,1,16.659,1.7647222222222223,1.3380555555555556,19.118794645536948
2016-02-07 16:13:25,2016-02-08 13:33:52,2016-02-07 19:25:14,2016-02-08 12:43:16,1.458611111111111,1454,5,1,17.301,3.1969444444444446,0.8433333333333334,16.808276978209353
2016-02-07 17:13:47,2016-02-08 03:18:03,2016-02-07 18:15:02,2016-02-08 01:16:40,1.0061111111111112,411,3,0,7.027,1.0208333333333333,2.0230555555555556,19.496228831649354
2016-02-07 19:23:19,2016-02-08 06:14:37,2016-02-07 20:13:33,2016-02-08 05:54:18,2.158888888888889,1062,5,1,9.679,0.8372222222222222,0.3386111111111111,21.944415745428245
2016-02-07 21:28:41,2016-02-08 12:43:08,2016-02-07 23:04:01,2016-02-08 12:05:46,2.0894444444444447,1038,5,1,13.029,1.5888888888888888,0.6227777777777778,15.933686391895005
2016-02-07 21:49:45,2016-02-08 00:48:00,2016-02-07 23:03:49,2016-02-08 00:26:16,0.3511111111111111,109,3,0,1.374,1.2344444444444445,0.3622222222222222,26.443474041727317
2016-02-07 23:16:04,2016-02-09 22:13:29,2016-02-07 23:41:47,2016-02-09 21:19:07,1.438611111111111,7799,9,6,45.622,0.4286111111111111,0.9061111111111111,18.994247414746297
2016-02-08 06:26:00,2016-02-09 04:32:59,2016-02-08 07:03:34,2016-02-09 03:55:35,7.165555555555556,1230,5,1,20.867,0.6261111111111111,0.6233333333333333,11.788949058321752
2016-02-08 06:43:10,2016-02-08 18:46:07,2016-02-08 07:51:21,2016-02-08 18:18:34,0.2861111111111111,1077,6,1,10.454,1.136388888888889,0.45916666666666667,17.170461067533957
2016-02-08 06:51:21,2016-02-09 05:25:09,2016-02-08 07:16:52,2016-02-09 03:22:50,0.1363888888888889,3385,7,3,20.099,0.42527777777777775,2.038611111111111,24.059477017335617
2016-02-08 09:52:44,2016-02-09 00:19:59,2016-02-08 10:40:24,2016-02-09 00:05:33,3.0230555555555556,1157,5,1,13.419,0.7944444444444444,0.24055555555555555,17.244205976600345
2016-02-08 11:29:51,2016-02-09 09:18:07,2016-02-08 13:54:25,2016-02-09 08:10:16,1.618611111111111,2309,6,2,18.264,2.4094444444444445,1.1308333333333334,21.070594247335375
2016-02-08 11:32:18,2016-02-09 05:51:13,2016-02-08 12:15:28,2016-02-09 04:29:38,0.04083333333333333,1008,5,1,16.236,0.7194444444444444,1.3597222222222223,12.416851441241684
2016-02-08 20:36:32,2016-02-10 03:58:58,2016-02-08 21:04:09,2016-02-10 02:09:42,9.070555555555556,4297,8,4,29.093,0.4602777777777778,1.8211111111111111,18.462344893960747
2016-02-08 23:15:40,2016-02-09 04:56:37,2016-02-08 23:53:46,2016-02-09 03:39:11,2.652222222222222,210,3,0,3.757,0.635,1.2905555555555555,18.63188714399787
2016-02-09 01:41:20,2016-02-09 12:40:33,2016-02-09 02:25:30,2016-02-09 12:17:23,2.4277777777777776,1325,6,1,9.865,0.7361111111111112,0.3861111111111111,22.385538097651633
2016-02-09 02:18:29,2016-02-09 05:06:04,2016-02-09 02:26:00,2016-02-09 03:45:01,0.6191666666666666,80,3,0,1.317,0.12527777777777777,1.3508333333333333,20.248038471273098
2016-02-09 03:24:54,2016-02-09 10:13:05,2016-02-09 03:51:56,2016-02-09 08:36:58,1.1069444444444445,269,3,0,4.751,0.45055555555555554,1.6019444444444444,18.87321967305129
2016-02-09 06:12:10,2016-02-11 11:41:48,2016-02-09 06:33:07,2016-02-11 11:05:14,2.787777777777778,1397,5,1,52.535,0.3491666666666667,0.6094444444444445,5.318359189112021
2016-02-09 07:21:08,2016-02-09 16:32:11,2016-02-09 07:30:16,2016-02-09 13:13:25,1.1494444444444445,350,3,0,5.719,0.15222222222222223,3.312777777777778,20.39983680130559
2016-02-09 11:36:27,2016-02-10 10:54:27,2016-02-09 12:11:51,2016-02-10 10:36:55,4.255277777777778,3458,7,3,22.418,0.59,0.2922222222222222,22.035864037826748
2016-02-09 13:19:06,2016-02-10 07:02:05,2016-02-09 13:35:25,2016-02-10 06:12:30,1.7108333333333334,1336,4,1,16.618,0.27194444444444443,0.8263888888888888,20.09868816945481
2016-02-09 15:41:42,2016-02-09 19:02:06,2016-02-09 16:51:56,2016-02-09 18:30:38,2.3766666666666665,115,3,0,1.645,1.1705555555555556,0.5244444444444445,23.302938196555214
2016-02-09 16:35:16,2016-02-10 09:58:23,2016-02-09 19:21:11,2016-02-10 09:40:17,0.8927777777777778,1148,5,1,14.318,2.765277777777778,0.3016666666666667,16.03575918424361
2016-02-09 19:39:00,2016-02-10 00:29:26,2016-02-09 20:03:45,2016-02-10 00:07:23,3.062222222222222,216,3,0,4.06,0.4125,0.3675,17.733990147783253
2016-02-10 00:30:55,2016-02-11 01:01:00,2016-02-10 00:51:06,2016-02-10 23:42:36,4.865277777777778,3143,7,3,22.858,0.3363888888888889,1.3066666666666666,19.64301338699799
2016-02-10 00:46:20,2016-02-10 09:45:53,2016-02-10 01:19:29,2016-02-10 08:40:37,0.2569444444444444,316,2,0,7.352,0.5525,1.0877777777777777,21.49075081610446
2016-02-10 03:55:11,2016-02-10 19:58:09,2016-02-10 04:15:17,2016-02-10 14:29:21,3.1475,1219,5,1,10.235,0.335,5.48,23.820224719101123
2016-02-10 03:58:54,2016-02-11 05:00:41,2016-02-10 16:31:44,2016-02-11 02:39:16,0.06194444444444445,442,3,0,10.126,12.547222222222222,2.3569444444444443,14.550003291855948
2016-02-10 04:58:34,2016-02-11 06:04:18,2016-02-10 05:21:27,2016-02-11 05:39:50,0.9944444444444445,4347,7,4,24.306,0.3813888888888889,0.4077777777777778,25.54924709948161
2016-02-10 07:47:56,2016-02-10 12:01:43,2016-02-10 08:07:24,2016-02-10 11:04:10,2.8227777777777776,217,3,0,2.946,0.3244444444444444,0.9591666666666666,24.5530663045938
2016-02-10 13:04:02,2016-02-10 19:59:54,2016-02-10 15:06:00,2016-02-10 19:20:20,5.2683333333333335,430,4,0,4.239,2.0327777777777776,0.6594444444444445,25.359754659117716
2016-02-10 15:48:12,2016-02-11 01:35:39,2016-02-10 16:05:11,2016-02-11 01:09:54,2.736111111111111,214,3,0,9.079,0.28305555555555556,0.42916666666666664,7.856959283327826
2016-02-10 16:41:20,2016-02-11 18:50:21,2016-02-10 18:10:15,2016-02-11 17:47:58,0.8855555555555555,2167,7,2,23.629,1.4819444444444445,1.0397222222222222,13.101334316789899
2016-02-10 16:56:51,2016-02-11 02:26:40,2016-02-10 17:17:54,2016-02-11 00:58:29,0.2586111111111111,555,3,0,7.676,0.35083333333333333,1.4697222222222222,24.101094319958314
2016-02-10 17:20:17,2016-02-10 20:47:47,2016-02-10 17:30:54,2016-02-10 20:00:59,0.39055555555555554,199,3,0,2.501,0.17694444444444443,0.78,26.522724243635878
2016-02-10 23:21:33,2016-02-11 17:55:08,2016-02-11 00:24:18,2016-02-11 17:25:48,6.021111111111111,1529,4,1,17.025,1.0458333333333334,0.4888888888888889,22.452276064610867
2016-02-10 23:30:30,2016-02-11 14:15:27,2016-02-11 01:41:28,2016-02-11 13:57:13,0.14916666666666667,1235,5,1,12.263,2.182777777777778,0.3038888888888889,20.141890238930117
2016-02-10 23:58:50,2016-02-12 19:36:06,2016-02-11 01:00:44,2016-02-12 19:09:55,0.4722222222222222,4296,9,4,42.153,1.0316666666666667,0.4363888888888889,11.323828276358345
2016-02-11 00:21:00,2016-02-12 00:32:35,2016-02-11 00:58:24,2016-02-11 22:55:58,0.36944444444444446,1417,4,1,21.959,0.6233333333333333,1.6102777777777777,16.13233753813926
2016-02-11 00:59:39,2016-02-11 12:59:55,2016-02-11 01:07:33,2016-02-11 12:22:32,0.6441666666666667,459,2,0,11.25,0.13166666666666665,0.6230555555555556,20.4
2016-02-11 05:34:36,2016-02-11 15:54:41,2016-02-11 05:55:45,2016-02-11 15:35:36,4.5825,1040,5,1,9.664,0.3525,0.31805555555555554,21.52317880794702
2016-02-11 08:34:22,2016-02-11 21:55:50,2016-02-11 08:50:54,2016-02-11 21:24:41,2.996111111111111,1347,5,1,12.563,0.27555555555555555,0.5191666666666667,21.443922629945074
2016-02-11 10:52:44,2016-02-12 10:08:41,2016-02-11 11:17:54,2016-02-12 09:50:54,2.306111111111111,3095,7,3,22.55,0.41944444444444445,0.29638888888888887,19.607222046246438
2016-02-11 14:13:52,2016-02-12 03:37:03,2016-02-11 14:33:11,2016-02-12 03:16:45,3.352222222222222,564,2,0,12.726,0.3219444444444444,0.3383333333333333,22.159358793022157
2016-02-11 17:36:20,2016-02-14 02:47:55,2016-02-11 17:40:20,2016-02-14 02:05:19,3.3744444444444444,1085,5,1,56.416,0.06666666666666667,0.71,3.8464265456608056
2016-02-11 19:49:21,2016-02-12 13:54:28,2016-02-11 20:23:50,2016-02-12 11:33:47,2.2169444444444446,1267,5,1,15.166,0.5747222222222222,2.3447222222222224,16.708426744032707
2016-02-12 00:33:57,2016-02-12 13:39:38,2016-02-12 01:10:52,2016-02-12 13:08:28,4.743333333333333,1079,5,1,11.96,0.6152777777777778,0.5194444444444445,18.043478260869563
2016-02-12 03:19:41,2016-02-12 08:03:38,2016-02-12 03:35:28,2016-02-12 07:29:45,2.7622222222222224,172,2,0,3.905,0.26305555555555554,0.5647222222222222,22.02304737516005
2016-02-12 05:22:05,2016-02-12 20:33:43,2016-02-12 05:40:53,2016-02-12 19:01:05,2.04,1414,5,1,13.337,0.31333333333333335,1.5438888888888889,21.204168853565267
2016-02-12 05:58:59,2016-02-12 19:45:32,2016-02-12 06:27:22,2016-02-12 19:22:04,0.615,585,3,0,12.912,0.47305555555555556,0.39111111111111113,15.102230483271374
2016-02-12 07:16:36,2016-02-13 08:06:40,2016-02-12 07:35:26,2016-02-13 06:57:02,1.293611111111111,2276,5,2,23.36,0.3138888888888889,1.1605555555555556,19.486301369863014
2016-02-12 11:05:40,2016-02-13 13:11:57,2016-02-12 12:14:45,2016-02-13 11:17:13,3.8177777777777777,2380,7,2,23.041,1.1513888888888888,1.9122222222222223,14.756303979861984
2016-02-12 12:58:43,2016-02-13 06:33:51,2016-02-12 14:05:53,2016-02-13 03:24:24,1.8841666666666668,1191,5,1,13.309,1.1194444444444445,3.1575,17.897663235404615
2016-02-12 16:23:36,2016-02-13 02:48:11,2016-02-12 16:57:19,2016-02-13 01:43:50,3.414722222222222,453,3,0,8.775,0.5619444444444445,1.0725,17.207977207977205
2016-02-12 18:17:19,2016-02-13 00:10:54,2016-02-12 20:02:56,2016-02-12 23:30:08,1.8952777777777778,162,3,0,3.453,1.7602777777777778,0.6794444444444444,15.638575152041703
2016-02-12 22:42:31,2016-02-13 23:22:19,2016-02-12 23:12:07,2016-02-13 23:06:44,4.42,1210,4,1,23.91,0.49333333333333335,0.25972222222222224,12.651610204935173
2016-02-13 00:36:29,2016-02-13 05:22:35,2016-02-13 01:49:09,2016-02-13 05:05:10,1.8994444444444445,194,3,0,3.267,1.211111111111111,0.2902777777777778,19.79389858177737
2016-02-13 02:21:51,2016-02-13 08:56:54,2016-02-13 02:37:45,2016-02-13 07:52:43,1.7561111111111112,273,3,0,5.25,0.265,1.0697222222222222,17.333333333333332
2016-02-13 07:14:59,2016-02-13 21:16:56,2016-02-13 07:43:33,2016-02-13 20:53:44,4.885555555555555,1185,5,1,13.17,0.4761111111111111,0.38666666666666666,17.995444191343964
2016-02-13 11:05:43,2016-02-13 20:47:14,2016-02-13 11:47:55,2016-02-13 20:04:31,3.8455555555555554,339,3,0,8.277,0.7033333333333334,0.7119444444444445,13.6522894768636
2016-02-13 12:08:53,2016-02-14 04:31:16,2016-02-13 13:08:19,2016-02-14 02:49:13,1.0527777777777778,1030,5,1,13.682,0.9905555555555555,1.7008333333333334,15.056278321882766
2016-02-13 13:28:17,2016-02-14 21:35:21,2016-02-13 13:34:08,2016-02-14 20:23:10,1.3233333333333333,2188,6,2,30.817,0.0975,1.2030555555555555,11.833295475441044
2016-02-13 16:10:08,2016-02-14 09:40:34,2016-02-13 18:10:28,2016-02-14 08:59:01,2.6975,1109,6,1,14.809,2.0055555555555555,0.6925,12.481148850923988
2016-02-13 17:18:03,2016-02-14 17:24:10,2016-02-13 17:40:22,2016-02-14 16:47:15,1.1319444444444444,1274,4,1,23.115,0.37194444444444447,0.6152777777777778,13.778931429807486
2016-02-13 18:07:27,2016-02-14 05:34:43,2016-02-13 18:42:34,2016-02-14 05:03:16,0.8233333333333334,1176,5,1,10.345,0.5852777777777778,0.5241666666666667,22.735621072982116
2016-02-13 19:06:38,2016-02-14 01:57:18,2016-02-13 19:51:27,2016-02-14 01:15:45,0.9863888888888889,413,3,0,5.405,0.7469444444444444,0.6925,25.470243601603453
2016-02-13 19:25:12,2016-02-15 09:12:24,2016-02-13 20:36:11,2016-02-15 08:58:08,0.30944444444444447,4708,8,4,36.366,1.1830555555555555,0.23777777777777778,16.1826981246219
2016-02-13 20:40:24,2016-02-14 17:22:03,2016-02-13 21:29:12,2016-02-14 15:47:20,1.2533333333333334,2711,6,2,18.302,0.8133333333333334,1.5786111111111112,24.687647980184316
2016-02-13 21:33:02,2016-02-14 13:36:00,2016-02-13 22:54:50,2016-02-14 11:46:50,0.8772222222222222,1375,5,1,12.867,1.3633333333333333,1.8194444444444444,21.372503303023237
2016-02-13 23:14:15,2016-02-15 08:30:23,2016-02-14 00:07:30,2016-02-15 06:43:10,1.6869444444444444,3441,6,3,30.594,0.8875,1.7869444444444444,18.745505654703535
2016-02-13 23:39:28,2016-02-15 06:58:48,2016-02-14 02:11:07,2016-02-15 06:49:04,0.42027777777777775,5117,9,5,28.633,2.5275,0.1622222222222222,19.85665335646127
2016-02-14 04:02:37,2016-02-14 11:19:40,2016-02-14 04:43:08,2016-02-14 09:26:40,4.385833333333333,174,2,0,4.726,0.6752777777777778,1.8833333333333333,18.408802369868813
2016-02-14 04:06:28,2016-02-14 16:04:23,2016-02-14 04:18:08,2016-02-14 13:52:16,0.06416666666666666,405,2,0,9.569,0.19444444444444445,2.2019444444444445,21.16208590239314
2016-02-14 07:27:47,2016-02-15 23:30:58,2016-02-14 07:41:41,2016-02-15 21:39:19,3.355277777777778,1149,4,1,37.961,0.23166666666666666,1.8608333333333333,7.566976633913754
2016-02-14 08:07:05,2016-02-15 05:42:11,2016-02-14 08:37:51,2016-02-15 04:53:31,0.655,2257,6,2,20.261,0.5127777777777778,0.8111111111111111,18.566046427455046
2016-02-14 12:18:10,2016-02-15 08:09:42,2016-02-14 15:07:05,2016-02-15 07:17:49,4.184722222222222,2042,6,2,16.179,2.8152777777777778,0.8647222222222222,21.035498691719724
2016-02-14 16:36:59,2016-02-15 23:56:43,2016-02-14 17:10:52,2016-02-15 20:51:20,4.313611111111111,1087,4,1,27.674,0.5647222222222222,3.089722222222222,9.819686348196864
2016-02-14 17:05:30,2016-02-14 22:02:16,2016-02-14 18:03:11,2016-02-14 20:39:34,0.4752777777777778,264,4,0,2.606,0.9613888888888888,1.3783333333333334,25.32617037605526
2016-02-14 21:59:37,2016-02-15 03:28:25,2016-02-14 22:29:09,2016-02-15 02:42:01,4.901944444444444,395,4,0,4.215,0.4922222222222222,0.7733333333333333,23.4282325029656
2016-02-15 00:01:08,2016-02-15 04:37:22,2016-02-15 00:40:06,2016-02-15 02:03:29,2.0252777777777777,79,3,0,1.39,0.6494444444444445,2.564722222222222,18.94484412470024
2016-02-15 00:38:42,2016-02-15 18:10:55,2016-02-15 03:08:00,2016-02-15 16:35:29,0.6261111111111111,1341,4,1,13.458,2.4883333333333333,1.5905555555555555,24.910833704859563
2016-02-15 03:35:54,2016-02-16 01:17:15,2016-02-15 04:28:04,2016-02-16 00:18:28,2.953333333333333,1396,6,1,19.84,0.8694444444444445,0.9797222222222223,11.72715053763441
2016-02-15 05:44:32,2016-02-16 00:26:20,2016-02-15 06:34:47,2016-02-15 20:19:09,2.1438888888888887,1188,4,1,13.739,0.8375,4.119722222222222,21.617293835068054
2016-02-15 07:59:00,2016-02-16 05:37:40,2016-02-15 08:14:34,2016-02-16 05:21:47,2.241111111111111,3252,7,3,21.12,0.2594444444444444,0.26472222222222225,21.996753246753247
2016-02-15 09:47:09,2016-02-16 17:16:23,2016-02-15 10:01:42,2016-02-16 14:41:52,1.8025,3425,6,3,28.669,0.2425,2.575277777777778,19.911170021044796
2016-02-15 10:47:04,2016-02-16 08:08:27,2016-02-15 11:25:04,2016-02-16 07:48:34,0.9986111111111111,1505,4,1,20.392,0.6333333333333333,0.3313888888888889,18.450863083562183
2016-02-15 14:58:25,2016-02-17 15:27:07,2016-02-15 15:26:27,2016-02-17 14:40:19,4.189166666666667,4101,8,4,47.231,0.4672222222222222,0.78,10.85357074802566
2016-02-15 15:28:06,2016-02-16 18:43:38,2016-02-15 16:03:23,2016-02-16 18:33:52,0.49472222222222223,3285,7,3,26.508,0.5880555555555556,0.16277777777777777,17.7035504106577
2016-02-15 18:32:17,2016-02-16 02:31:30,2016-02-15 19:42:51,2016-02-16 00:47:02,3.069722222222222,436,4,0,5.07,1.176111111111111,1.741111111111111,21.499013806706113
2016-02-15 19:40:43,2016-02-16 06:42:16,2016-02-15 20:42:05,2016-02-16 05:55:17,1.1405555555555555,587,3,0,9.22,1.0227777777777778,0.7830555555555555,21.221981200289225
2016-02-15 19:49:47,2016-02-16 02:26:24,2016-02-15 20:22:34,2016-02-16 00:14:57,0.1511111111111111,201,3,0,3.873,0.5463888888888889,2.1908333333333334,17.299251226439452
2016-02-15 21:50:24,2016-02-16 04:03:24,2016-02-15 21:59:20,2016-02-16 03:07:46,2.0102777777777776,252,2,0,5.14,0.14888888888888888,0.9272222222222222,24.513618677042803
2016-02-15 23:53:13,2016-02-16 22:26:55,2016-02-16 00:16:03,2016-02-16 20:42:43,2.0469444444444442,2073,5,2,20.445,0.38055555555555554,1.7366666666666666,20.278796771826855
2016-02-16 00:52:15,2016-02-16 18:14:56,2016-02-16 01:13:15,2016-02-16 17:06:25,0.9838888888888889,1071,4,1,15.886,0.35,1.1419444444444444,16.854463049225735
2016-02-16 01:41:23,2016-02-16 17:09:20,2016-02-16 02:12:03,2016-02-16 15:47:58,0.8188888888888889,1479,5,1,13.599,0.5111111111111111,1.356111111111111,21.75159938230752
2016-02-16 02:46:21,2016-02-16 12:06:31,2016-02-16 04:21:36,2016-02-16 11:16:30,1.0827777777777778,416,3,0,6.915,1.5875,0.8336111111111111,20.053024825259097
2016-02-16 03:51:13,2016-02-17 05:50:19,2016-02-16 05:01:23,2016-02-17 05:28:32,1.0811111111111111,2117,5,2,24.453,1.1694444444444445,0.3630555555555556,17.314848893796263
2016-02-16 04:15:54,2016-02-16 11:46:12,2016-02-16 04:41:33,2016-02-16 10:08:53,0.4113888888888889,417,3,0,5.456,0.4275,1.6219444444444444,25.47653958944281
2016-02-16 04:23:04,2016-02-16 09:16:32,2016-02-16 05:53:07,2016-02-16 08:35:18,0.11944444444444445,187,3,0,2.703,1.5008333333333332,0.6872222222222222,23.060796645702307
2016-02-16 06:51:01,2016-02-16 10:36:32,2016-02-16 07:07:57,2016-02-16 08:36:34,2.4658333333333333,94,3,0,1.477,0.2822222222222222,1.9994444444444444,21.214172872940644
2016-02-16 07:42:47,2016-02-16 15:29:15,2016-02-16 08:24:25,2016-02-16 14:42:34,0.8627777777777778,709,4,0,6.303,0.6938888888888889,0.7780555555555555,28.121529430429955
2016-02-16 08:27:01,2016-02-16 22:26:36,2016-02-16 09:54:59,2016-02-16 22:02:39,0.7372222222222222,1561,6,1,12.128,1.4661111111111111,0.39916666666666667,21.45173702726473
2016-02-16 15:02:13,2016-02-17 12:01:07,2016-02-16 15:22:09,2016-02-17 11:30:36,6.586666666666667,2638,5,2,20.141,0.3322222222222222,0.5086111111111111,26.19532297304007
2016-02-16 16:31:20,2016-02-16 22:50:38,2016-02-16 16:57:04,2016-02-16 21:34:05,1.4852777777777777,221,2,0,4.617,0.4288888888888889,1.2758333333333334,23.93329001516136
2016-02-16 17:28:58,2016-02-17 06:32:04,2016-02-16 18:24:32,2016-02-17 04:00:38,0.9605555555555556,310,2,0,9.602,0.9261111111111111,2.523888888888889,16.142470318683607
2016-02-16 22:52:32,2016-02-17 12:22:53,2016-02-16 23:21:18,2016-02-17 11:14:53,5.392777777777778,1184,5,1,11.893,0.47944444444444445,1.1333333333333333,19.91087194147818
2016-02-16 23:31:30,2016-02-17 23:44:46,2016-02-17 00:25:54,2016-02-17 23:30:51,0.6494444444444445,2327,6,2,23.082,0.9066666666666666,0.23194444444444445,16.80241457990353
2016-02-17 04:35:18,2016-02-17 23:02:40,2016-02-17 05:11:29,2016-02-17 20:57:05,5.0633333333333335,1093,5,1,15.76,0.6030555555555556,2.0930555555555554,13.870558375634518
2016-02-17 06:18:06,2016-02-18 14:28:53,2016-02-17 06:27:34,2016-02-18 14:12:00,1.7133333333333334,4299,8,4,31.741,0.15777777777777777,0.2813888888888889,16.92999590435084
2016-02-17 08:00:09,2016-02-18 01:23:45,2016-02-17 08:25:47,2016-02-17 23:39:15,1.7008333333333334,1411,5,1,15.225,0.4272222222222222,1.7416666666666667,18.535303776683087
2016-02-17 08:25:41,2016-02-18 03:38:40,2016-02-17 09:16:11,2016-02-18 02:46:14,0.4255555555555556,1071,4,1,17.501,0.8416666666666667,0.8738888888888889,15.299125764242042
2016-02-17 13:56:47,2016-02-18 04:08:38,2016-02-17 16:18:19,2016-02-18 03:04:42,5.5183333333333335,1097,5,1,10.773,2.358888888888889,1.0655555555555556,20.365729137658963
2016-02-17 19:04:02,2016-02-18 11:19:45,2016-02-17 19:32:57,2016-02-18 10:56:47,5.120833333333334,1378,5,1,15.397,0.48194444444444445,0.3827777777777778,17.899590829382348
2016-02-17 19:17:20,2016-02-18 03:16:15,2016-02-17 19:40:51,2016-02-18 02:52:37,0.22166666666666668,1084,6,1,7.196,0.39194444444444443,0.3938888888888889,25.106540670743005
2016-02-17 21:39:40,2016-02-18 10:25:43,2016-02-17 22:45:21,2016-02-18 10:08:56,2.3722222222222222,1174,5,1,11.393,1.0947222222222222,0.2797222222222222,20.609145966821732
2016-02-17 22:06:40,2016-02-18 15:14:41,2016-02-17 22:32:14,2016-02-18 14:04:14,0.45,1076,5,1,15.533,0.4261111111111111,1.1741666666666666,13.854374557393937
2016-02-18 00:24:55,2016-02-19 06:22:13,2016-02-18 01:02:26,2016-02-19 04:37:55,2.3041666666666667,3365,7,3,27.592,0.6252777777777778,1.7383333333333333,17.422234187963383
2016-02-18 00:36:07,2016-02-18 19:22:03,2016-02-18 01:11:00,2016-02-18 18:32:28,0.18666666666666668,1155,5,1,17.358,0.5813888888888888,0.8263888888888888,13.307984790874524
2016-02-18 00:40:13,2016-02-18 14:15:39,2016-02-18 01:08:09,2016-02-18 12:52:23,0.06833333333333333,3119,8,3,11.737,0.46555555555555556,1.3877777777777778,33.217602453778646
2016-02-18 03:32:10,2016-02-18 19:08:05,2016-02-18 03:55:03,2016-02-18 18:22:14,2.8658333333333332,1331,5,1,14.453,0.3813888888888889,0.7641666666666667,18.41832145575313
2016-02-18 05:54:35,2016-02-19 05:27:45,2016-02-18 06:26:14,2016-02-19 04:27:31,2.373611111111111,2173,5,2,22.021,0.5275,1.0038888888888888,19.73570682530312
2016-02-18 07:42:22,2016-02-18 12:53:52,2016-02-18 08:15:09,2016-02-18 11:44:17,1.7963888888888888,349,4,0,3.486,0.5463888888888889,1.1597222222222223,25.028686173264486
2016-02-18 08:40:54,2016-02-18 12:15:52,2016-02-18 09:24:31,2016-02-18 11:57:50,0.9755555555555555,162,3,0,2.555,0.7269444444444444,0.3005555555555556,21.135029354207433
2016-02-18 10:08:20,2016-02-18 20:34:59,2016-02-18 10:44:31,2016-02-18 19:51:42,1.4572222222222222,1035,5,1,9.12,0.6030555555555556,0.7213888888888889,22.697368421052634
2016-02-18 10:12:06,2016-02-18 21:22:04,2016-02-18 10:37:28,2016-02-18 20:19:22,0.06277777777777778,1089,5,1,9.698,0.42277777777777775,1.045,22.45823881212621
2016-02-18 10:44:41,2016-02-18 18:28:22,2016-02-18 12:01:00,2016-02-18 16:52:23,0.5430555555555555,248,3,0,4.856,1.2719444444444445,1.5997222222222223,17.02361339923119
2016-02-18 20:22:01,2016-02-19 12:56:34,2016-02-18 20:34:26,2016-02-19 12:13:09,9.622222222222222,2006,6,2,15.645,0.20694444444444443,0.7236111111111111,21.369979759241502
2016-02-18 20:30:02,2016-02-19 02:45:59,2016-02-18 20:42:03,2016-02-19 02:24:12,0.13361111111111112,244,3,0,5.703,0.20027777777777778,0.3630555555555556,14.261499795429305
2016-02-18 21:01:46,2016-02-19 05:41:59,2016-02-18 21:28:33,2016-02-19 04:40:38,0.5288888888888889,1188,6,1,7.201,0.4463888888888889,1.0225,27.496181085960284
2016-02-18 22:07:17,2016-02-20 07:16:17,2016-02-18 22:32:18,2016-02-20 05:15:33,1.0919444444444444,2342,6,2,30.721,0.41694444444444445,2.0122222222222224,12.70574959582479
2016-02-18 22:35:53,2016-02-19 17:30:21,2016-02-18 23:03:45,2016-02-19 16:18:33,0.4766666666666667,2015,6,2,17.247,0.46444444444444444,1.1966666666666668,19.471985466071395
2016-02-18 22:46:19,2016-02-19 16:53:23,2016-02-18 23:46:53,2016-02-19 15:53:08,0.1738888888888889,1428,5,1,16.104,1.0094444444444444,1.0041666666666667,17.734724292101344
2016-02-19 03:14:36,2016-02-19 21:19:28,2016-02-19 03:46:41,2016-02-19 20:55:00,4.471388888888889,1238,4,1,17.138,0.5347222222222222,0.4077777777777778,18.059283463648033
2016-02-19 05:51:25,2016-02-19 18:01:10,2016-02-19 06:46:54,2016-02-19 17:23:45,2.613611111111111,628,3,0,10.614,0.9247222222222222,0.6236111111111111,19.7223792475347
2016-02-19 09:05:05,2016-02-19 18:50:52,2016-02-19 09:44:31,2016-02-19 17:45:21,3.227777777777778,263,3,0,8.014,0.6572222222222223,1.0919444444444444,10.939189751268614
2016-02-19 10:21:17,2016-02-20 00:11:51,2016-02-19 10:40:24,2016-02-19 22:56:26,1.27,406,3,0,12.267,0.3186111111111111,1.2569444444444444,11.03230890464933
2016-02-19 11:53:12,2016-02-20 16:44:10,2016-02-19 13:07:58,2016-02-20 15:47:53,1.5319444444444446,4372,8,4,26.665,1.2461111111111112,0.9380555555555555,20.495030939433715
2016-02-19 12:56:56,2016-02-19 15:22:03,2016-02-19 13:12:24,2016-02-19 14:59:41,1.0622222222222222,191,5,0,1.788,0.2577777777777778,0.37277777777777776,21.364653243847876
2016-02-19 15:17:44,2016-02-20 03:29:19,2016-02-19 15:58:57,2016-02-20 03:07:17,2.3466666666666667,503,2,0,11.139,0.6869444444444445,0.3672222222222222,22.57832839572673
2016-02-19 22:37:13,2016-02-20 15:25:32,2016-02-19 23:14:28,2016-02-20 14:36:14,7.324722222222222,1371,5,1,15.363,0.6208333333333333,0.8216666666666667,17.848076547549308
2016-02-19 23:11:44,2016-02-20 04:40:06,2016-02-19 23:44:43,2016-02-20 03:59:32,0.5752777777777778,199,2,0,4.247,0.5497222222222222,0.6761111111111111,23.428302331057218
2016-02-20 02:18:37,2016-02-20 09:21:13,2016-02-20 04:04:23,2016-02-20 07:44:53,3.1147222222222224,236,4,0,3.675,1.7627777777777778,1.6055555555555556,16.054421768707485
2016-02-20 06:48:01,2016-02-20 09:16:06,2016-02-20 07:07:35,2016-02-20 08:41:47,4.49,92,3,0,1.57,0.32611111111111113,0.5719444444444445,19.532908704883226
2016-02-20 07:20:03,2016-02-21 01:38:30,2016-02-20 08:21:12,2016-02-21 00:42:57,0.5338888888888889,1577,5,1,16.362,1.0191666666666668,0.9258333333333333,19.276372081652614
2016-02-20 08:02:34,2016-02-20 13:03:12,2016-02-20 08:57:12,2016-02-20 12:22:35,0.7086111111111111,246,4,0,3.423,0.9105555555555556,0.6769444444444445,17.96669588080631
2016-02-20 10:38:43,2016-02-20 20:12:53,2016-02-20 11:30:28,2016-02-20 19:12:48,2.6025,471,3,0,7.706,0.8625,1.0013888888888889,20.373734752141186
2016-02-20 15:05:30,2016-02-20 21:23:27,2016-02-20 15:12:06,2016-02-20 20:11:08,4.4463888888888885,276,3,0,4.984,0.11,1.2052777777777777,18.459069020866774
2016-02-20 16:32:14,2016-02-21 10:54:25,2016-02-20 17:02:06,2016-02-21 09:45:34,1.4455555555555555,1495,5,1,16.724,0.49777777777777776,1.1475,17.878497966993542
2016-02-21 02:02:34,2016-02-22 00:12:51,2016-02-21 02:39:11,2016-02-21 22:53:13,9.505555555555556,4148,8,4,20.234,0.6102777777777778,1.3272222222222223,25.62518533162004
2016-02-21 03:11:16,2016-02-21 12:24:15,2016-02-21 03:45:46,2016-02-21 10:10:45,1.145,448,4,0,6.416,0.575,2.225,17.456359102244388
2016-02-21 08:35:01,2016-02-23 15:40:34,2016-02-21 08:51:51,2016-02-23 14:54:45,5.395833333333333,3406,6,3,54.048,0.28055555555555556,0.7636111111111111,10.50300967041642
2016-02-21 09:32:41,2016-02-21 22:46:20,2016-02-21 10:00:13,2016-02-21 21:00:48,0.9611111111111111,1133,5,1,11.01,0.4588888888888889,1.758888888888889,20.58128973660309
2016-02-21 10:55:56,2016-02-22 02:15:08,2016-02-21 11:06:54,2016-02-22 01:51:12,1.3875,1535,6,1,14.738,0.1827777777777778,0.3988888888888889,17.35875514542905
2016-02-21 11:08:16,2016-02-22 00:10:33,2016-02-21 11:27:58,2016-02-21 23:06:47,0.20555555555555555,1050,4,1,11.647,0.3283333333333333,1.0627777777777778,22.537992616124324
2016-02-21 11:18:03,2016-02-22 20:00:22,2016-02-21 11:30:57,2016-02-22 19:11:00,0.16305555555555556,3330,7,3,31.667,0.215,0.8227777777777778,15.022398260469437
2016-02-21 12:09:26,2016-02-21 18:33:34,2016-02-21 13:58:32,2016-02-21 17:23:43,0.8563888888888889,112,2,0,3.42,1.8183333333333334,1.1641666666666666,16.374269005847953
2016-02-21 16:51:04,2016-02-22 02:06:54,2016-02-21 17:18:18,2016-02-22 01:35:43,4.693888888888889,592,3,0,8.29,0.4538888888888889,0.5197222222222222,23.80377965420185
2016-02-21 18:04:35,2016-02-22 03:25:37,2016-02-21 18:33:05,2016-02-22 02:16:13,1.2252777777777777,399,3,0,7.719,0.475,1.1566666666666667,17.230211167249642
2016-02-21 19:23:31,2016-02-22 06:46:18,2016-02-21 19:58:31,2016-02-22 05:20:34,1.3155555555555556,1125,5,1,9.368,0.5833333333333334,1.4288888888888889,24.01793339026473
2016-02-22 03:13:32,2016-02-22 17:54:39,2016-02-22 03:34:34,2016-02-22 16:28:20,7.833611111111111,1296,5,1,12.896,0.35055555555555556,1.438611111111111,20.09925558312655
2016-02-22 05:26:34,2016-02-23 03:56:37,2016-02-22 06:09:55,2016-02-23 03:32:05,2.2172222222222224,1432,5,1,21.37,0.7225,0.4088888888888889,13.401965372016845
2016-02-22 05:31:01,2016-02-22 23:35:20,2016-02-22 07:21:14,2016-02-22 22:17:27,0.07416666666666667,1234,4,1,14.937,1.8369444444444445,1.2980555555555555,20.65341099283658
2016-02-22 07:47:46,2016-02-22 21:43:27,2016-02-22 08:30:38,2016-02-22 19:30:47,2.279166666666667,1230,6,1,11.002,0.7144444444444444,2.2111111111111112,18.632975822577713
2016-02-22 09:15:42,2016-02-23 22:05:20,2016-02-22 09:29:32,2016-02-23 21:46:23,1.4655555555555555,3298,7,3,36.281,0.23055555555555557,0.31583333333333335,12.985939118074397
2016-02-22 09:35:55,2016-02-22 15:36:27,2016-02-22 09:59:02,2016-02-22 13:15:25,0.33694444444444444,165,3,0,3.273,0.3852777777777778,2.3505555555555557,16.804155209288112
2016-02-22 10:47:31,2016-02-22 22:23:08,2016-02-22 11:14:35,2016-02-22 21:47:57,1.1933333333333334,1319,5,1,10.556,0.45111111111111113,0.5863888888888888,24.99052671466465
2016-02-22 11:47:22,2016-02-22 21:21:02,2016-02-22 12:14:57,2016-02-22 19:22:59,0.9975,330,3,0,7.134,0.4597222222222222,1.9675,15.419119708438464
2016-02-22 12:35:23,2016-02-23 06:53:17,2016-02-22 13:19:03,2016-02-23 05:30:17,0.8002777777777778,1054,4,1,16.187,0.7277777777777777,1.3833333333333333,16.278495088651386
2016-02-22 13:18:35,2016-02-25 00:01:44,2016-02-22 13:42:20,2016-02-24 23:35:09,0.72,4126,8,4,57.88,0.3958333333333333,0.44305555555555554,8.910677263303386
2016-02-22 15:23:53,2016-02-23 07:06:04,2016-02-22 15:47:59,2016-02-23 06:03:45,2.0883333333333334,1094,5,1,14.263,0.40166666666666667,1.0386111111111112,15.34039122204305
2016-02-22 20:42:09,2016-02-23 04:50:54,2016-02-22 22:06:25,2016-02-23 04:26:23,5.304444444444444,246,2,0,6.333,1.4044444444444444,0.4086111111111111,19.422074846044527
2016-02-23 01:22:30,2016-02-23 06:40:40,2016-02-23 02:00:16,2016-02-23 06:28:18,4.6725,278,3,0,4.467,0.6294444444444445,0.2061111111111111,20.74472054324304
2016-02-23 01:52:32,2016-02-23 11:40:10,2016-02-23 01:57:19,2016-02-23 11:03:55,0.5005555555555555,576,3,0,9.11,0.07972222222222222,0.6041666666666666,21.075740944017564
2016-02-23 03:48:54,2016-02-23 09:59:02,2016-02-23 04:19:57,2016-02-23 07:29:11,1.9394444444444445,155,3,0,3.154,0.5175,2.4975,16.38131473261467
2016-02-23 09:07:52,2016-02-24 08:34:27,2016-02-23 10:23:30,2016-02-24 06:56:21,5.316111111111111,2136,7,2,20.547,1.2605555555555557,1.635,14.850968858853221
2016-02-23 09:59:15,2016-02-24 07:41:36,2016-02-23 10:42:20,2016-02-24 07:14:50,0.8563888888888889,2378,6,2,20.542,0.7180555555555556,0.4461111111111111,19.293804563009118
2016-02-23 11:50:11,2016-02-23 16:39:37,2016-02-23 12:19:28,2016-02-23 16:02:13,1.8488888888888888,193,3,0,3.713,0.4880555555555556,0.6233333333333333,17.326510458748544
2016-02-23 13:54:45,2016-02-24 10:22:05,2016-02-23 14:24:33,2016-02-24 09:23:49,2.076111111111111,2232,6,2,18.988,0.49666666666666665,0.9711111111111111,19.591320834211082
2016-02-23 16:35:20,2016-02-24 14:06:00,2016-02-23 18:13:46,2016-02-24 12:48:25,2.676388888888889,1190,5,1,18.578,1.6405555555555555,1.2930555555555556,12.81085154483798
2016-02-23 17:08:49,2016-02-24 13:05:37,2016-02-23 18:29:46,2016-02-24 12:32:57,0.5580555555555555,1376,5,1,18.053,1.3491666666666666,0.5444444444444444,15.244003766686976
2016-02-24 15:12:09,2016-02-25 08:14:58,2016-02-24 15:22:12,2016-02-25 07:46:24,22.055555555555557,706,2,0,16.403,0.1675,0.4761111111111111,21.520453575565448
2016-02-24 21:37:24,2016-02-25 02:38:38,2016-02-24 22:17:29,2016-02-25 00:40:41,6.420833333333333,188,4,0,2.387,0.6680555555555555,1.9658333333333333,19.689987431922916
2016-02-24 22:48:15,2016-02-25 18:33:45,2016-02-24 23:12:49,2016-02-25 16:59:07,1.1808333333333334,2449,6,2,17.772,0.40944444444444444,1.5772222222222223,22.966839222747396
2016-02-25 00:18:26,2016-02-25 10:37:17,2016-02-25 00:29:55,2016-02-25 10:10:46,1.5030555555555556,1265,5,1,9.681,0.1913888888888889,0.4419444444444444,26.133663877698588
2016-02-25 14:37:30,2016-02-26 05:46:29,2016-02-25 14:48:04,2016-02-26 00:47:27,14.317777777777778,1094,5,1,9.99,0.1761111111111111,4.983888888888889,21.9019019019019
2016-02-25 17:20:01,2016-02-25 21:57:33,2016-02-25 18:00:06,2016-02-25 21:32:14,2.7086111111111113,207,3,0,3.536,0.6680555555555555,0.42194444444444446,19.513574660633484
2016-02-25 17:21:49,2016-02-25 23:11:21,2016-02-25 18:51:20,2016-02-25 22:37:14,0.03,111,2,0,3.765,1.4919444444444445,0.5686111111111111,14.741035856573705
2016-02-25 21:46:25,2016-02-26 18:36:32,2016-02-25 22:23:48,2016-02-26 17:12:51,4.41,1750,5,1,18.818,0.6230555555555556,1.3947222222222222,18.599213518971197
2016-02-26 01:11:44,2016-02-26 19:59:04,2016-02-26 02:31:35,2016-02-26 17:26:57,3.4219444444444442,306,3,0,14.923,1.3308333333333333,2.535277777777778,6.835086778797829
2016-02-26 03:06:04,2016-02-27 00:02:07,2016-02-26 04:13:15,2016-02-26 22:47:28,1.9055555555555554,1204,4,1,18.57,1.1197222222222223,1.2441666666666666,16.20893914916532
2016-02-26 03:43:53,2016-02-26 10:52:39,2016-02-26 06:03:16,2016-02-26 08:11:05,0.6302777777777778,179,4,0,2.13,2.3230555555555554,2.6927777777777777,21.009389671361504
2016-02-26 04:36:45,2016-02-26 11:04:44,2016-02-26 05:15:39,2016-02-26 08:45:22,0.8811111111111111,193,3,0,3.495,0.6483333333333333,2.3227777777777776,18.407248450166907
2016-02-26 05:21:08,2016-02-26 16:45:31,2016-02-26 05:38:53,2016-02-26 16:06:56,0.7397222222222222,374,3,0,10.468,0.29583333333333334,0.6430555555555556,11.909310915806904
2016-02-26 06:04:23,2016-02-26 21:53:41,2016-02-26 08:38:10,2016-02-26 20:48:34,0.7208333333333333,1372,5,1,12.173,2.5630555555555556,1.0852777777777778,22.54169062679701
2016-02-26 11:27:59,2016-02-27 06:00:57,2016-02-26 12:20:23,2016-02-27 04:53:03,5.3933333333333335,1405,5,1,16.545,0.8733333333333333,1.1316666666666666,16.98398307645814
2016-02-26 14:52:35,2016-02-27 01:03:26,2016-02-26 15:01:41,2016-02-27 00:25:59,3.41,500,3,0,9.405,0.15166666666666667,0.6241666666666666,17.721070352649303
2016-02-26 16:53:49,2016-02-27 09:03:10,2016-02-26 18:53:07,2016-02-27 08:05:41,2.0205555555555557,516,2,0,13.209,1.9883333333333333,0.9580555555555555,19.532137179196003
2016-02-26 19:02:20,2016-02-27 02:32:55,2016-02-26 19:58:05,2016-02-27 02:09:36,2.1419444444444444,576,3,0,6.192,0.9291666666666667,0.38861111111111113,31.007751937984494
2016-02-26 23:10:11,2016-02-28 04:37:54,2016-02-26 23:38:11,2016-02-28 03:46:32,4.130833333333333,3613,7,3,28.139,0.4666666666666667,0.8561111111111112,18.34261548537109
2016-02-27 00:18:11,2016-02-27 13:10:03,2016-02-27 01:27:49,2016-02-27 11:55:56,1.1333333333333333,1208,5,1,10.469,1.1605555555555556,1.2352777777777777,23.077657846976788
2016-02-27 01:31:36,2016-02-27 22:53:47,2016-02-27 02:54:38,2016-02-27 22:30:14,1.2236111111111112,3353,7,3,19.593,1.383888888888889,0.3925,24.4475067626193
2016-02-27 03:35:14,2016-02-27 11:11:57,2016-02-27 03:53:42,2016-02-27 10:12:37,2.0605555555555557,220,2,0,6.315,0.30777777777777776,0.9888888888888889,17.418844022169438
2016-02-27 07:47:38,2016-02-27 12:18:30,2016-02-27 08:18:43,2016-02-27 11:12:21,4.206666666666667,360,5,0,2.894,0.5180555555555556,1.1025,24.8790601243953
2016-02-27 08:29:20,2016-02-28 15:15:34,2016-02-27 09:00:08,2016-02-28 14:05:35,0.695,1377,4,1,29.091,0.5133333333333333,1.166388888888889,11.833556770135093
2016-02-27 09:25:50,2016-02-28 10:44:59,2016-02-27 09:34:22,2016-02-28 10:18:48,0.9416666666666667,1474,4,1,24.741,0.14222222222222222,0.4363888888888889,14.894304999797907
2016-02-27 15:16:19,2016-02-28 09:14:08,2016-02-27 15:43:56,2016-02-28 08:37:00,5.841388888888889,1313,4,1,16.884,0.4602777777777778,0.6188888888888889,19.441483060886046
2016-02-27 19:33:28,2016-02-28 01:55:07,2016-02-27 20:21:18,2016-02-27 23:41:01,4.285833333333334,192,3,0,3.329,0.7972222222222223,2.235,19.22499249023731
2016-02-28 00:22:29,2016-02-28 12:09:13,2016-02-28 01:29:03,2016-02-28 11:50:46,4.816944444444444,1038,5,1,10.362,1.1094444444444445,0.3075,20.03474232773596
2016-02-28 01:33:17,2016-02-28 10:57:06,2016-02-28 02:02:05,2016-02-28 10:21:05,1.18,333,3,0,8.317,0.48,0.6002777777777778,13.346158470602381
2016-02-28 02:09:07,2016-02-28 05:41:22,2016-02-28 02:31:21,2016-02-28 03:43:15,0.5972222222222222,45,2,0,1.198,0.3705555555555556,1.968611111111111,18.78130217028381
2016-02-28 02:53:38,2016-02-28 20:32:18,2016-02-28 03:06:10,2016-02-28 19:44:44,0.7419444444444444,1099,4,1,16.643,0.2088888888888889,0.7927777777777778,16.508441987622422
2016-02-28 03:34:07,2016-02-28 08:30:41,2016-02-28 03:44:36,2016-02-28 07:26:01,0.6747222222222222,176,2,0,3.69,0.17472222222222222,1.0777777777777777,23.848238482384826
2016-02-28 06:11:45,2016-02-29 07:58:33,2016-02-28 06:31:38,2016-02-29 07:02:07,2.627222222222222,4473,8,4,24.508,0.3313888888888889,0.9405555555555556,22.813979108862412
2016-02-28 08:58:15,2016-02-28 21:22:47,2016-02-28 10:05:38,2016-02-28 20:11:07,2.775,596,3,0,10.091,1.1230555555555555,1.1944444444444444,19.68751032272983
2016-02-28 13:32:01,2016-02-28 17:22:59,2016-02-28 14:00:52,2016-02-28 16:28:42,4.562777777777778,100,2,0,2.464,0.48083333333333333,0.9047222222222222,20.292207792207794
2016-02-28 17:39:17,2016-02-29 19:12:36,2016-02-28 17:44:20,2016-02-29 17:59:22,4.121111111111111,3004,8,3,24.25,0.08416666666666667,1.2205555555555556,15.484536082474227
2016-02-28 18:13:45,2016-02-29 14:03:24,2016-02-28 18:34:01,2016-02-29 12:38:25,0.5744444444444444,4176,8,4,18.073,0.3377777777777778,1.416388888888889,28.882863940685
2016-02-28 18:40:09,2016-02-29 21:36:22,2016-02-28 20:57:36,2016-02-29 20:04:50,0.44,1523,5,1,23.121,2.2908333333333335,1.5255555555555556,13.174170667358679
2016-02-28 19:01:48,2016-02-29 14:33:27,2016-02-28 19:44:02,2016-02-29 14:05:23,0.36083333333333334,2257,6,2,18.356,0.7038888888888889,0.4677777777777778,20.49284520955909
2016-02-28 20:27:34,2016-03-01 00:42:45,2016-02-28 20:41:06,2016-02-29 23:51:24,1.4294444444444445,4072,7,4,27.172,0.22555555555555556,0.8558333333333333,21.40859287922441
2016-02-28 23:14:36,2016-02-29 20:24:01,2016-02-28 23:58:40,2016-02-29 16:51:18,2.783888888888889,2395,6,2,16.877,0.7344444444444445,3.5452777777777778,23.65151784479864
2016-02-29 00:09:05,2016-02-29 10:28:08,2016-02-29 00:30:22,2016-02-29 09:46:53,0.9080555555555555,1145,5,1,9.275,0.3547222222222222,0.6875,24.6900269541779
2016-02-29 01:46:29,2016-02-29 08:49:16,2016-02-29 02:11:11,2016-02-29 08:38:47,1.6233333333333333,203,2,0,6.46,0.4116666666666667,0.17472222222222222,15.712074303405572
2016-02-29 06:11:44,2016-02-29 09:36:26,2016-02-29 06:45:12,2016-02-29 08:30:46,4.420833333333333,119,3,0,1.76,0.5577777777777778,1.0944444444444446,22.537878787878785
2016-02-29 08:22:16,2016-02-29 13:45:34,2016-02-29 08:41:12,2016-02-29 11:30:28,2.1755555555555555,154,3,0,2.821,0.31555555555555553,2.2516666666666665,18.196856906534325
2016-02-29 11:17:07,2016-02-29 19:03:11,2016-02-29 11:39:32,2016-02-29 18:11:38,2.9141666666666666,296,3,0,6.535,0.3736111111111111,0.8591666666666666,15.098189237439428
2016-02-29 12:12:24,2016-02-29 17:21:40,2016-02-29 13:07:04,2016-02-29 16:38:59,0.9213888888888889,244,4,0,3.532,0.9111111111111111,0.7113888888888888,17.27066817667044
2016-02-29 14:28:54,2016-02-29 17:34:06,2016-02-29 15:11:15,2016-02-29 17:23:04,2.275,144,4,0,2.197,0.7058333333333333,0.18388888888888888,16.385980883022302
2016-02-29 20:46:01,2016-03-01 10:47:29,2016-02-29 21:20:24,2016-03-01 10:30:17,6.285277777777778,1354,5,1,13.165,0.5730555555555555,0.2866666666666667,20.569692366122297
2016-02-29 20:46:42,2016-03-01 22:13:07,2016-02-29 22:48:31,2016-03-01 21:29:00,0.01138888888888889,2084,6,2,22.674,2.0302777777777776,0.7352777777777778,15.31857340272265
2016-03-01 00:44:02,2016-03-01 04:25:51,2016-03-01 00:56:41,2016-03-01 03:43:30,3.9555555555555557,147,3,0,2.78,0.21083333333333334,0.7058333333333333,17.62589928057554
2016-03-01 02:34:41,2016-03-01 15:07:36,2016-03-01 03:23:36,2016-03-01 14:31:26,1.8441666666666667,1093,6,1,11.13,0.8152777777777778,0.6027777777777777,16.367175801138064
2016-03-01 05:06:58,2016-03-01 16:26:57,2016-03-01 05:42:00,2016-03-01 16:10:02,2.5380555555555557,1296,6,1,10.467,0.5838888888888889,0.28194444444444444,20.636285468615647
2016-03-01 07:59:48,2016-03-02 02:36:48,2016-03-01 09:37:18,2016-03-02 01:37:29,2.8805555555555555,697,4,0,16.003,1.625,0.9886111111111111,10.88858339061426
2016-03-01 08:43:23,2016-03-01 15:51:19,2016-03-01 08:54:47,2016-03-01 15:26:09,0.7263888888888889,422,3,0,6.523,0.19,0.41944444444444445,21.564719709745006
2016-03-01 09:11:47,2016-03-02 00:30:09,2016-03-01 09:24:14,2016-03-01 23:07:39,0.47333333333333333,1251,5,1,13.724,0.2075,1.375,18.230836490819
2016-03-01 10:39:31,2016-03-01 12:24:53,2016-03-01 11:18:49,2016-03-01 12:12:09,1.4622222222222223,65,3,0,0.889,0.655,0.21222222222222223,24.371953505811774
2016-03-01 17:24:31,2016-03-02 21:09:38,2016-03-01 18:06:48,2016-03-02 20:02:16,6.75,1447,5,1,25.924,0.7047222222222222,1.1227777777777779,11.16340070976701
2016-03-01 18:32:32,2016-03-02 06:40:58,2016-03-01 19:21:05,2016-03-02 06:24:27,1.1336111111111111,1155,5,1,11.056,0.8091666666666667,0.2752777777777778,20.893632416787266
2016-03-01 19:21:39,2016-03-02 12:42:59,2016-03-01 20:10:56,2016-03-02 11:38:56,0.8186111111111111,1289,5,1,15.467,0.8213888888888888,1.0675,16.66774422965022
2016-03-01 20:16:13,2016-03-02 14:51:37,2016-03-01 20:59:38,2016-03-02 12:59:23,0.9094444444444445,639,3,0,15.996,0.7236111111111111,1.8705555555555555,13.31582895723931
2016-03-01 21:43:39,2016-03-02 20:01:57,2016-03-01 22:03:47,2016-03-02 19:29:37,1.4572222222222222,1035,4,1,21.431,0.33555555555555555,0.5388888888888889,12.07363165507909
2016-03-01 21:57:55,2016-03-02 17:46:33,2016-03-01 22:12:43,2016-03-02 17:20:55,0.23777777777777778,3182,7,3,19.137,0.24666666666666667,0.4272222222222222,23.753536529833756
2016-03-01 21:59:56,2016-03-02 02:21:58,2016-03-01 22:34:29,2016-03-02 00:55:20,0.03361111111111111,128,3,0,2.348,0.5758333333333333,1.443888888888889,18.171493469619534
2016-03-01 23:02:22,2016-03-02 05:33:58,2016-03-02 00:10:51,2016-03-02 04:33:25,1.0405555555555555,165,3,0,4.376,1.1413888888888888,1.0091666666666668,12.568555758683729
2016-03-01 23:29:45,2016-03-02 02:18:06,2016-03-01 23:39:46,2016-03-02 01:47:41,0.4563888888888889,106,3,0,2.132,0.16694444444444445,0.5069444444444444,16.572858036272667
2016-03-01 23:34:06,2016-03-02 08:00:00,2016-03-01 23:54:34,2016-03-02 06:47:55,0.0725,568,4,0,6.889,0.3411111111111111,1.2013888888888888,20.612570764987662
2016-03-02 01:35:47,2016-03-02 11:57:30,2016-03-02 02:08:57,2016-03-02 10:27:18,2.0280555555555555,1345,6,1,8.306,0.5527777777777778,1.5033333333333334,26.98852235331889
2016-03-02 02:22:08,2016-03-02 07:42:48,2016-03-02 02:53:20,2016-03-02 06:55:31,0.7725,373,4,0,4.037,0.52,0.7880555555555555,23.098835769135498
2016-03-02 05:18:06,2016-03-03 13:47:59,2016-03-02 05:53:59,2016-03-03 11:56:38,2.932777777777778,3159,6,3,30.044,0.5980555555555556,1.8558333333333332,17.52429769671149
2016-03-02 07:55:24,2016-03-03 08:45:11,2016-03-02 08:13:48,2016-03-03 08:26:17,2.6216666666666666,3456,7,3,24.208,0.30666666666666664,0.315,20.394674723822114
2016-03-02 09:11:29,2016-03-03 04:01:08,2016-03-02 11:01:06,2016-03-03 02:58:35,1.2680555555555555,1479,4,1,15.958,1.8269444444444445,1.0425,23.170196766512095
2016-03-02 12:04:01,2016-03-02 21:25:34,2016-03-02 12:14:28,2016-03-02 19:18:54,2.8755555555555556,206,2,0,7.074,0.17416666666666666,2.111111111111111,14.560361888606163
2016-03-02 13:26:39,2016-03-02 18:21:36,2016-03-02 14:00:29,2016-03-02 17:35:35,1.3772222222222221,291,4,0,3.585,0.5638888888888889,0.7669444444444444,20.292887029288703
2016-03-02 15:27:16,2016-03-03 07:26:46,2016-03-02 16:16:17,2016-03-03 05:09:31,2.0102777777777776,1381,7,1,12.887,0.8169444444444445,2.2875,15.308893791085147
2016-03-02 15:53:51,2016-03-03 09:50:22,2016-03-02 16:36:52,2016-03-03 09:29:10,0.44305555555555554,2269,6,2,16.872,0.7169444444444445,0.35333333333333333,22.413861229650703
2016-03-02 17:27:04,2016-03-03 11:26:05,2016-03-02 18:35:43,2016-03-03 10:58:59,1.553611111111111,1457,5,1,16.388,1.1441666666666668,0.45166666666666666,17.781303392726382
2016-03-02 17:36:08,2016-03-03 13:46:14,2016-03-02 18:07:18,2016-03-03 12:38:49,0.1511111111111111,2259,6,2,18.525,0.5194444444444445,1.1236111111111111,20.323886639676115
2016-03-02 17:49:55,2016-03-02 21:03:47,2016-03-02 18:12:26,2016-03-02 20:12:54,0.22972222222222222,143,4,0,2.008,0.37527777777777777,0.8480555555555556,17.80378486055777
2016-03-02 19:32:23,2016-03-03 03:25:43,2016-03-02 21:28:15,2016-03-03 02:19:21,1.7077777777777778,289,3,0,4.852,1.931111111111111,1.106111111111111,19.854355592195656
2016-03-02 22:21:37,2016-03-04 01:15:18,2016-03-02 22:41:58,2016-03-04 00:33:12,2.8205555555555555,3093,7,3,25.854,0.33916666666666667,0.7016666666666667,17.09047508536949
2016-03-02 22:59:37,2016-03-03 13:29:17,2016-03-02 23:28:18,2016-03-03 13:01:25,0.6333333333333333,2269,7,2,13.552,0.47805555555555557,0.46444444444444444,23.918451678191936
2016-03-02 23:11:05,2016-03-04 13:43:47,2016-03-03 00:41:44,2016-03-04 11:55:46,0.19111111111111112,2325,6,2,35.234,1.5108333333333333,1.8002777777777779,10.99789975591758
2016-03-03 05:38:25,2016-03-03 15:24:17,2016-03-03 06:35:49,2016-03-03 14:52:19,6.455555555555556,1030,6,1,8.275,0.9566666666666667,0.5327777777777778,20.74521651560926
2016-03-03 10:07:54,2016-03-04 05:42:23,2016-03-03 10:40:42,2016-03-04 01:58:50,4.491388888888889,2432,6,2,15.302,0.5466666666666666,3.7258333333333336,26.488912124776718
2016-03-04 01:00:05,2016-03-04 18:42:05,2016-03-04 01:14:47,2016-03-04 15:33:13,14.869722222222222,1373,5,1,14.307,0.245,3.147777777777778,19.193401831271405
2016-03-04 04:58:15,2016-03-04 19:07:54,2016-03-04 05:14:05,2016-03-04 18:02:25,3.9694444444444446,1264,5,1,12.806,0.2638888888888889,1.091388888888889,19.740746525066374
2016-03-04 09:30:44,2016-03-06 05:28:08,2016-03-04 10:15:13,2016-03-06 04:35:19,4.541388888888889,4175,8,4,42.335,0.7413888888888889,0.8802777777777778,12.327270579898428
2016-03-04 16:17:28,2016-03-04 23:11:26,2016-03-04 16:33:39,2016-03-04 22:52:00,6.778888888888889,472,3,0,6.306,0.2697222222222222,0.3238888888888889,24.949783275187652
2016-03-04 17:46:46,2016-03-04 23:31:14,2016-03-04 18:12:37,2016-03-04 20:32:38,1.4883333333333333,132,3,0,2.334,0.43083333333333335,2.9766666666666666,18.851756640959724
2016-03-04 21:08:12,2016-03-05 17:36:09,2016-03-04 21:39:06,2016-03-05 15:50:41,3.357222222222222,1506,5,1,18.193,0.515,1.7577777777777779,16.555818171824328
2016-03-05 00:13:26,2016-03-06 19:57:35,2016-03-05 01:09:44,2016-03-06 18:16:38,3.087222222222222,3398,7,3,41.115,0.9383333333333334,1.6825,11.806605166692727
2016-03-05 03:33:05,2016-03-05 10:49:53,2016-03-05 03:46:46,2016-03-05 09:53:50,3.3275,548,4,0,6.118,0.22805555555555557,0.9341666666666667,22.392938868911408
2016-03-05 04:42:53,2016-03-05 10:20:40,2016-03-05 05:29:30,2016-03-05 09:14:43,1.1633333333333333,341,4,0,3.754,0.7769444444444444,1.0991666666666666,22.709110282365476
2016-03-05 08:46:15,2016-03-05 19:53:29,2016-03-05 09:28:15,2016-03-05 17:53:49,4.056111111111111,372,2,0,8.426,0.7,1.9944444444444445,22.074531212912415
2016-03-05 10:46:22,2016-03-06 02:52:43,2016-03-05 11:22:54,2016-03-06 01:45:25,2.0019444444444443,1395,5,1,14.375,0.6088888888888889,1.1216666666666666,19.408695652173915
2016-03-05 11:21:38,2016-03-06 15:40:59,2016-03-05 12:32:09,2016-03-06 13:10:58,0.5877777777777777,2196,6,2,24.647,1.1752777777777779,2.500277777777778,14.849677445530896
2016-03-05 11:28:05,2016-03-06 06:45:30,2016-03-05 12:47:09,2016-03-06 02:29:57,0.1075,529,2,0,13.713,1.3177777777777777,4.259166666666666,19.288266608327866
2016-03-05 13:57:48,2016-03-06 11:36:45,2016-03-05 17:54:19,2016-03-06 10:41:43,2.495277777777778,2228,7,2,16.79,3.9419444444444443,0.9172222222222223,18.95686207776738
2016-03-05 14:42:36,2016-03-06 20:33:44,2016-03-05 15:45:56,2016-03-06 20:08:20,0.7466666666666667,4173,8,4,28.374,1.0555555555555556,0.42333333333333334,18.383907802918166
2016-03-05 21:00:50,2016-03-06 11:43:57,2016-03-05 21:15:59,2016-03-06 09:49:45,6.303888888888889,2057,7,2,12.563,0.2525,1.9033333333333333,23.390682389329207
2016-03-05 21:02:02,2016-03-07 01:47:56,2016-03-05 21:41:10,2016-03-06 22:35:25,0.02,2283,6,2,24.904,0.6522222222222223,3.2086111111111113,15.278670093157725
2016-03-05 23:47:35,2016-03-06 11:58:50,2016-03-05 23:59:50,2016-03-06 10:42:21,2.7591666666666668,1077,5,1,10.709,0.20416666666666666,1.2747222222222223,20.113922868615184
2016-03-06 02:11:53,2016-03-07 01:44:49,2016-03-06 05:05:12,2016-03-07 01:07:58,2.405,2216,5,2,20.046,2.888611111111111,0.6141666666666666,22.109148957397988
2016-03-06 02:42:15,2016-03-06 09:13:46,2016-03-06 03:03:23,2016-03-06 07:47:59,0.5061111111111111,319,3,0,4.743,0.3522222222222222,1.4297222222222221,22.419003443671375
2016-03-06 04:05:34,2016-03-08 10:37:38,2016-03-06 04:33:27,2016-03-08 09:02:34,1.388611111111111,8378,9,6,52.485,0.4647222222222222,1.5844444444444445,17.736284441057233
2016-03-06 04:07:06,2016-03-06 14:05:02,2016-03-06 05:35:35,2016-03-06 12:50:43,0.025555555555555557,1179,6,1,7.252,1.4747222222222223,1.238611111111111,27.095973524544952
2016-03-06 07:53:54,2016-03-07 04:00:04,2016-03-06 08:47:05,2016-03-07 03:30:15,3.78,2274,6,2,18.719,0.8863888888888889,0.49694444444444447,20.246808055985895
2016-03-06 08:27:52,2016-03-07 01:11:54,2016-03-06 08:47:24,2016-03-06 23:55:33,0.5661111111111111,1303,5,1,15.136,0.32555555555555554,1.2725,17.217230443974632
2016-03-06 13:13:26,2016-03-06 16:47:08,2016-03-06 13:25:12,2016-03-06 16:23:35,4.759444444444444,178,3,0,2.973,0.19611111111111112,0.3925,19.95739432671824
2016-03-06 14:22:35,2016-03-07 08:55:58,2016-03-06 14:39:16,2016-03-07 08:38:22,1.1525,2391,6,2,17.985,0.27805555555555556,0.29333333333333333,22.157353350013903
2016-03-06 14:51:41,2016-03-07 08:35:05,2016-03-06 15:36:20,2016-03-07 07:39:20,0.485,2324,7,2,16.05,0.7441666666666666,0.9291666666666667,20.68535825545171
2016-03-06 15:52:31,2016-03-06 18:23:45,2016-03-06 16:29:18,2016-03-06 18:05:27,1.0138888888888888,106,4,0,1.603,0.6130555555555556,0.305,16.53150343106675
2016-03-06 17:12:40,2016-03-06 20:13:55,2016-03-06 17:33:36,2016-03-06 19:09:19,1.3358333333333334,109,3,0,1.595,0.3488888888888889,1.0766666666666667,22.779519331243467
2016-03-06 17:29:09,2016-03-07 09:21:41,2016-03-06 17:37:56,2016-03-07 08:16:34,0.2747222222222222,541,3,0,14.644,0.1463888888888889,1.0852777777777778,12.314486023855048
2016-03-06 18:47:15,2016-03-06 23:14:44,2016-03-06 19:34:27,2016-03-06 22:36:38,1.3016666666666667,274,3,0,3.036,0.7866666666666666,0.635,30.083443126921384
2016-03-06 20:02:28,2016-03-07 18:15:22,2016-03-06 20:29:38,2016-03-07 12:58:08,1.253611111111111,1404,5,1,16.475,0.4527777777777778,5.287222222222222,17.04400606980273
2016-03-06 22:19:18,2016-03-07 15:01:50,2016-03-06 22:33:30,2016-03-07 13:06:04,2.2805555555555554,2417,7,2,14.543,0.23666666666666666,1.9294444444444445,23.742399387039423
2016-03-07 01:27:17,2016-03-07 16:52:35,2016-03-07 02:01:29,2016-03-07 16:06:44,3.1330555555555555,2097,6,2,14.088,0.57,0.7641666666666667,24.808347529812607
2016-03-07 08:15:31,2016-03-07 15:17:43,2016-03-07 09:00:53,2016-03-07 12:51:18,6.803888888888889,244,3,0,3.84,0.7561111111111111,2.4402777777777778,21.180555555555557
2016-03-07 12:29:42,2016-03-08 14:49:09,2016-03-07 14:04:33,2016-03-08 13:42:14,4.2363888888888885,3525,8,3,23.628,1.5808333333333333,1.1152777777777778,18.648425596749618
2016-03-07 14:13:06,2016-03-08 08:36:04,2016-03-07 14:19:39,2016-03-08 07:42:18,1.7233333333333334,1239,4,1,17.378,0.10916666666666666,0.8961111111111111,17.824260559327886
2016-03-07 15:07:11,2016-03-08 04:27:18,2016-03-07 15:42:43,2016-03-08 03:25:56,0.9013888888888889,1482,5,1,11.72,0.5922222222222222,1.0227777777777778,25.2901023890785
2016-03-07 17:27:12,2016-03-08 01:17:14,2016-03-07 18:51:14,2016-03-08 00:46:37,2.3336111111111113,227,2,0,5.923,1.4005555555555556,0.5102777777777778,19.162586527097755
2016-03-07 18:36:39,2016-03-08 00:07:53,2016-03-07 18:57:14,2016-03-07 23:20:26,1.1575,331,3,0,4.387,0.34305555555555556,0.7908333333333334,25.150064584758002
2016-03-07 20:46:49,2016-03-08 03:57:45,2016-03-07 21:09:09,2016-03-08 02:19:27,2.1694444444444443,275,3,0,5.172,0.37222222222222223,1.6383333333333334,17.723640113431298
2016-03-08 00:59:17,2016-03-09 00:39:04,2016-03-08 01:12:13,2016-03-08 22:01:05,4.207777777777777,1388,4,1,20.814,0.21555555555555556,2.6330555555555555,16.67147112520419
2016-03-08 01:56:50,2016-03-08 12:27:08,2016-03-08 04:24:15,2016-03-08 11:49:18,0.9591666666666666,567,3,0,7.418,2.4569444444444444,0.6305555555555555,25.4785656511189
2016-03-08 05:04:29,2016-03-08 17:10:30,2016-03-08 05:50:32,2016-03-08 12:54:37,3.1275,1273,5,1,7.068,0.7675,4.264722222222222,36.02150537634409
2016-03-08 08:24:15,2016-03-09 02:17:21,2016-03-08 10:40:51,2016-03-09 00:15:11,3.3294444444444444,2083,7,2,13.572,2.276666666666667,2.036111111111111,21.92539261504779
2016-03-08 09:22:35,2016-03-08 12:07:01,2016-03-08 09:50:21,2016-03-08 11:46:07,0.9722222222222222,64,3,0,1.929,0.4627777777777778,0.34833333333333333,11.059270779332987
2016-03-08 13:40:35,2016-03-09 02:45:56,2016-03-08 14:12:41,2016-03-09 01:31:13,4.3,620,3,0,11.309,0.535,1.2452777777777777,18.27453060983877
2016-03-08 16:48:29,2016-03-09 13:45:44,2016-03-08 19:09:40,2016-03-09 13:21:33,3.131666666666667,1276,5,1,18.198,2.3530555555555557,0.40305555555555556,14.023519068029453
2016-03-08 16:59:36,2016-03-08 23:09:53,2016-03-08 17:21:45,2016-03-08 22:27:51,0.1852777777777778,201,3,0,5.102,0.36916666666666664,0.7005555555555556,13.132105056840453
2016-03-08 19:35:55,2016-03-09 09:51:56,2016-03-08 20:39:55,2016-03-09 09:02:38,2.605277777777778,1332,5,1,12.379,1.0666666666666667,0.8216666666666667,21.5203166653203
2016-03-08 20:08:31,2016-03-09 01:55:21,2016-03-08 20:29:22,2016-03-08 23:13:40,0.5433333333333333,168,3,0,2.738,0.3475,2.694722222222222,20.45288531775018
2016-03-08 20:16:19,2016-03-09 06:11:21,2016-03-08 21:30:17,2016-03-09 05:40:21,0.13,1220,6,1,8.168,1.2327777777777778,0.5166666666666667,24.893894874306238
2016-03-08 22:49:54,2016-03-09 14:28:31,2016-03-09 00:28:30,2016-03-09 11:51:55,2.5597222222222222,602,3,0,11.39,1.6433333333333333,2.61,17.61779338601112
2016-03-08 23:15:46,2016-03-09 05:11:44,2016-03-08 23:43:28,2016-03-09 05:04:56,0.4311111111111111,163,3,0,5.358,0.46166666666666667,0.11333333333333333,10.140599726266021
2016-03-09 00:26:48,2016-03-09 21:50:17,2016-03-09 01:47:27,2016-03-09 21:01:08,1.183888888888889,1166,6,1,19.228,1.3441666666666667,0.8191666666666667,10.106788710907702
2016-03-09 05:43:39,2016-03-09 18:50:43,2016-03-09 07:44:33,2016-03-09 18:24:48,5.280833333333334,1258,5,1,10.671,2.015,0.43194444444444446,23.577921469403055
2016-03-09 09:15:59,2016-03-09 19:34:57,2016-03-09 10:27:38,2016-03-09 18:46:08,3.5388888888888888,174,3,0,8.309,1.1941666666666666,0.8136111111111111,6.980382717535203
2016-03-09 11:47:00,2016-03-10 08:34:06,2016-03-09 12:07:01,2016-03-10 07:55:21,2.5169444444444444,1482,4,1,19.805,0.33361111111111114,0.6458333333333334,18.707397121938904
2016-03-09 15:37:40,2016-03-10 05:33:37,2016-03-09 18:39:24,2016-03-10 05:15:27,3.8444444444444446,1167,5,1,10.601,3.028888888888889,0.30277777777777776,22.01679086878596
2016-03-09 16:16:36,2016-03-10 07:36:42,2016-03-09 16:40:58,2016-03-10 07:03:05,0.6488888888888888,1314,5,1,14.369,0.4061111111111111,0.5602777777777778,18.289372955668455
2016-03-09 16:20:25,2016-03-09 23:19:01,2016-03-09 16:57:32,2016-03-09 22:24:41,0.0636111111111111,272,3,0,5.452,0.6186111111111111,0.9055555555555556,16.629982880899973
2016-03-09 16:35:28,2016-03-10 12:54:00,2016-03-09 17:11:23,2016-03-10 12:21:22,0.25083333333333335,4132,8,4,19.166,0.5986111111111111,0.5438888888888889,26.948763435249923
2016-03-09 17:48:53,2016-03-09 21:31:22,2016-03-09 18:01:49,2016-03-09 20:41:28,1.2236111111111112,135,3,0,2.661,0.21555555555555556,0.8316666666666667,16.91093573844419
2016-03-09 20:16:09,2016-03-11 11:50:23,2016-03-09 20:42:18,2016-03-11 11:07:33,2.4544444444444444,4255,8,4,38.421,0.43583333333333335,0.7138888888888889,13.843340881288878
2016-03-10 00:31:29,2016-03-10 02:51:12,2016-03-10 00:42:07,2016-03-10 01:48:54,4.2555555555555555,89,3,0,1.113,0.17722222222222223,1.0383333333333333,26.654687032045523
2016-03-10 00:31:44,2016-03-12 04:09:56,2016-03-10 01:30:22,2016-03-12 01:19:15,0.004166666666666667,2338,5,2,47.815,0.9772222222222222,2.8447222222222224,9.779357942068389
2016-03-10 00:59:55,2016-03-10 19:42:59,2016-03-10 01:35:21,2016-03-10 19:28:11,0.4697222222222222,1210,5,1,17.88,0.5905555555555555,0.24666666666666667,13.53467561521253
2016-03-10 02:38:03,2016-03-10 13:54:01,2016-03-10 05:03:47,2016-03-10 12:45:52,1.6355555555555557,375,2,0,7.701,2.428888888888889,1.1358333333333333,24.347487339306586
2016-03-10 05:46:45,2016-03-11 07:22:47,2016-03-10 07:03:01,2016-03-11 05:35:28,3.145,1075,5,1,22.541,1.271111111111111,1.7886111111111112,9.53817488132736
2016-03-10 10:59:40,2016-03-11 14:51:53,2016-03-10 11:31:44,2016-03-11 13:25:35,5.215277777777778,1495,5,1,25.897,0.5344444444444445,1.4383333333333332,11.545738888674364
2016-03-10 13:01:45,2016-03-10 17:17:42,2016-03-10 13:36:11,2016-03-10 15:39:08,2.0347222222222223,144,3,0,2.049,0.5738888888888889,1.6427777777777777,23.42606149341142
2016-03-10 14:35:19,2016-03-11 18:52:18,2016-03-10 16:12:31,2016-03-11 17:57:20,1.5594444444444444,3129,6,3,25.747,1.62,0.9161111111111111,20.254786965471705
2016-03-10 20:29:06,2016-03-11 08:56:28,2016-03-10 21:02:15,2016-03-11 08:07:42,5.896388888888889,1153,5,1,11.091,0.5525,0.8127777777777778,20.7916328554684
2016-03-10 23:37:22,2016-03-11 19:20:38,2016-03-11 01:28:33,2016-03-11 17:15:14,3.137777777777778,1311,4,1,15.778,1.8530555555555555,2.09,20.77259475218659
2016-03-11 00:31:35,2016-03-11 15:02:09,2016-03-11 00:44:09,2016-03-11 13:05:09,0.9036111111111111,1026,4,1,12.35,0.20944444444444443,1.95,20.76923076923077
2016-03-11 03:18:27,2016-03-12 04:28:07,2016-03-11 03:59:01,2016-03-12 03:28:31,2.781111111111111,2486,6,2,23.492,0.6761111111111111,0.9933333333333333,17.63720983029684
2016-03-11 07:12:11,2016-03-12 11:36:36,2016-03-11 08:11:42,2016-03-12 10:11:40,3.8955555555555557,3158,7,3,25.999,0.9919444444444444,1.4155555555555555,17.352315748407907
2016-03-11 10:04:20,2016-03-12 06:53:11,2016-03-11 10:34:26,2016-03-12 05:35:20,2.8691666666666666,1194,5,1,19.015,0.5016666666666667,1.2975,12.558506442282408
2016-03-11 11:54:26,2016-03-11 17:34:02,2016-03-11 12:35:56,2016-03-11 17:07:33,1.835,319,3,0,4.527,0.6916666666666667,0.4413888888888889,23.48869744495987
2016-03-11 13:01:17,2016-03-11 20:31:19,2016-03-11 13:34:25,2016-03-11 19:44:35,1.1141666666666667,254,3,0,6.169,0.5522222222222222,0.7788888888888889,13.724536661803644
2016-03-11 14:00:12,2016-03-11 22:50:54,2016-03-11 14:15:35,2016-03-11 22:01:55,0.9819444444444444,391,3,0,7.772,0.2563888888888889,0.8163888888888889,16.76960027448962
2016-03-11 14:21:42,2016-03-12 09:45:54,2016-03-11 15:18:57,2016-03-12 07:37:32,0.35833333333333334,2299,6,2,16.31,0.9541666666666667,2.1394444444444445,23.492744737379933
2016-03-11 14:39:04,2016-03-11 19:02:04,2016-03-11 15:08:36,2016-03-11 18:50:15,0.28944444444444445,182,3,0,3.694,0.4922222222222222,0.19694444444444445,16.423028334235696
2016-03-11 15:07:07,2016-03-12 17:00:46,2016-03-11 18:15:46,2016-03-12 15:34:18,0.4675,3196,7,3,21.309,3.1441666666666666,1.441111111111111,21.42622500217882
2016-03-11 16:02:10,2016-03-12 07:30:07,2016-03-11 17:06:42,2016-03-12 06:44:11,0.9175,2069,7,2,13.625,1.0755555555555556,0.7655555555555555,21.693315858453474
2016-03-11 17:58:43,2016-03-12 07:47:39,2016-03-11 18:22:35,2016-03-12 07:30:07,1.9425,1151,5,1,13.126,0.3977777777777778,0.2922222222222222,17.537711412463814
2016-03-11 20:22:38,2016-03-12 00:21:32,2016-03-11 21:04:20,2016-03-11 22:43:19,2.3986111111111112,81,3,0,1.65,0.695,1.6369444444444445,16.363636363636367
2016-03-11 23:01:54,2016-03-12 17:57:33,2016-03-12 00:08:40,2016-03-12 16:39:23,2.6544444444444446,537,2,0,16.512,1.1127777777777779,1.3027777777777778,16.2609011627907
2016-03-11 23:33:35,2016-03-12 23:44:11,2016-03-12 00:22:03,2016-03-12 23:29:06,0.5280555555555555,3080,8,3,23.117,0.8077777777777778,0.2513888888888889,16.65441017433058
2016-03-12 06:59:23,2016-03-12 09:32:50,2016-03-12 07:32:22,2016-03-12 08:16:29,7.43,41,3,0,0.735,0.5497222222222222,1.2725,18.594104308390023
2016-03-12 09:12:01,2016-03-13 16:40:46,2016-03-12 09:47:31,2016-03-13 15:36:24,2.2105555555555556,3332,7,3,29.815,0.5916666666666667,1.0727777777777778,15.965118229079321
2016-03-12 09:12:21,2016-03-12 15:45:24,2016-03-12 09:27:37,2016-03-12 14:36:23,0.005555555555555556,348,4,0,5.146,0.2544444444444444,1.1502777777777777,16.90633501748931
2016-03-12 10:36:58,2016-03-13 11:54:42,2016-03-12 11:00:06,2016-03-13 04:24:03,1.4102777777777777,1159,5,1,17.399,0.38555555555555554,7.510833333333333,13.322604747399275
2016-03-12 11:36:33,2016-03-12 23:20:03,2016-03-12 13:24:25,2016-03-12 22:57:41,0.9930555555555556,1092,6,1,9.555,1.7977777777777777,0.37277777777777776,19.047619047619047
2016-03-12 12:33:10,2016-03-12 19:35:55,2016-03-12 13:50:01,2016-03-12 18:49:09,0.9436111111111111,356,3,0,4.986,1.2808333333333333,0.7794444444444445,23.799973258457015
2016-03-12 15:27:49,2016-03-13 08:20:10,2016-03-12 16:31:06,2016-03-13 07:46:42,2.910833333333333,2100,6,2,15.26,1.0547222222222221,0.5577777777777778,22.93577981651376
2016-03-12 15:53:15,2016-03-13 12:32:47,2016-03-12 17:10:36,2016-03-13 11:23:09,0.42388888888888887,3238,7,3,18.209,1.2891666666666666,1.1605555555555556,25.403450413061048
2016-03-12 18:52:14,2016-03-13 04:01:04,2016-03-12 19:44:17,2016-03-13 01:15:59,2.9830555555555556,399,4,0,5.528,0.8675,2.751388888888889,18.044500723589003
2016-03-12 19:00:31,2016-03-14 02:23:42,2016-03-12 19:18:29,2016-03-14 02:05:35,0.13805555555555554,5100,8,5,30.785,0.29944444444444446,0.30194444444444446,20.70813707974663
2016-03-12 19:09:54,2016-03-13 16:01:33,2016-03-12 20:20:16,2016-03-13 15:20:06,0.15638888888888888,2387,6,2,18.997,1.1727777777777777,0.6908333333333333,20.941903107508203
2016-03-12 20:32:26,2016-03-13 04:53:44,2016-03-12 20:52:53,2016-03-13 02:46:38,1.3755555555555556,297,3,0,5.896,0.3408333333333333,2.118333333333333,16.791044776119403
2016-03-12 20:44:16,2016-03-13 19:33:21,2016-03-12 21:14:36,2016-03-13 17:24:46,0.19722222222222222,2210,7,2,20.169,0.5055555555555555,2.1430555555555557,15.653442694942026
2016-03-12 23:12:39,2016-03-13 14:58:03,2016-03-12 23:22:57,2016-03-13 12:51:24,2.4730555555555553,1466,5,1,13.474,0.17166666666666666,2.1108333333333333,21.760427489980703
2016-03-13 01:14:15,2016-03-13 18:27:53,2016-03-13 01:43:28,2016-03-13 18:06:55,2.026666666666667,602,2,0,16.391,0.48694444444444446,0.34944444444444445,18.36373619669331
2016-03-13 02:33:32,2016-03-14 06:45:00,2016-03-13 03:41:08,2016-03-14 06:09:29,1.321388888888889,2363,6,2,26.473,1.1266666666666667,0.5919444444444445,14.876792707034841
2016-03-13 03:58:11,2016-03-14 00:44:07,2016-03-13 04:43:45,2016-03-14 00:16:36,1.4108333333333334,2707,6,2,19.547,0.7594444444444445,0.45861111111111114,23.081120717586668
2016-03-13 05:41:06,2016-03-13 19:41:43,2016-03-13 06:00:50,2016-03-13 19:00:00,1.7152777777777777,1161,6,1,12.986,0.3288888888888889,0.6952777777777778,14.90066225165563
2016-03-13 09:52:26,2016-03-14 16:31:37,2016-03-13 10:10:51,2016-03-14 14:43:03,4.188888888888889,2610,6,2,28.537,0.30694444444444446,1.8094444444444444,15.243368258751797
2016-03-13 09:53:17,2016-03-13 14:32:39,2016-03-13 10:07:25,2016-03-13 13:16:23,0.014166666666666666,217,3,0,3.15,0.23555555555555555,1.271111111111111,22.962962962962965
2016-03-13 10:06:50,2016-03-14 05:29:01,2016-03-13 11:04:25,2016-03-14 04:20:25,0.22583333333333333,1495,4,1,17.266,0.9597222222222223,1.1433333333333333,21.646588671377277
2016-03-13 10:14:26,2016-03-13 20:54:17,2016-03-13 10:47:08,2016-03-13 19:03:15,0.12666666666666668,1078,5,1,8.269,0.545,1.8505555555555555,26.073285766114402
2016-03-13 13:38:09,2016-03-14 02:26:27,2016-03-13 14:15:45,2016-03-14 01:35:06,3.395277777777778,1099,5,1,11.323,0.6266666666666667,0.8558333333333333,19.411816656363154
2016-03-13 19:01:45,2016-03-14 01:07:28,2016-03-13 19:16:47,2016-03-14 00:49:33,5.3933333333333335,166,2,0,5.546,0.25055555555555553,0.2986111111111111,14.965741074648394
2016-03-13 19:48:34,2016-03-14 10:38:15,2016-03-13 20:41:44,2016-03-14 08:02:55,0.7802777777777777,1287,6,1,11.353,0.8861111111111111,2.588888888888889,18.89368448868141
2016-03-14 02:05:17,2016-03-14 09:41:36,2016-03-14 02:43:43,2016-03-14 08:42:13,6.278611111111111,332,4,0,5.975,0.6405555555555555,0.9897222222222222,13.89121338912134
2016-03-14 02:14:09,2016-03-14 10:26:37,2016-03-14 03:36:42,2016-03-14 09:20:28,0.14777777777777779,308,3,0,5.73,1.3758333333333332,1.1025,17.9173938336242
2016-03-14 04:17:24,2016-03-14 08:39:18,2016-03-14 05:14:11,2016-03-14 08:05:57,2.0541666666666667,137,2,0,2.863,0.9463888888888888,0.5558333333333333,23.925951798812434
2016-03-14 04:26:58,2016-03-15 04:42:38,2016-03-14 04:55:29,2016-03-15 04:24:49,0.15944444444444444,2289,5,2,23.489,0.4752777777777778,0.29694444444444446,19.489974030397207
2016-03-14 07:04:29,2016-03-15 01:24:19,2016-03-14 07:11:10,2016-03-15 00:45:09,2.625277777777778,1327,5,1,17.567,0.11138888888888888,0.6527777777777778,15.107872715887742
2016-03-14 07:40:10,2016-03-15 11:09:18,2016-03-14 08:02:31,2016-03-15 09:41:17,0.5947222222222223,1302,3,1,25.646,0.3725,1.4669444444444444,16.922716992903375
2016-03-14 10:11:44,2016-03-14 17:46:20,2016-03-14 11:35:02,2016-03-14 16:29:22,2.526111111111111,275,3,0,4.906,1.3883333333333334,1.2827777777777778,18.684603886397607
2016-03-14 12:30:47,2016-03-15 14:30:55,2016-03-14 13:01:49,2016-03-15 11:47:09,2.3175,1376,4,1,22.755,0.5172222222222222,2.7294444444444443,15.117556580971216
2016-03-14 12:47:54,2016-03-15 00:20:14,2016-03-14 13:57:18,2016-03-14 23:33:40,0.2852777777777778,1180,6,1,9.606,1.1566666666666667,0.7761111111111111,20.473315289055453
2016-03-14 12:58:55,2016-03-14 23:13:33,2016-03-14 13:28:18,2016-03-14 21:48:41,0.1836111111111111,493,3,0,8.34,0.4897222222222222,1.4144444444444444,19.70423661071143
2016-03-14 13:32:52,2016-03-14 15:17:16,2016-03-14 13:46:50,2016-03-14 14:46:22,0.5658333333333333,67,3,0,0.992,0.23277777777777778,0.515,22.513440860215052
2016-03-14 20:05:35,2016-03-16 01:53:42,2016-03-15 00:27:41,2016-03-16 00:22:32,6.545277777777778,3692,8,3,23.914,4.368333333333333,1.5194444444444444,19.298318976331856
2016-03-14 23:15:15,2016-03-15 12:09:57,2016-03-14 23:28:01,2016-03-15 11:24:55,3.161111111111111,548,3,0,11.948,0.2127777777777778,0.7505555555555555,15.288472268720009
2016-03-15 01:26:40,2016-03-15 06:50:45,2016-03-15 01:41:12,2016-03-15 06:04:22,2.1902777777777778,212,3,0,4.386,0.24222222222222223,0.7730555555555556,16.11187110503116
2016-03-15 02:16:42,2016-03-15 08:13:54,2016-03-15 04:08:50,2016-03-15 07:09:33,0.8338888888888889,192,3,0,3.012,1.8688888888888888,1.0725,21.248339973439577
2016-03-15 02:37:08,2016-03-15 10:13:14,2016-03-15 03:11:59,2016-03-15 08:43:16,0.34055555555555556,360,4,0,5.521,0.5808333333333333,1.4994444444444444,16.30139467487774
2016-03-15 03:33:47,2016-03-15 17:15:31,2016-03-15 04:01:27,2016-03-15 16:46:20,0.9441666666666667,1265,4,1,12.748,0.46111111111111114,0.48638888888888887,24.807812990272986
2016-03-15 04:49:01,2016-03-15 19:40:31,2016-03-15 07:21:14,2016-03-15 18:27:33,1.2538888888888888,1131,5,1,11.105,2.5369444444444444,1.2161111111111111,20.369203061683923
2016-03-15 06:11:46,2016-03-15 11:44:51,2016-03-15 07:13:24,2016-03-15 10:37:58,1.3791666666666667,113,3,0,3.409,1.0272222222222223,1.1147222222222222,11.049183533783122
2016-03-15 09:11:16,2016-03-16 00:15:35,2016-03-15 09:24:38,2016-03-15 23:39:09,2.9916666666666667,1360,6,1,14.242,0.22277777777777777,0.6072222222222222,15.915367691803587
2016-03-15 11:31:14,2016-03-16 01:51:54,2016-03-15 12:00:17,2016-03-16 01:00:40,2.332777777777778,1707,6,1,13.006,0.4841666666666667,0.8538888888888889,21.874519452560357
2016-03-15 11:55:29,2016-03-16 00:04:25,2016-03-15 13:20:14,2016-03-15 23:09:16,0.4041666666666667,1242,5,1,9.817,1.4125,0.9191666666666667,25.30304573698686
2016-03-15 14:01:05,2016-03-17 10:46:48,2016-03-15 18:25:21,2016-03-17 08:52:30,2.0933333333333333,1630,3,1,38.452,4.404444444444445,1.905,14.130170949062034
2016-03-15 16:42:42,2016-03-16 00:02:30,2016-03-15 17:22:22,2016-03-15 23:13:35,2.693611111111111,479,3,0,5.854,0.6611111111111111,0.8152777777777778,27.274797859013777
2016-03-15 19:58:58,2016-03-16 02:09:09,2016-03-15 20:37:36,2016-03-15 22:42:25,3.2711111111111113,165,3,0,2.08,0.6438888888888888,3.4455555555555555,26.44230769230769
2016-03-16 00:52:26,2016-03-16 15:14:50,2016-03-16 01:35:48,2016-03-16 14:54:35,4.891111111111111,1275,5,1,13.313,0.7227777777777777,0.3375,19.15421017051003
2016-03-16 01:19:35,2016-03-16 07:09:14,2016-03-16 02:08:52,2016-03-16 06:21:29,0.4525,203,3,0,4.21,0.8213888888888888,0.7958333333333333,16.072842438638165
2016-03-16 03:31:40,2016-03-16 19:01:41,2016-03-16 04:22:19,2016-03-16 18:39:11,2.201388888888889,2264,7,2,14.281,0.8441666666666666,0.375,22.64747366630988
2016-03-16 04:46:45,2016-03-16 11:42:03,2016-03-16 05:03:41,2016-03-16 11:23:56,1.2513888888888889,247,3,0,6.337,0.2822222222222222,0.30194444444444446,12.992478039030036
2016-03-16 05:41:10,2016-03-16 18:32:33,2016-03-16 06:09:42,2016-03-16 16:08:15,0.9069444444444444,1104,5,1,9.976,0.47555555555555556,2.405,22.133119486768244
2016-03-16 06:37:22,2016-03-16 17:28:10,2016-03-16 06:47:01,2016-03-16 14:16:52,0.9366666666666666,421,3,0,7.498,0.16083333333333333,3.1883333333333335,18.716102071663556
2016-03-16 07:38:52,2016-03-17 22:51:48,2016-03-16 08:08:50,2016-03-17 20:33:46,1.025,2263,5,2,36.416,0.49944444444444447,2.3005555555555555,12.428602811950793
2016-03-16 08:43:03,2016-03-17 19:53:31,2016-03-16 09:37:11,2016-03-17 19:06:15,1.0697222222222222,5338,7,5,33.484,0.9022222222222223,0.7877777777777778,22.77420345751489
2016-03-16 09:04:40,2016-03-18 06:13:47,2016-03-16 09:19:59,2016-03-18 04:21:21,0.36027777777777775,2459,6,2,43.023,0.25527777777777777,1.873888888888889,9.525912496416645
2016-03-16 09:43:13,2016-03-16 19:06:05,2016-03-16 10:09:12,2016-03-16 18:01:25,0.6425,462,2,0,7.87,0.4330555555555556,1.0777777777777777,29.35196950444727
2016-03-16 10:23:59,2016-03-17 01:29:59,2016-03-16 10:34:17,2016-03-17 01:07:25,0.6794444444444444,1281,5,1,14.552,0.17166666666666666,0.3761111111111111,17.605827377680047
2016-03-16 11:07:22,2016-03-17 06:45:14,2016-03-16 12:07:10,2016-03-17 05:19:22,0.7230555555555556,1183,5,1,17.203,0.9966666666666667,1.431111111111111,13.75341510201709
2016-03-16 15:07:40,2016-03-17 02:00:06,2016-03-16 16:06:52,2016-03-17 01:32:23,4.005,1109,5,1,9.425,0.9866666666666667,0.46194444444444444,23.53315649867374
2016-03-16 15:50:06,2016-03-17 16:37:22,2016-03-16 17:06:09,2016-03-17 16:13:31,0.7072222222222222,2255,7,2,23.123,1.2675,0.3975,13.931706834876838
2016-03-16 18:06:51,2016-03-16 23:40:00,2016-03-16 18:25:40,2016-03-16 22:17:21,2.279166666666667,306,4,0,3.861,0.3136111111111111,1.3775,19.81351981351981
2016-03-16 19:35:04,2016-03-17 18:31:05,2016-03-16 19:58:34,2016-03-17 18:11:48,1.4702777777777778,1363,5,1,22.221,0.39166666666666666,0.3213888888888889,12.267674722109716
2016-03-16 19:43:24,2016-03-18 11:09:34,2016-03-16 22:17:33,2016-03-18 09:41:05,0.1388888888888889,3578,6,3,35.392,2.569166666666667,1.4747222222222223,16.84938215792646
2016-03-16 20:00:08,2016-03-18 02:50:21,2016-03-16 20:15:11,2016-03-18 02:18:50,0.2788888888888889,3036,6,3,30.061,0.25083333333333335,0.5252777777777777,16.832440703902066
2016-03-16 23:06:28,2016-03-17 07:50:16,2016-03-17 00:19:13,2016-03-17 06:41:58,3.1055555555555556,107,2,0,6.379,1.2125,1.1383333333333334,8.386894497570152
2016-03-17 02:11:58,2016-03-18 12:53:25,2016-03-17 03:31:51,2016-03-18 11:42:44,3.091666666666667,2277,6,2,32.181,1.331388888888889,1.1780555555555556,11.79267269506852
2016-03-17 02:52:59,2016-03-17 09:00:34,2016-03-17 03:17:23,2016-03-17 08:14:44,0.6836111111111111,311,3,0,4.956,0.4066666666666667,0.7638888888888888,20.917406510626847
2016-03-17 03:20:34,2016-03-17 09:44:05,2016-03-17 03:54:48,2016-03-17 08:15:49,0.4597222222222222,216,3,0,4.35,0.5705555555555556,1.471111111111111,16.551724137931036
2016-03-17 05:50:26,2016-03-17 13:29:31,2016-03-17 06:17:04,2016-03-17 13:01:28,2.497777777777778,322,3,0,6.74,0.4438888888888889,0.4675,15.924826904055392
2016-03-17 09:27:56,2016-03-17 18:36:21,2016-03-17 10:11:17,2016-03-17 16:36:54,3.625,628,4,0,6.427,0.7225,1.9908333333333332,24.428193558425395
2016-03-17 13:19:02,2016-03-20 16:17:10,2016-03-17 13:30:45,2016-03-20 15:58:58,3.8516666666666666,5221,9,5,74.47,0.19527777777777777,0.30333333333333334,7.789863181295972
2016-03-17 14:22:19,2016-03-18 05:44:45,2016-03-17 14:53:37,2016-03-18 05:29:26,1.0547222222222221,1054,4,1,14.597,0.5216666666666666,0.25527777777777777,18.051654449544426
2016-03-17 14:47:44,2016-03-18 19:44:26,2016-03-17 15:10:06,2016-03-18 18:59:07,0.4236111111111111,2175,6,2,27.817,0.37277777777777776,0.7552777777777778,13.031599381673079
2016-03-17 15:36:28,2016-03-18 04:46:53,2016-03-17 16:15:56,2016-03-18 03:22:49,0.8122222222222222,1273,6,1,11.115,0.6577777777777778,1.4011111111111112,19.08831908831909
2016-03-17 17:22:52,2016-03-18 16:22:46,2016-03-17 17:45:19,2016-03-18 15:53:00,1.7733333333333334,1552,4,1,22.128,0.37416666666666665,0.4961111111111111,17.534345625451916
2016-03-17 17:55:55,2016-03-17 22:22:20,2016-03-17 18:33:15,2016-03-17 21:18:40,0.5508333333333333,130,2,0,2.757,0.6222222222222222,1.0611111111111111,23.576351106274934
2016-03-17 19:32:36,2016-03-18 18:30:55,2016-03-17 21:16:53,2016-03-18 18:02:34,1.611388888888889,1371,4,1,20.761,1.7380555555555555,0.4725,16.509320360290932
2016-03-18 01:07:37,2016-03-18 08:09:50,2016-03-18 02:09:40,2016-03-18 07:24:08,5.583611111111111,381,3,0,5.241,1.0341666666666667,0.7616666666666667,24.232016790688803
2016-03-18 01:56:05,2016-03-18 14:55:47,2016-03-18 02:09:55,2016-03-18 13:46:40,0.8077777777777778,1110,5,1,11.612,0.23055555555555557,1.1519444444444444,19.118153634171545
2016-03-18 02:19:26,2016-03-18 09:31:31,2016-03-18 02:40:01,2016-03-18 08:20:23,0.38916666666666666,536,4,0,5.673,0.34305555555555556,1.1855555555555555,23.62065926317645
2016-03-18 03:10:09,2016-03-18 18:18:54,2016-03-18 04:14:47,2016-03-18 17:25:40,0.8452777777777778,1284,5,1,13.181,1.0772222222222223,0.8872222222222222,19.482588574463243
2016-03-18 06:36:44,2016-03-20 14:28:05,2016-03-18 07:13:52,2016-03-20 14:01:08,3.4430555555555555,2482,5,2,54.788,0.6188888888888889,0.44916666666666666,9.060378185004016
2016-03-18 06:57:39,2016-03-18 14:51:16,2016-03-18 08:22:05,2016-03-18 14:16:58,0.3486111111111111,438,3,0,5.915,1.4072222222222222,0.5716666666666667,24.683009298393912
2016-03-18 15:39:49,2016-03-19 00:24:13,2016-03-18 18:41:20,2016-03-18 21:59:54,8.702777777777778,204,3,0,3.31,3.0252777777777777,2.4052777777777776,20.54380664652568
2016-03-18 16:09:20,2016-03-19 01:11:51,2016-03-18 16:39:05,2016-03-19 00:19:42,0.49194444444444446,1235,5,1,7.677,0.49583333333333335,0.8691666666666666,32.174026312361605
2016-03-18 16:24:43,2016-03-19 14:06:30,2016-03-18 16:47:19,2016-03-19 13:04:48,0.2563888888888889,1083,4,1,20.291,0.37666666666666665,1.0283333333333333,13.343354196441773
2016-03-18 19:44:14,2016-03-19 03:53:49,2016-03-18 21:02:13,2016-03-19 01:43:07,3.325277777777778,136,2,0,4.682,1.2997222222222222,2.1783333333333332,14.523707817172147
2016-03-18 20:44:37,2016-03-19 07:55:58,2016-03-18 20:56:54,2016-03-19 04:59:22,1.006388888888889,403,3,0,8.041,0.20472222222222222,2.9433333333333334,16.70604816979646
2016-03-18 21:37:36,2016-03-19 12:14:00,2016-03-18 22:43:04,2016-03-19 10:14:40,0.8830555555555556,1248,5,1,11.527,1.0911111111111111,1.988888888888889,21.653509152424743
2016-03-18 22:54:32,2016-03-19 06:37:50,2016-03-18 23:11:05,2016-03-18 23:43:58,1.2822222222222222,39,3,0,0.548,0.2758333333333333,6.897777777777778,23.722627737226276
2016-03-19 09:27:20,2016-03-19 13:30:27,2016-03-19 10:46:59,2016-03-19 12:38:37,10.546666666666667,175,4,0,1.86,1.3275,0.8638888888888889,23.521505376344084
2016-03-19 17:01:15,2016-03-20 05:47:52,2016-03-19 17:38:31,2016-03-20 05:01:58,7.565277777777778,1127,5,1,11.391,0.6211111111111111,0.765,19.787551575805463
2016-03-19 17:17:48,2016-03-20 05:48:56,2016-03-19 17:32:10,2016-03-20 04:43:25,0.2758333333333333,1071,5,1,11.187,0.23944444444444443,1.0919444444444444,19.147224456958973
2016-03-19 18:33:49,2016-03-20 03:46:50,2016-03-19 19:10:07,2016-03-20 03:05:45,1.2669444444444444,561,3,0,7.927,0.605,0.6847222222222222,23.59026113283714
2016-03-19 18:36:04,2016-03-20 00:22:08,2016-03-19 19:29:52,2016-03-19 23:33:24,0.0375,246,3,0,4.059,0.8966666666666666,0.8122222222222222,20.202020202020204
2016-03-19 19:26:45,2016-03-20 05:20:05,2016-03-19 20:04:44,2016-03-20 04:25:28,0.8447222222222223,486,3,0,8.345,0.6330555555555556,0.9102777777777777,19.412822049131215
2016-03-19 19:47:00,2016-03-20 14:21:44,2016-03-19 23:58:22,2016-03-20 13:25:01,0.3375,1361,6,1,13.444,4.189444444444445,0.9452777777777778,16.87245859367252
2016-03-19 22:32:46,2016-03-20 09:07:04,2016-03-20 00:50:08,2016-03-20 08:22:14,2.762777777777778,469,3,0,7.535,2.2894444444444444,0.7472222222222222,20.747622207476223
2016-03-19 22:49:34,2016-03-21 00:07:26,2016-03-19 23:13:26,2016-03-20 23:23:52,0.28,4261,9,4,24.174,0.3977777777777778,0.7261111111111112,19.58486160521405
2016-03-19 22:51:50,2016-03-20 15:39:34,2016-03-20 00:46:43,2016-03-20 15:14:41,0.03777777777777778,1137,4,1,14.466,1.9147222222222222,0.4147222222222222,19.649523019493987
2016-03-19 23:40:37,2016-03-20 12:56:57,2016-03-20 00:36:17,2016-03-20 12:11:55,0.8130555555555555,1501,6,1,11.594,0.9277777777777778,0.7505555555555555,21.577252601920534
2016-03-20 02:21:09,2016-03-21 15:19:04,2016-03-20 04:21:04,2016-03-21 14:54:30,2.6755555555555555,1783,6,1,34.557,1.9986111111111111,0.40944444444444444,8.59931899952735
2016-03-20 02:39:49,2016-03-20 13:11:35,2016-03-20 05:01:42,2016-03-20 11:57:55,0.3111111111111111,351,4,0,6.937,2.3647222222222224,1.2277777777777779,12.649560328672337
2016-03-20 06:11:39,2016-03-20 11:13:45,2016-03-20 06:29:19,2016-03-20 08:30:50,3.5305555555555554,112,3,0,2.025,0.29444444444444445,2.7152777777777777,18.43621399176955
2016-03-20 08:15:06,2016-03-20 18:24:20,2016-03-20 08:35:38,2016-03-20 17:38:54,2.0575,292,2,0,9.054,0.3422222222222222,0.7572222222222222,16.125469405787495
2016-03-20 09:09:32,2016-03-21 07:59:41,2016-03-20 09:29:35,2016-03-21 07:15:30,0.9072222222222223,4482,8,4,21.765,0.33416666666666667,0.7363888888888889,25.740868366643692
2016-03-20 11:53:02,2016-03-21 06:04:14,2016-03-20 11:56:33,2016-03-21 05:12:11,2.725,2206,7,2,17.261,0.058611111111111114,0.8675,18.257508669419916
2016-03-20 17:56:07,2016-03-20 22:39:57,2016-03-20 18:51:19,2016-03-20 22:08:04,6.051388888888889,161,3,0,3.279,0.92,0.5313888888888889,16.36677848937684
2016-03-20 22:27:40,2016-03-21 03:37:44,2016-03-20 22:47:02,2016-03-21 03:02:12,4.525833333333333,398,4,0,4.253,0.3227777777777778,0.5922222222222222,23.395250411474255
2016-03-21 02:54:01,2016-03-21 19:50:54,2016-03-21 06:09:34,2016-03-21 18:44:04,4.439166666666667,1218,5,1,12.575,3.2591666666666668,1.113888888888889,19.371769383697814
2016-03-21 05:17:46,2016-03-22 09:31:15,2016-03-21 09:33:37,2016-03-22 08:37:53,2.3958333333333335,3444,7,3,23.071,4.264166666666667,0.8894444444444445,21.32547353820814
2016-03-21 05:27:24,2016-03-21 11:42:51,2016-03-21 05:46:14,2016-03-21 10:27:49,0.16055555555555556,311,3,0,4.693,0.3138888888888889,1.2505555555555556,22.0896370480858
2016-03-21 13:16:19,2016-03-21 20:31:56,2016-03-21 13:48:02,2016-03-21 19:08:09,7.815277777777778,481,4,0,5.335,0.5286111111111111,1.396388888888889,22.5398313027179
2016-03-21 13:59:57,2016-03-21 20:29:26,2016-03-21 16:12:36,2016-03-21 19:37:54,0.7272222222222222,85,3,0,3.422,2.2108333333333334,0.8588888888888889,8.27975842587181
2016-03-21 14:16:17,2016-03-22 00:24:08,2016-03-21 14:39:15,2016-03-21 23:37:12,0.2722222222222222,1186,6,1,8.966,0.3827777777777778,0.7822222222222223,22.04624879173173
2016-03-21 17:12:00,2016-03-22 10:13:50,2016-03-21 17:37:31,2016-03-22 09:23:53,2.928611111111111,2408,7,2,15.773,0.42527777777777775,0.8325,21.809421162746464
2016-03-21 18:35:13,2016-03-22 16:28:44,2016-03-21 19:33:15,2016-03-22 15:03:57,1.3869444444444445,3206,6,3,19.512,0.9672222222222222,1.4130555555555555,27.38485718190515
2016-03-21 19:51:55,2016-03-21 22:34:34,2016-03-21 20:12:10,2016-03-21 22:00:12,1.2783333333333333,125,3,0,1.801,0.3375,0.5727777777777778,23.135295206366834
2016-03-21 20:23:51,2016-03-22 12:29:54,2016-03-21 21:34:51,2016-03-22 11:08:22,0.5322222222222223,1004,4,1,13.559,1.1833333333333333,1.3588888888888888,18.51168965262925
2016-03-21 21:45:22,2016-03-22 00:36:04,2016-03-21 22:17:03,2016-03-21 23:49:37,1.3586111111111112,87,3,0,1.543,0.5280555555555555,0.7741666666666667,18.79455605962411
2016-03-21 22:03:55,2016-03-22 09:24:11,2016-03-21 22:24:31,2016-03-22 08:30:29,0.30916666666666665,543,3,0,10.099,0.3433333333333333,0.895,17.922566590751558
2016-03-21 23:10:34,2016-03-22 04:20:36,2016-03-21 23:24:31,2016-03-22 02:12:20,1.1108333333333333,161,3,0,2.797,0.2325,2.137777777777778,19.18722440710285
2016-03-22 03:30:06,2016-03-22 17:56:08,2016-03-22 08:19:09,2016-03-22 16:41:55,4.325555555555556,325,2,0,8.38,4.8175,1.2369444444444444,19.39140811455847
2016-03-22 04:10:23,2016-03-23 00:52:55,2016-03-22 05:49:18,2016-03-22 22:36:54,0.6713888888888889,2275,5,2,16.794,1.648611111111111,2.2669444444444444,27.093009408121947
2016-03-22 05:25:44,2016-03-22 11:13:02,2016-03-22 05:55:35,2016-03-22 10:28:48,1.2558333333333334,255,3,0,4.554,0.4975,0.7372222222222222,18.664909969257796
2016-03-22 06:35:03,2016-03-22 12:31:09,2016-03-22 08:44:32,2016-03-22 10:55:48,1.1552777777777778,118,3,0,2.188,2.1580555555555554,1.5891666666666666,17.97684338817794
2016-03-22 12:31:12,2016-03-23 02:30:40,2016-03-22 13:01:17,2016-03-23 01:55:00,5.935833333333333,467,2,0,12.895,0.5013888888888889,0.5944444444444444,18.107793718495543
2016-03-22 13:17:00,2016-03-23 03:04:06,2016-03-22 15:39:25,2016-03-23 01:08:40,0.7633333333333333,1077,6,1,9.488,2.373611111111111,1.923888888888889,18.918634064080944
2016-03-22 13:52:10,2016-03-22 16:52:16,2016-03-22 14:08:37,2016-03-22 16:06:35,0.5861111111111111,174,4,0,1.966,0.27416666666666667,0.7613888888888889,22.12614445574771
2016-03-22 14:15:34,2016-03-23 10:23:32,2016-03-22 14:35:06,2016-03-23 09:05:43,0.39,1525,6,1,18.51,0.32555555555555554,1.2969444444444445,13.73131640554655
2016-03-22 14:18:04,2016-03-23 17:02:04,2016-03-22 14:47:53,2016-03-23 14:36:56,0.041666666666666664,3293,7,3,23.818,0.49694444444444447,2.418888888888889,19.750968655158765
2016-03-22 14:18:51,2016-03-23 03:06:56,2016-03-22 14:55:55,2016-03-23 02:07:08,0.013055555555555556,2125,8,2,11.187,0.6177777777777778,0.9966666666666667,23.74407794761777
2016-03-22 18:42:01,2016-03-23 00:02:31,2016-03-22 19:28:24,2016-03-22 23:22:19,4.386111111111111,320,4,0,3.899,0.7730555555555556,0.67,20.5180815593742
2016-03-22 20:55:37,2016-03-23 15:46:32,2016-03-22 22:38:22,2016-03-23 14:26:21,2.2266666666666666,1475,5,1,15.8,1.7125,1.3363888888888888,18.670886075949365
2016-03-23 00:18:00,2016-03-23 05:02:44,2016-03-23 00:35:38,2016-03-23 03:56:21,3.3730555555555557,141,2,0,3.345,0.29388888888888887,1.1063888888888889,21.076233183856502
2016-03-23 02:02:50,2016-03-24 08:48:12,2016-03-23 02:07:09,2016-03-24 08:37:09,1.7472222222222222,5074,8,5,30.5,0.07194444444444445,0.18416666666666667,20.795081967213115
2016-03-23 02:52:08,2016-03-23 20:08:56,2016-03-23 03:13:53,2016-03-23 19:52:56,0.8216666666666667,1264,4,1,16.651,0.3625,0.26666666666666666,18.97783916881869
2016-03-23 03:35:00,2016-03-24 04:13:46,2016-03-23 03:48:59,2016-03-24 01:18:53,0.7144444444444444,1320,4,1,21.498,0.23305555555555554,2.914722222222222,15.350265140943343
2016-03-23 04:34:08,2016-03-23 21:22:02,2016-03-23 05:45:43,2016-03-23 16:26:04,0.9855555555555555,1127,5,1,10.672,1.1930555555555555,4.932777777777778,21.120689655172413
2016-03-23 04:54:56,2016-03-23 15:55:45,2016-03-23 05:42:49,2016-03-23 15:43:05,0.3466666666666667,1243,6,1,10.005,0.7980555555555555,0.2111111111111111,20.70631350991171
2016-03-23 05:08:24,2016-03-23 14:50:38,2016-03-23 06:44:34,2016-03-23 13:18:04,0.22444444444444445,254,3,0,6.558,1.6027777777777779,1.5427777777777778,12.910440174850056
2016-03-23 05:31:50,2016-03-23 18:53:50,2016-03-23 06:01:33,2016-03-23 17:51:32,0.39055555555555554,1213,5,1,11.833,0.49527777777777776,1.0383333333333333,20.501985971435815
2016-03-23 13:00:04,2016-03-23 14:51:50,2016-03-23 13:40:52,2016-03-23 14:35:42,7.470555555555555,60,3,0,0.914,0.68,0.2688888888888889,21.88183807439825
2016-03-23 15:34:04,2016-03-24 03:16:44,2016-03-23 15:51:11,2016-03-24 02:52:31,2.566666666666667,575,3,0,11.022,0.2852777777777778,0.4036111111111111,17.389463497247927
2016-03-23 21:03:46,2016-03-24 02:02:09,2016-03-23 21:53:23,2016-03-24 01:19:50,5.495,321,4,0,3.441,0.8269444444444445,0.7052777777777778,23.321708805579775
2016-03-24 02:03:27,2016-03-25 04:13:32,2016-03-24 03:04:04,2016-03-25 02:44:27,4.994722222222222,2134,5,2,23.673,1.0102777777777778,1.4847222222222223,18.028978160773878
2016-03-24 03:03:50,2016-03-24 08:58:49,2016-03-24 03:17:24,2016-03-24 08:42:34,1.006388888888889,307,3,0,5.419,0.22611111111111112,0.2708333333333333,18.884172971642986
2016-03-24 03:49:40,2016-03-24 15:54:23,2016-03-24 04:44:58,2016-03-24 15:35:40,0.7638888888888888,1221,5,1,10.845,0.9216666666666666,0.31194444444444447,22.51728907330567
2016-03-24 08:47:17,2016-03-25 17:40:51,2016-03-24 09:16:38,2016-03-25 16:23:48,4.960277777777778,2060,6,2,31.12,0.4891666666666667,1.2841666666666667,11.032562125107113
2016-03-24 10:11:03,2016-03-25 14:15:06,2016-03-24 10:31:25,2016-03-25 11:47:57,1.396111111111111,1783,4,1,25.275,0.33944444444444444,2.4525,17.636003956478735
2016-03-24 13:35:32,2016-03-25 03:20:35,2016-03-24 14:41:44,2016-03-25 01:21:13,3.4080555555555554,472,2,0,10.658,1.1033333333333333,1.9894444444444443,22.142991180334022
2016-03-24 14:34:59,2016-03-25 11:55:59,2016-03-24 14:54:33,2016-03-25 11:31:58,0.9908333333333333,3360,7,3,20.624,0.32611111111111113,0.4002777777777778,23.273855702094647
2016-03-24 20:36:36,2016-03-25 03:33:17,2016-03-24 21:31:28,2016-03-25 01:05:11,6.026944444444444,184,3,0,3.562,0.9144444444444444,2.4683333333333333,17.21879094141868
2016-03-24 21:19:18,2016-03-25 05:51:36,2016-03-24 23:24:16,2016-03-25 04:36:06,0.7116666666666667,315,3,0,5.197,2.082777777777778,1.2583333333333333,20.203963825283815
2016-03-24 21:55:59,2016-03-25 23:40:16,2016-03-24 23:52:35,2016-03-25 22:23:38,0.6113888888888889,1258,4,1,22.518,1.9433333333333334,1.2772222222222223,13.966604494182432
2016-03-24 23:11:09,2016-03-25 03:42:54,2016-03-24 23:50:49,2016-03-25 02:46:48,1.2527777777777778,181,3,0,2.933,0.6611111111111111,0.935,20.570519377201958
2016-03-25 00:48:10,2016-03-27 03:18:25,2016-03-25 02:12:43,2016-03-27 01:52:04,1.6169444444444445,7251,10,6,47.656,1.4091666666666667,1.4391666666666667,15.215292932684237
2016-03-25 05:14:01,2016-03-26 18:41:35,2016-03-25 06:11:11,2016-03-26 18:20:08,4.430833333333333,2457,5,2,36.149,0.9527777777777777,0.3575,13.593737032836316
2016-03-25 06:14:51,2016-03-26 00:01:00,2016-03-25 06:41:05,2016-03-25 23:33:29,1.0138888888888888,2129,6,2,16.873,0.43722222222222223,0.45861111111111114,21.029652897133488
2016-03-25 06:52:37,2016-03-26 05:36:27,2016-03-25 07:14:22,2016-03-26 05:03:38,0.6294444444444445,1346,4,1,21.821,0.3625,0.5469444444444445,15.420924797213692
2016-03-25 07:03:59,2016-03-25 10:04:20,2016-03-25 07:36:31,2016-03-25 09:38:46,0.18944444444444444,138,3,0,2.037,0.5422222222222223,0.4261111111111111,22.58222876779578
2016-03-25 07:20:14,2016-03-26 05:25:21,2016-03-25 07:37:27,2016-03-26 03:50:52,0.2708333333333333,2318,5,2,20.224,0.28694444444444445,1.5747222222222221,22.923259493670884
2016-03-25 09:27:38,2016-03-26 01:31:25,2016-03-25 09:34:25,2016-03-26 00:42:04,2.1233333333333335,1259,4,1,15.127,0.11305555555555556,0.8225,20.80716599457923
2016-03-25 12:29:39,2016-03-26 03:15:17,2016-03-25 13:36:16,2016-03-26 01:22:36,3.033611111111111,1145,6,1,11.772,1.1102777777777777,1.8780555555555556,16.210782648091516
2016-03-25 13:22:52,2016-03-26 06:25:13,2016-03-25 14:15:16,2016-03-26 05:16:31,0.8869444444444444,1150,5,1,15.021,0.8733333333333333,1.145,15.311896677984155
2016-03-25 13:28:16,2016-03-25 19:06:26,2016-03-25 13:56:04,2016-03-25 18:47:34,0.09,154,2,0,4.858,0.4633333333333333,0.31444444444444447,15.850144092219022
2016-03-25 14:05:21,2016-03-26 05:52:26,2016-03-25 14:55:24,2016-03-26 05:19:31,0.6180555555555556,689,2,0,14.402,0.8341666666666666,0.5486111111111112,23.920288848771005
2016-03-25 14:55:27,2016-03-26 22:24:50,2016-03-25 18:19:59,2016-03-26 21:40:07,0.835,1301,4,1,27.336,3.408888888888889,0.7452777777777778,11.898229441030145
2016-03-25 16:15:01,2016-03-26 19:19:59,2016-03-25 17:14:58,2016-03-26 16:23:36,1.326111111111111,2345,6,2,23.144,0.9991666666666666,2.939722222222222,16.887026155086996
2016-03-25 18:06:44,2016-03-26 08:58:17,2016-03-25 18:35:33,2016-03-26 07:30:11,1.8619444444444444,1701,6,1,12.91,0.4802777777777778,1.4683333333333333,21.959721146398138
2016-03-25 18:42:22,2016-03-26 12:16:34,2016-03-25 20:37:48,2016-03-26 11:45:05,0.5938888888888889,661,2,0,15.121,1.923888888888889,0.5247222222222222,21.857020038357252
2016-03-25 19:40:03,2016-03-26 13:27:11,2016-03-25 20:07:33,2016-03-26 12:21:09,0.9613888888888888,1325,5,1,16.227,0.4583333333333333,1.1005555555555555,16.330806680224317
2016-03-25 22:25:41,2016-03-27 09:19:08,2016-03-25 22:52:15,2016-03-27 06:58:22,2.7605555555555554,2087,5,2,32.102,0.44277777777777777,2.346111111111111,13.002305152326958
2016-03-25 23:11:36,2016-03-26 12:15:26,2016-03-26 01:47:28,2016-03-26 08:33:40,0.7652777777777777,356,3,0,6.77,2.597777777777778,3.696111111111111,17.52831117676022
2016-03-26 01:25:34,2016-03-26 17:01:01,2016-03-26 02:14:15,2016-03-26 15:46:36,2.2327777777777778,1468,5,1,13.539,0.8113888888888889,1.2402777777777778,21.68550114484083
2016-03-26 02:51:45,2016-03-26 10:51:48,2016-03-26 03:09:07,2016-03-26 10:06:41,1.436388888888889,370,3,0,6.959,0.28944444444444445,0.7519444444444444,17.722852900320927
2016-03-26 03:34:18,2016-03-26 17:37:30,2016-03-26 03:54:33,2016-03-26 13:35:30,0.7091666666666666,1506,6,1,9.682,0.3375,4.033333333333333,25.92439578599463
2016-03-26 06:12:55,2016-03-26 10:26:38,2016-03-26 06:33:50,2016-03-26 09:37:20,2.643611111111111,224,4,0,3.059,0.3486111111111111,0.8216666666666667,18.306636155606405
2016-03-26 06:30:43,2016-03-26 19:07:33,2016-03-26 06:58:37,2016-03-26 16:57:02,0.2966666666666667,1133,5,1,9.974,0.465,2.1752777777777776,22.719069580910364
2016-03-26 12:54:08,2016-03-26 22:59:28,2016-03-26 14:11:52,2016-03-26 22:08:53,6.3902777777777775,270,3,0,7.95,1.2955555555555556,0.8430555555555556,11.320754716981131
2016-03-26 16:12:24,2016-03-27 01:24:05,2016-03-26 16:45:03,2016-03-27 00:37:24,3.3044444444444445,294,3,0,7.873,0.5441666666666667,0.7780555555555555,12.447605741140608
2016-03-26 17:49:18,2016-03-27 01:29:15,2016-03-26 20:04:53,2016-03-27 00:19:48,1.615,223,4,0,4.249,2.2597222222222224,1.1575,13.120734290421277
2016-03-26 20:32:34,2016-03-27 09:02:19,2016-03-26 21:03:44,2016-03-27 07:55:10,2.721111111111111,683,3,0,10.857,0.5194444444444445,1.1191666666666666,20.969574161063523
2016-03-26 21:51:34,2016-03-27 07:37:07,2016-03-26 22:09:39,2016-03-27 06:59:03,1.3166666666666667,1337,6,1,8.823,0.3013888888888889,0.6344444444444445,25.255959802032564
2016-03-27 01:55:31,2016-03-27 12:41:40,2016-03-27 02:28:40,2016-03-27 11:57:34,4.065833333333333,410,3,0,9.482,0.5525,0.735,14.413274274063138
2016-03-27 03:09:39,2016-03-28 11:08:29,2016-03-27 04:19:01,2016-03-28 09:52:25,1.2355555555555555,1671,5,1,29.557,1.156111111111111,1.2677777777777777,11.306966200899955
2016-03-27 03:32:49,2016-03-27 22:07:43,2016-03-27 04:42:10,2016-03-27 21:34:01,0.3861111111111111,3298,7,3,16.864,1.1558333333333333,0.5616666666666666,27.937788018433178
2016-03-27 03:38:24,2016-03-27 11:42:12,2016-03-27 04:24:23,2016-03-27 11:19:57,0.09305555555555556,508,3,0,6.926,0.7663888888888889,0.37083333333333335,24.448936375012032
2016-03-27 04:16:07,2016-03-27 08:35:39,2016-03-27 04:39:59,2016-03-27 08:04:01,0.6286111111111111,253,3,0,3.401,0.3977777777777778,0.5272222222222223,24.796628442614917
2016-03-27 05:13:37,2016-03-27 08:47:48,2016-03-27 05:56:14,2016-03-27 07:50:36,0.9583333333333334,109,3,0,1.906,0.7102777777777778,0.9533333333333334,19.06260930395243
2016-03-27 06:50:41,2016-03-27 12:46:55,2016-03-27 07:38:30,2016-03-27 11:58:32,1.6177777777777778,184,3,0,4.334,0.7969444444444445,0.8063888888888889,14.151668974004
2016-03-27 08:01:31,2016-03-28 14:12:47,2016-03-27 08:15:48,2016-03-28 13:38:07,1.1805555555555556,3190,7,3,29.372,0.23805555555555555,0.5777777777777777,15.515262348981539
2016-03-27 10:31:08,2016-03-27 17:41:53,2016-03-27 12:38:33,2016-03-27 17:09:05,2.493611111111111,340,4,0,4.509,2.123611111111111,0.5466666666666666,18.851186515857172
2016-03-27 10:34:22,2016-03-27 22:07:21,2016-03-27 11:01:04,2016-03-27 21:29:59,0.05388888888888889,1073,5,1,10.482,0.445,0.6227777777777778,20.47319213890479
2016-03-27 14:29:12,2016-03-27 19:41:56,2016-03-27 14:44:39,2016-03-27 19:16:33,3.9138888888888888,325,5,0,4.532,0.2575,0.4230555555555556,14.342453662842011
2016-03-27 17:24:23,2016-03-28 00:15:12,2016-03-27 17:39:51,2016-03-27 23:41:39,2.919722222222222,445,3,0,6.03,0.2577777777777778,0.5591666666666667,24.599226091763406
2016-03-27 17:43:17,2016-03-28 05:21:56,2016-03-27 18:49:45,2016-03-28 04:46:04,0.315,1245,5,1,9.938,1.1077777777777778,0.5977777777777777,25.055343127389815
2016-03-27 18:08:46,2016-03-28 08:55:58,2016-03-27 20:50:48,2016-03-28 08:26:18,0.4247222222222222,1146,5,1,11.592,2.7005555555555554,0.49444444444444446,19.77225672877847
2016-03-27 20:10:06,2016-03-28 18:54:02,2016-03-27 20:24:59,2016-03-28 15:58:06,2.022222222222222,2448,6,2,19.552,0.24805555555555556,2.9322222222222223,20.867430441898527
2016-03-27 20:32:00,2016-03-29 02:22:49,2016-03-27 21:31:39,2016-03-29 02:11:43,0.365,2345,6,2,28.668,0.9941666666666666,0.185,13.633086833170552
2016-03-28 02:52:49,2016-03-28 17:35:10,2016-03-28 03:58:49,2016-03-28 16:30:17,6.3469444444444445,1553,6,1,12.524,1.1,1.081388888888889,20.666986053444056
2016-03-28 06:08:09,2016-03-29 15:19:08,2016-03-28 06:20:25,2016-03-29 14:14:30,3.2555555555555555,3178,6,3,31.902,0.20444444444444446,1.0772222222222223,16.60292980586379
2016-03-28 06:19:26,2016-03-29 03:23:58,2016-03-28 06:53:38,2016-03-29 02:53:34,0.18805555555555556,1147,4,1,19.999,0.57,0.5066666666666667,14.338216910845544
2016-03-28 08:37:45,2016-03-28 19:28:26,2016-03-28 09:53:09,2016-03-28 19:04:58,2.305277777777778,251,4,0,9.197,1.2566666666666666,0.39111111111111113,6.822877025116886
2016-03-28 11:17:55,2016-03-29 16:47:32,2016-03-28 11:58:16,2016-03-29 16:31:36,2.6694444444444443,4226,8,4,28.556,0.6725,0.26555555555555554,18.498739319232385
2016-03-28 11:32:30,2016-03-29 04:27:34,2016-03-28 12:20:24,2016-03-29 03:21:44,0.24305555555555555,1258,4,1,15.022,0.7983333333333333,1.0972222222222223,20.935960591133004
2016-03-28 16:01:04,2016-03-28 20:07:46,2016-03-28 16:27:26,2016-03-28 18:27:28,4.476111111111111,154,4,0,2.001,0.43944444444444447,1.6716666666666666,19.240379810094954
2016-03-28 18:29:43,2016-03-30 21:19:32,2016-03-28 19:39:25,2016-03-30 20:49:06,2.4775,5320,7,5,49.161,1.1616666666666666,0.5072222222222222,15.459408881023576
2016-03-28 20:55:22,2016-03-29 14:59:19,2016-03-28 21:29:31,2016-03-29 14:47:27,2.4275,2400,6,2,17.299,0.5691666666666667,0.19777777777777777,23.12272385687034
2016-03-28 23:34:53,2016-03-30 06:35:55,2016-03-28 23:47:04,2016-03-30 05:11:06,2.658611111111111,2472,6,2,29.401,0.20305555555555554,1.4136111111111112,14.013128805142681
2016-03-29 02:15:22,2016-03-30 07:05:32,2016-03-29 05:59:21,2016-03-30 05:43:55,2.674722222222222,1009,4,1,23.743,3.7330555555555556,1.3602777777777777,10.624183970012215
2016-03-29 03:28:07,2016-03-29 13:04:16,2016-03-29 05:50:45,2016-03-29 12:01:32,1.2125,335,3,0,6.18,2.377222222222222,1.0455555555555556,18.06903991370011
2016-03-29 03:28:58,2016-03-29 10:26:04,2016-03-29 03:51:16,2016-03-29 09:34:53,0.014166666666666666,417,3,0,5.727,0.37166666666666665,0.8530555555555556,24.27099703160468
2016-03-29 04:57:16,2016-03-29 11:53:31,2016-03-29 05:11:49,2016-03-29 10:23:42,1.4716666666666667,393,3,0,5.198,0.2425,1.4969444444444444,25.202000769526737
2016-03-29 05:50:46,2016-03-29 21:51:50,2016-03-29 06:15:04,2016-03-29 19:55:22,0.8916666666666667,2157,6,2,13.672,0.405,1.941111111111111,26.294616734932706
2016-03-29 08:06:48,2016-03-29 16:37:40,2016-03-29 08:32:39,2016-03-29 15:51:03,2.2672222222222222,416,3,0,7.307,0.43083333333333335,0.7769444444444444,18.977236439943432
2016-03-29 12:12:09,2016-03-30 12:50:05,2016-03-29 12:58:52,2016-03-30 11:22:37,4.089166666666666,4409,8,4,22.396,0.7786111111111111,1.4577777777777778,24.6081889623147
2016-03-29 14:27:10,2016-03-29 18:37:44,2016-03-29 15:14:12,2016-03-29 17:25:15,2.250277777777778,146,4,0,2.184,0.7838888888888889,1.2080555555555557,16.71245421245421
2016-03-29 15:04:03,2016-03-30 02:31:12,2016-03-29 15:39:12,2016-03-30 01:22:43,0.6147222222222222,312,3,0,9.725,0.5858333333333333,1.1413888888888888,10.694087403598973
2016-03-29 16:21:24,2016-03-30 19:18:14,2016-03-29 17:29:26,2016-03-30 16:33:13,1.2891666666666666,2722,6,2,23.063,1.133888888888889,2.750277777777778,19.670756912225933
2016-03-29 17:26:54,2016-03-31 03:13:54,2016-03-29 17:41:08,2016-03-31 02:25:47,1.0916666666666666,1410,4,1,32.744,0.23722222222222222,0.8019444444444445,10.765331053017347
2016-03-29 18:02:31,2016-03-30 06:00:21,2016-03-29 20:10:44,2016-03-30 05:54:53,0.5936111111111111,483,3,0,9.736,2.1369444444444445,0.09111111111111111,16.53656532456861
2016-03-29 18:11:43,2016-03-30 03:55:47,2016-03-29 18:32:49,2016-03-30 03:18:48,0.15333333333333332,463,3,0,8.766,0.3516666666666667,0.6163888888888889,17.605901589474485
2016-03-29 20:10:22,2016-03-30 12:42:45,2016-03-29 20:44:36,2016-03-30 11:03:06,1.9775,288,3,0,14.308,0.5705555555555556,1.6608333333333334,6.709533128319821
2016-03-29 21:48:34,2016-03-31 05:52:10,2016-03-29 22:34:20,2016-03-31 04:28:02,1.6366666666666667,3483,6,3,29.895,0.7627777777777778,1.4022222222222223,19.41796287004516
2016-03-30 00:28:26,2016-03-30 17:51:05,2016-03-30 01:06:08,2016-03-30 17:19:44,2.6644444444444444,2101,6,2,16.227,0.6283333333333333,0.5225,21.579260902610876
2016-03-30 00:46:00,2016-03-30 19:48:09,2016-03-30 05:14:03,2016-03-30 18:59:19,0.2927777777777778,2348,6,2,13.755,4.4675,0.8138888888888889,28.450260511329212
2016-03-30 02:08:18,2016-03-30 11:48:42,2016-03-30 02:28:57,2016-03-30 09:18:01,1.3716666666666666,427,3,0,6.818,0.3441666666666667,2.511388888888889,20.876112251882272
2016-03-30 03:19:54,2016-04-01 00:56:08,2016-03-30 03:28:51,2016-03-31 23:02:23,1.1933333333333334,3169,7,3,43.559,0.14916666666666667,1.8958333333333333,10.39312853174512
2016-03-30 03:23:29,2016-03-30 23:54:22,2016-03-30 04:05:36,2016-03-30 23:03:06,0.059722222222222225,3424,7,3,18.958,0.7019444444444445,0.8544444444444445,25.801395566138684
2016-03-30 04:31:09,2016-03-30 20:37:24,2016-03-30 05:29:23,2016-03-30 19:45:21,1.1277777777777778,1295,5,1,14.266,0.9705555555555555,0.8675,18.15505397448479
2016-03-30 07:48:19,2016-03-31 04:56:39,2016-03-30 08:51:32,2016-03-31 01:31:03,3.286111111111111,2222,5,2,16.659,1.053611111111111,3.4266666666666667,26.676271084698964
2016-03-30 08:57:58,2016-03-31 00:14:39,2016-03-30 09:14:20,2016-03-30 22:04:07,1.1608333333333334,1217,5,1,12.83,0.2727777777777778,2.1755555555555555,18.97116134060795
2016-03-30 09:37:09,2016-04-01 05:30:13,2016-03-30 10:47:57,2016-04-01 03:19:59,0.6530555555555555,3530,7,3,40.534,1.18,2.1705555555555556,12.441054775884796
2016-03-30 10:16:19,2016-03-30 20:48:19,2016-03-30 11:13:40,2016-03-30 20:13:14,0.6527777777777778,1415,5,1,8.993,0.9558333333333333,0.5847222222222223,31.468920271322137
2016-03-30 14:53:35,2016-03-31 12:59:56,2016-03-30 15:27:11,2016-03-31 11:22:21,4.621111111111111,3504,8,3,19.919,0.56,1.6263888888888889,21.989055675485716
2016-03-30 17:36:46,2016-03-31 18:54:20,2016-03-30 18:12:22,2016-03-31 16:28:54,2.7197222222222224,2104,6,2,22.276,0.5933333333333334,2.423888888888889,15.741904590890046
2016-03-30 19:08:29,2016-03-31 14:49:04,2016-03-30 19:57:39,2016-03-31 13:30:44,1.5286111111111111,1453,5,1,17.551,0.8194444444444444,1.3055555555555556,16.557461113326877
2016-03-30 21:26:41,2016-03-31 09:19:43,2016-03-30 21:52:04,2016-03-31 07:31:08,2.3033333333333332,1320,6,1,9.651,0.4230555555555556,1.8097222222222222,22.79556522640141
2016-03-30 21:32:42,2016-03-31 03:30:15,2016-03-30 23:14:50,2016-03-31 01:21:38,0.10027777777777777,157,3,0,2.113,1.7022222222222223,2.143611111111111,24.76731345638113
2016-03-31 00:13:37,2016-03-31 14:38:57,2016-03-31 01:27:18,2016-03-31 14:06:28,2.6819444444444445,1162,5,1,12.653,1.2280555555555555,0.5413888888888889,18.36718564767249
2016-03-31 03:21:12,2016-03-31 14:22:10,2016-03-31 03:38:53,2016-03-31 13:48:36,3.126388888888889,1242,5,1,10.162,0.2947222222222222,0.5594444444444444,24.444007085219443
2016-03-31 10:30:17,2016-03-31 16:18:44,2016-03-31 12:59:07,2016-03-31 14:22:48,7.151388888888889,81,3,0,1.395,2.4805555555555556,1.9322222222222223,19.354838709677416
2016-03-31 13:00:00,2016-03-31 19:55:49,2016-03-31 13:22:50,2016-03-31 19:41:21,2.495277777777778,379,3,0,6.309,0.38055555555555554,0.2411111111111111,20.02430390447509
2016-03-31 13:19:12,2016-04-01 12:53:00,2016-03-31 15:14:10,2016-04-01 11:46:01,0.32,3182,7,3,20.531,1.916111111111111,1.1163888888888889,22.140734916537365
2016-03-31 13:56:47,2016-04-01 16:33:56,2016-03-31 14:56:34,2016-04-01 16:05:15,0.6263888888888889,2273,6,2,25.145,0.9963888888888889,0.47805555555555557,15.065950818585536
2016-03-31 13:57:29,2016-04-01 10:15:05,2016-03-31 14:37:23,2016-04-01 07:47:35,0.011666666666666667,2146,7,2,17.17,0.665,2.4583333333333335,17.85506281720609
2016-03-31 14:39:24,2016-04-01 01:45:26,2016-03-31 15:03:28,2016-04-01 00:59:24,0.6986111111111111,386,2,0,9.932,0.4011111111111111,0.7672222222222222,19.432138542086186
2016-03-31 18:01:38,2016-04-01 01:15:58,2016-03-31 18:35:57,2016-03-31 23:40:53,3.3705555555555557,368,4,0,5.082,0.5719444444444445,1.5847222222222221,18.103109012199923
2016-03-31 19:07:35,2016-04-01 19:29:29,2016-03-31 20:24:23,2016-04-01 18:51:59,1.0991666666666666,2245,6,2,22.46,1.28,0.625,16.659246067082222
2016-03-31 21:05:24,2016-04-01 08:09:19,2016-03-31 21:26:12,2016-04-01 07:49:43,1.9636111111111112,1295,6,1,10.392,0.3466666666666667,0.32666666666666666,20.769181421606365
2016-03-31 21:48:36,2016-04-01 05:32:40,2016-03-31 23:56:11,2016-04-01 04:35:24,0.72,241,3,0,4.654,2.126388888888889,0.9544444444444444,17.261137372869218
2016-03-31 23:48:28,2016-04-01 01:26:00,2016-04-01 00:14:38,2016-04-01 00:46:24,1.9977777777777779,46,4,0,0.529,0.4361111111111111,0.66,21.73913043478261
2016-04-01 04:00:01,2016-04-01 10:12:30,2016-04-01 05:18:12,2016-04-01 09:14:30,4.1925,275,3,0,3.938,1.3030555555555556,0.9666666666666667,23.277467411545622
2016-04-01 05:36:10,2016-04-03 23:12:28,2016-04-01 07:18:59,2016-04-03 22:19:13,1.6025,4359,8,4,63.004,1.7136111111111112,0.8875,8.648260427909339
2016-04-01 05:56:55,2016-04-01 19:45:51,2016-04-01 06:35:15,2016-04-01 18:55:53,0.3458333333333333,1292,6,1,12.344,0.6388888888888888,0.8327777777777777,17.444372434651115
2016-04-01 06:01:19,2016-04-01 20:37:35,2016-04-01 08:42:08,2016-04-01 20:14:15,0.07333333333333333,1042,5,1,11.535,2.680277777777778,0.3888888888888889,18.066753359341135
2016-04-01 07:04:31,2016-04-01 17:30:54,2016-04-01 08:52:04,2016-04-01 16:34:11,1.0533333333333332,357,3,0,7.702,1.7925,0.9452777777777778,15.450532329265124
2016-04-01 07:37:53,2016-04-02 16:56:59,2016-04-01 08:30:30,2016-04-02 16:28:25,0.5561111111111111,2289,6,2,31.965,0.8769444444444444,0.4761111111111111,11.93492882840607
2016-04-01 08:30:22,2016-04-02 06:46:44,2016-04-01 09:03:31,2016-04-02 06:15:29,0.8747222222222222,2132,6,2,21.2,0.5525,0.5208333333333334,16.761006289308177
2016-04-01 09:40:21,2016-04-01 14:13:01,2016-04-01 11:10:51,2016-04-01 13:34:44,1.166388888888889,163,3,0,2.398,1.5083333333333333,0.6380555555555556,22.65777036419238
2016-04-01 11:19:32,2016-04-02 11:42:26,2016-04-01 11:34:59,2016-04-02 08:20:37,1.6530555555555555,1332,5,1,20.761,0.2575,3.363611111111111,12.831751842396802
2016-04-01 11:53:10,2016-04-01 21:21:08,2016-04-01 13:22:26,2016-04-01 20:00:59,0.5605555555555556,293,2,0,6.643,1.4877777777777779,1.3358333333333334,22.053289176576847
2016-04-01 12:24:32,2016-04-02 04:49:26,2016-04-01 13:08:24,2016-04-02 03:41:38,0.5227777777777778,2302,6,2,14.554,0.7311111111111112,1.13,26.361595895744586
2016-04-01 13:52:36,2016-04-02 07:46:07,2016-04-01 14:59:53,2016-04-02 05:14:41,1.4677777777777778,1233,5,1,14.247,1.121388888888889,2.523888888888889,17.308907138344914
2016-04-01 17:57:25,2016-04-01 22:21:30,2016-04-01 18:08:25,2016-04-01 21:04:57,4.080277777777778,125,3,0,2.942,0.18333333333333332,1.2758333333333334,14.162701110355766
2016-04-01 17:58:46,2016-04-03 17:18:51,2016-04-01 18:11:55,2016-04-03 15:50:29,0.0225,2358,6,2,45.643,0.21916666666666668,1.4727777777777777,8.610301689196591
2016-04-01 20:40:00,2016-04-02 14:15:21,2016-04-02 00:03:48,2016-04-02 12:39:50,2.687222222222222,1061,4,1,12.601,3.3966666666666665,1.5919444444444444,21.049916673279895
2016-04-02 00:02:32,2016-04-02 10:36:52,2016-04-02 00:13:08,2016-04-02 09:54:38,3.3755555555555556,1164,5,1,9.692,0.17666666666666667,0.7038888888888889,24.01981015270326
2016-04-02 04:56:36,2016-04-02 20:59:19,2016-04-02 05:36:52,2016-04-02 20:08:40,4.901111111111111,3259,8,3,14.53,0.6711111111111111,0.8441666666666666,28.036820371644875
2016-04-02 04:57:40,2016-04-02 15:08:24,2016-04-02 05:29:20,2016-04-02 15:00:25,0.017777777777777778,1449,6,1,9.518,0.5277777777777778,0.13305555555555557,25.372977516284934
2016-04-02 07:56:30,2016-04-02 23:20:37,2016-04-02 08:16:44,2016-04-02 22:37:50,2.9805555555555556,1279,5,1,14.352,0.3372222222222222,0.7130555555555556,17.82329988851728
2016-04-02 09:20:38,2016-04-03 08:34:29,2016-04-02 09:47:09,2016-04-03 08:15:18,1.4022222222222223,2297,6,2,22.469,0.4419444444444444,0.31972222222222224,17.038289791861377
2016-04-02 11:44:23,2016-04-02 22:35:39,2016-04-02 12:15:35,2016-04-02 21:33:22,2.3958333333333335,364,2,0,9.296,0.52,1.0380555555555555,19.57831325301205
2016-04-02 17:20:03,2016-04-03 15:20:01,2016-04-02 17:54:41,2016-04-03 13:59:56,5.594444444444444,1300,5,1,20.088,0.5772222222222222,1.3347222222222221,12.94305057745918
2016-04-02 18:13:16,2016-04-03 00:00:28,2016-04-02 18:45:20,2016-04-02 23:31:51,0.8869444444444444,239,3,0,4.775,0.5344444444444445,0.47694444444444445,16.68411867364747
2016-04-02 18:48:54,2016-04-02 22:13:10,2016-04-02 19:18:36,2016-04-02 20:38:23,0.5938888888888889,89,3,0,1.33,0.495,1.5797222222222222,22.305764411027567
2016-04-02 19:01:44,2016-04-03 10:28:22,2016-04-02 19:12:48,2016-04-03 09:00:11,0.21388888888888888,1201,5,1,13.79,0.18444444444444444,1.4697222222222222,17.41841914430747
2016-04-02 21:37:50,2016-04-03 02:55:35,2016-04-02 22:55:50,2016-04-03 02:31:38,2.6016666666666666,151,3,0,3.597,1.3,0.39916666666666667,13.993142433509405
2016-04-02 22:58:47,2016-04-03 13:13:35,2016-04-02 23:23:58,2016-04-03 12:41:17,1.3491666666666666,1187,5,1,13.289,0.4197222222222222,0.5383333333333333,17.864399127097602
2016-04-03 01:13:16,2016-04-03 09:46:23,2016-04-03 02:23:41,2016-04-03 07:48:12,2.241388888888889,446,3,0,5.409,1.1736111111111112,1.9697222222222222,27.485055771245456
2016-04-03 01:22:03,2016-04-03 09:49:11,2016-04-03 02:12:55,2016-04-03 09:13:35,0.1463888888888889,398,3,0,7.011,0.8477777777777777,0.5933333333333334,18.922645366804545
2016-04-03 01:41:41,2016-04-03 14:35:08,2016-04-03 02:07:39,2016-04-03 13:52:56,0.32722222222222225,1300,5,1,11.755,0.43277777777777776,0.7033333333333334,22.11824755423224
2016-04-03 01:52:56,2016-04-03 09:58:21,2016-04-03 02:19:36,2016-04-03 09:23:28,0.1875,522,4,0,7.064,0.4444444444444444,0.5813888888888888,18.473952434881088
2016-04-03 02:00:04,2016-04-03 09:27:41,2016-04-03 04:10:01,2016-04-03 09:07:24,0.11888888888888889,359,4,0,4.956,2.1658333333333335,0.33805555555555555,18.109362389023403
2016-04-03 04:00:21,2016-04-03 11:12:44,2016-04-03 05:14:07,2016-04-03 10:50:05,2.004722222222222,531,4,0,5.599,1.2294444444444443,0.3775,23.70959099839257
2016-04-03 06:22:50,2016-04-03 13:09:25,2016-04-03 06:36:47,2016-04-03 12:54:17,2.374722222222222,463,4,0,6.292,0.2325,0.25222222222222224,18.396376350921805
2016-04-03 07:08:49,2016-04-03 15:47:26,2016-04-03 07:34:56,2016-04-03 13:46:04,0.7663888888888889,384,3,0,6.186,0.43527777777777776,2.022777777777778,20.691884901390235
2016-04-03 14:04:35,2016-04-04 18:34:56,2016-04-03 14:56:53,2016-04-04 16:09:12,6.929444444444444,2188,6,2,25.205,0.8716666666666667,2.428888888888889,14.468028830258547
2016-04-03 14:20:04,2016-04-04 09:37:56,2016-04-03 17:26:35,2016-04-04 09:00:49,0.25805555555555554,1289,5,1,15.571,3.108611111111111,0.6186111111111111,16.556418984008733
2016-04-03 15:31:04,2016-04-04 08:04:47,2016-04-03 16:05:44,2016-04-04 06:48:09,1.1833333333333333,1316,6,1,14.707,0.5777777777777777,1.2772222222222223,14.913533238140568
2016-04-03 16:48:52,2016-04-04 15:27:38,2016-04-03 16:59:57,2016-04-04 14:50:29,1.2966666666666666,3252,7,3,21.842,0.18472222222222223,0.6191666666666666,21.269637788271613
2016-04-03 18:47:59,2016-04-04 23:20:42,2016-04-03 21:29:26,2016-04-04 22:57:23,1.9852777777777777,1491,5,1,25.466,2.6908333333333334,0.38861111111111113,11.70973062122045
2016-04-03 19:25:32,2016-04-04 00:09:24,2016-04-03 20:08:04,2016-04-03 23:46:28,0.6258333333333334,226,4,0,3.64,0.7088888888888889,0.38222222222222224,15.521978021978022
2016-04-03 21:45:48,2016-04-04 14:50:54,2016-04-03 23:09:03,2016-04-04 13:26:54,2.3377777777777777,1065,5,1,14.298,1.3875,1.4,14.897188417960555
2016-04-03 23:47:34,2016-04-04 11:29:26,2016-04-04 00:11:59,2016-04-04 10:57:06,2.0294444444444446,459,3,0,10.752,0.40694444444444444,0.5388888888888889,14.229910714285714
2016-04-04 00:14:35,2016-04-04 08:20:48,2016-04-04 00:25:42,2016-04-04 06:23:15,0.4502777777777778,535,4,0,5.959,0.1852777777777778,1.9591666666666667,22.445041114280922
2016-04-04 00:50:38,2016-04-04 03:20:21,2016-04-04 01:49:20,2016-04-04 02:37:58,0.6008333333333333,54,4,0,0.811,0.9783333333333334,0.7063888888888888,16.646115906288532
2016-04-04 01:59:40,2016-04-04 17:13:46,2016-04-04 03:17:06,2016-04-04 16:17:18,1.1505555555555556,1431,5,1,13.003,1.2905555555555555,0.9411111111111111,22.01030531415827
2016-04-04 04:03:29,2016-04-05 09:13:59,2016-04-04 04:33:08,2016-04-05 09:00:04,2.0636111111111113,4274,10,4,28.449,0.49416666666666664,0.23194444444444445,15.023375162571618
2016-04-04 05:45:13,2016-04-05 00:17:16,2016-04-04 06:37:20,2016-04-04 23:41:05,1.6955555555555555,1529,6,1,17.063,0.8686111111111111,0.6030555555555556,14.934849284025868
2016-04-04 07:14:03,2016-04-05 11:25:36,2016-04-04 07:30:34,2016-04-05 10:35:23,1.4805555555555556,2557,6,2,27.08,0.2752777777777778,0.8369444444444445,15.737321516494339
2016-04-04 10:37:07,2016-04-05 00:03:32,2016-04-04 10:48:25,2016-04-04 17:50:09,3.3844444444444446,481,4,0,7.029,0.18833333333333332,6.223055555555556,17.107696685161475
2016-04-04 11:12:11,2016-04-04 19:37:40,2016-04-04 11:50:20,2016-04-04 18:47:37,0.5844444444444444,334,2,0,6.955,0.6358333333333334,0.8341666666666666,24.011502516175412
2016-04-04 14:18:43,2016-04-04 21:57:54,2016-04-04 14:54:55,2016-04-04 21:05:14,3.108888888888889,400,3,0,6.172,0.6033333333333334,0.8777777777777778,21.602937999567942
2016-04-04 18:14:30,2016-04-04 21:18:42,2016-04-04 18:39:22,2016-04-04 21:04:18,3.9297222222222223,167,3,0,2.416,0.41444444444444445,0.24,23.04083885209713
2016-04-04 23:45:14,2016-04-06 04:06:22,2016-04-05 00:38:28,2016-04-06 03:03:37,5.512222222222222,2700,5,2,26.419,0.8872222222222222,1.0458333333333334,20.439834967258413
2016-04-05 06:28:34,2016-04-05 16:47:46,2016-04-05 06:59:28,2016-04-05 14:50:42,6.722222222222222,1123,6,1,7.854,0.515,1.951111111111111,23.830744418979712
2016-04-05 07:19:10,2016-04-05 18:34:21,2016-04-05 07:43:45,2016-04-05 18:09:04,0.8433333333333334,1485,5,1,10.422,0.4097222222222222,0.42138888888888887,28.497409326424872
2016-04-05 11:18:18,2016-04-05 21:20:45,2016-04-05 11:23:19,2016-04-05 20:55:49,3.9855555555555555,1169,6,1,9.541,0.08361111111111111,0.41555555555555557,20.42064074345806
2016-04-05 15:55:18,2016-04-06 02:21:53,2016-04-05 16:12:38,2016-04-06 01:52:23,4.616666666666666,564,3,0,9.663,0.28888888888888886,0.49166666666666664,19.455655593500982
2016-04-05 16:25:14,2016-04-05 21:32:46,2016-04-05 16:41:54,2016-04-05 20:33:02,0.4988888888888889,290,3,0,3.852,0.2777777777777778,0.9955555555555555,25.09518864659052
2016-04-05 17:21:33,2016-04-06 02:00:32,2016-04-05 17:35:38,2016-04-06 01:15:52,0.9386111111111111,385,2,0,7.67,0.23472222222222222,0.7444444444444445,25.097783572359845
2016-04-05 20:40:17,2016-04-06 17:24:11,2016-04-05 21:18:02,2016-04-06 16:16:03,3.312222222222222,690,3,0,18.967,0.6291666666666667,1.1355555555555557,12.12632466916223
2016-04-05 21:47:10,2016-04-06 18:05:30,2016-04-05 23:27:27,2016-04-06 16:42:51,1.1147222222222222,684,2,0,17.257,1.6713888888888888,1.3775,19.81804485136466
2016-04-05 22:54:04,2016-04-06 08:32:15,2016-04-05 23:30:42,2016-04-06 07:44:26,1.115,424,4,0,8.229,0.6105555555555555,0.7969444444444445,12.881273544780655
2016-04-06 04:01:19,2016-04-07 19:43:12,2016-04-06 04:39:25,2016-04-07 18:10:39,5.120833333333334,6599,9,6,37.52,0.635,1.5425,19.542170101871594
2016-04-06 05:52:02,2016-04-06 07:03:02,2016-04-06 06:26:06,2016-04-06 06:36:55,1.8452777777777778,19,4,0,0.18,0.5677777777777778,0.43527777777777776,26.38888888888889
2016-04-06 05:53:35,2016-04-06 12:44:01,2016-04-06 07:11:46,2016-04-06 12:27:01,0.025833333333333333,277,3,0,5.254,1.3030555555555556,0.2833333333333333,17.573911940109124
2016-04-06 15:57:31,2016-04-06 23:24:49,2016-04-06 16:14:46,2016-04-06 23:15:51,10.065555555555555,366,2,0,7.018,0.2875,0.14944444444444444,26.075805072670278
2016-04-06 17:27:39,2016-04-07 03:48:30,2016-04-06 18:09:25,2016-04-07 03:04:38,1.5022222222222221,509,4,0,8.92,0.6961111111111111,0.7311111111111112,14.265695067264573
2016-04-06 19:16:43,2016-04-07 06:49:36,2016-04-06 20:21:29,2016-04-07 06:18:56,1.8177777777777777,1093,5,1,9.958,1.0794444444444444,0.5111111111111111,21.952199236794538
2016-04-06 20:57:05,2016-04-06 23:42:44,2016-04-06 21:35:32,2016-04-06 22:50:39,1.6727777777777777,90,3,0,1.252,0.6408333333333334,0.8680555555555556,23.961661341853034
2016-04-06 21:13:28,2016-04-07 03:23:50,2016-04-06 21:21:03,2016-04-07 02:55:50,0.27305555555555555,298,3,0,5.58,0.12638888888888888,0.4666666666666667,17.801672640382314
2016-04-06 21:42:24,2016-04-07 08:14:24,2016-04-06 22:08:37,2016-04-07 06:51:14,0.4822222222222222,468,2,0,8.71,0.43694444444444447,1.386111111111111,26.865671641791042
2016-04-07 00:36:30,2016-04-07 17:06:04,2016-04-07 01:28:22,2016-04-07 15:29:51,2.901666666666667,2232,6,2,14.025,0.8644444444444445,1.603611111111111,26.524064171122994
2016-04-07 00:47:59,2016-04-07 07:07:38,2016-04-07 01:11:36,2016-04-07 05:57:18,0.1913888888888889,352,3,0,4.762,0.39361111111111113,1.1722222222222223,24.639507209855807
2016-04-07 02:20:02,2016-04-07 16:02:05,2016-04-07 03:33:27,2016-04-07 15:37:01,1.5341666666666667,338,2,0,12.059,1.2236111111111112,0.4177777777777778,14.01442905713575
2016-04-07 02:21:29,2016-04-07 06:09:28,2016-04-07 03:43:48,2016-04-07 05:10:07,0.024166666666666666,83,3,0,1.439,1.3719444444444444,0.9891666666666666,19.22631457030345
2016-04-07 06:08:26,2016-04-07 11:33:03,2016-04-07 06:45:56,2016-04-07 10:54:29,3.7825,264,3,0,4.142,0.625,0.6427777777777778,21.245774987928534
2016-04-07 06:34:38,2016-04-07 08:58:28,2016-04-07 06:46:31,2016-04-07 07:55:09,0.43666666666666665,94,4,0,1.144,0.19805555555555557,1.0552777777777778,20.541958041958043
2016-04-07 08:26:40,2016-04-07 15:23:58,2016-04-07 09:51:53,2016-04-07 14:40:22,1.8672222222222221,215,2,0,4.808,1.4202777777777778,0.7266666666666667,22.358569051580698
2016-04-07 08:52:16,2016-04-08 18:53:46,2016-04-07 10:12:38,2016-04-08 16:52:39,0.4266666666666667,5354,8,5,30.667,1.3394444444444444,2.018611111111111,21.823132357256984
2016-04-07 10:07:36,2016-04-07 13:44:26,2016-04-07 10:39:29,2016-04-07 12:53:17,1.2555555555555555,172,3,0,2.23,0.5313888888888889,0.8525,25.71001494768311
2016-04-07 12:28:19,2016-04-07 19:01:52,2016-04-07 12:46:08,2016-04-07 18:06:13,2.3452777777777776,322,4,0,5.335,0.29694444444444446,0.9275,15.089034676663543
2016-04-07 15:14:42,2016-04-08 08:56:22,2016-04-07 15:58:37,2016-04-08 07:48:11,2.7730555555555556,1303,4,1,15.826,0.7319444444444444,1.136388888888889,20.58321749020599
2016-04-07 16:34:39,2016-04-08 20:43:08,2016-04-07 17:14:57,2016-04-08 19:47:09,1.3325,4325,9,4,26.537,0.6716666666666666,0.9330555555555555,18.108887800262107
2016-04-07 16:55:00,2016-04-07 20:09:15,2016-04-07 17:13:15,2016-04-07 19:05:26,0.33916666666666667,136,3,0,1.87,0.30416666666666664,1.063611111111111,24.242424242424242
2016-04-07 18:10:28,2016-04-08 09:40:47,2016-04-07 18:32:08,2016-04-08 07:28:23,1.2577777777777779,1233,6,1,12.937,0.3611111111111111,2.2066666666666666,15.884671871376671
2016-04-07 21:08:20,2016-04-08 01:33:14,2016-04-07 21:17:24,2016-04-07 23:52:21,2.9644444444444447,218,4,0,2.583,0.1511111111111111,1.6813888888888888,21.099496709252804
2016-04-07 22:58:03,2016-04-08 01:44:08,2016-04-07 23:05:10,2016-04-08 01:15:11,1.8286111111111112,163,3,0,2.167,0.11861111111111111,0.4825,25.07306568220274
2016-04-08 01:07:58,2016-04-08 07:30:26,2016-04-08 03:04:21,2016-04-08 05:46:23,2.165277777777778,121,3,0,2.701,1.9397222222222221,1.7341666666666666,14.93274096013822
2016-04-08 04:56:29,2016-04-08 14:14:47,2016-04-08 05:42:34,2016-04-08 14:04:22,3.808611111111111,468,3,0,8.363,0.7680555555555556,0.1736111111111111,18.653593208178883
2016-04-08 06:10:55,2016-04-09 01:52:13,2016-04-08 06:53:15,2016-04-09 00:48:16,1.2405555555555556,751,3,0,17.917,0.7055555555555556,1.0658333333333334,13.971833082175214
2016-04-08 07:42:29,2016-04-09 02:56:14,2016-04-08 07:52:52,2016-04-09 02:15:59,1.5261111111111112,1691,5,1,18.385,0.17305555555555555,0.6708333333333333,18.395431057927656
2016-04-08 07:43:36,2016-04-08 14:16:51,2016-04-08 08:58:02,2016-04-08 11:48:37,0.01861111111111111,226,3,0,2.843,1.2405555555555556,2.4705555555555554,26.497830929769023
2016-04-08 09:52:19,2016-04-08 18:26:09,2016-04-08 10:05:18,2016-04-08 16:53:36,2.145277777777778,537,3,0,6.805,0.21638888888888888,1.5425,26.30418809698751
2016-04-08 12:15:44,2016-04-08 23:58:44,2016-04-08 12:34:23,2016-04-08 23:37:59,2.390277777777778,1217,6,1,11.06,0.31083333333333335,0.3458333333333333,18.339361060880048
2016-04-08 14:28:28,2016-04-08 16:35:05,2016-04-08 14:48:39,2016-04-08 15:59:55,2.212222222222222,47,3,0,1.188,0.3363888888888889,0.5861111111111111,13.187429854096521
2016-04-08 16:20:21,2016-04-09 00:27:15,2016-04-08 16:42:16,2016-04-08 23:51:46,1.8647222222222222,438,3,0,7.158,0.36527777777777776,0.5913888888888889,20.39675887119307
2016-04-08 19:44:03,2016-04-09 00:02:41,2016-04-08 20:28:29,2016-04-08 21:48:55,3.395,82,4,0,1.34,0.7405555555555555,2.2294444444444443,15.298507462686567
2016-04-08 20:54:42,2016-04-09 06:20:21,2016-04-08 21:36:00,2016-04-09 05:12:01,1.1775,325,2,0,7.6,0.6883333333333334,1.1388888888888888,21.38157894736842
2016-04-08 23:43:16,2016-04-10 06:59:18,2016-04-08 23:52:31,2016-04-10 06:37:03,2.8094444444444444,3473,7,3,30.742,0.15416666666666667,0.37083333333333335,16.13892580648159
2016-04-09 00:47:53,2016-04-09 09:12:31,2016-04-09 01:12:10,2016-04-09 08:38:11,1.0769444444444445,450,3,0,7.434,0.4047222222222222,0.5722222222222222,20.177562550443906
2016-04-09 08:45:10,2016-04-09 15:13:53,2016-04-09 09:13:26,2016-04-09 14:30:18,7.954722222222222,354,3,0,5.281,0.4711111111111111,0.7263888888888889,22.344252982389698
2016-04-09 10:28:21,2016-04-09 15:53:12,2016-04-09 13:01:51,2016-04-09 15:30:01,1.7197222222222222,107,3,0,2.469,2.558333333333333,0.3863888888888889,14.445794518698529
2016-04-09 11:16:32,2016-04-09 22:55:24,2016-04-09 11:28:51,2016-04-09 22:14:01,0.8030555555555555,1296,6,1,10.753,0.20527777777777778,0.6897222222222222,20.08741746489352
2016-04-09 12:48:43,2016-04-10 10:04:05,2016-04-09 13:23:36,2016-04-10 09:34:33,1.5363888888888888,2490,6,2,20.183,0.5813888888888888,0.4922222222222222,20.561858990239312
2016-04-09 23:41:37,2016-04-10 02:41:12,2016-04-09 23:47:26,2016-04-10 01:48:01,10.881666666666666,66,2,0,2.01,0.09694444444444444,0.8863888888888889,16.417910447761194
2016-04-10 01:38:49,2016-04-10 12:45:42,2016-04-10 02:49:03,2016-04-10 11:48:25,1.9533333333333334,1042,5,1,8.99,1.1705555555555556,0.9547222222222222,23.18131256952169
2016-04-10 04:40:45,2016-04-10 11:15:07,2016-04-10 04:58:01,2016-04-10 10:52:47,3.0322222222222224,387,3,0,5.913,0.2877777777777778,0.37222222222222223,21.816336884830033
2016-04-10 08:25:05,2016-04-10 17:54:09,2016-04-10 09:24:56,2016-04-10 17:21:58,3.738888888888889,456,3,0,7.951,0.9975,0.5363888888888889,19.11709218966168
2016-04-10 10:37:34,2016-04-11 14:59:57,2016-04-10 11:47:19,2016-04-11 08:44:04,2.2080555555555557,1242,4,1,20.946,1.1625,6.264722222222222,14.823832712689773
2016-04-10 14:39:11,2016-04-11 05:12:45,2016-04-10 15:19:34,2016-04-11 04:04:49,4.026944444444444,1235,5,1,12.754,0.6730555555555555,1.1322222222222222,19.36647326328995
2016-04-10 14:59:07,2016-04-11 16:24:48,2016-04-10 15:16:55,2016-04-11 14:53:23,0.3322222222222222,2323,6,2,23.608,0.2966666666666667,1.523611111111111,16.399807974697843
2016-04-10 15:46:25,2016-04-11 07:23:54,2016-04-10 16:09:30,2016-04-11 06:08:40,0.7883333333333333,460,3,0,13.986,0.38472222222222224,1.2538888888888888,10.963344296677631
2016-04-10 16:07:50,2016-04-11 06:54:04,2016-04-10 16:29:29,2016-04-11 06:13:20,0.35694444444444445,1686,5,1,13.731,0.36083333333333334,0.6788888888888889,24.557570461000655
2016-04-10 16:11:17,2016-04-11 04:27:07,2016-04-10 17:04:36,2016-04-11 03:15:31,0.0575,1205,5,1,10.182,0.8886111111111111,1.1933333333333334,23.66922019249656
2016-04-10 17:16:15,2016-04-10 21:16:53,2016-04-10 18:37:46,2016-04-10 20:09:13,1.0827777777777778,90,3,0,1.524,1.3586111111111112,1.1277777777777778,19.68503937007874
2016-04-10 23:26:13,2016-04-11 10:38:31,2016-04-11 00:47:18,2016-04-11 10:22:31,6.166111111111111,1155,5,1,9.587,1.351388888888889,0.26666666666666666,24.09512882027746
2016-04-10 23:51:24,2016-04-11 02:56:30,2016-04-11 00:03:06,2016-04-11 01:43:36,0.4197222222222222,96,3,0,1.675,0.195,1.215,19.104477611940297
2016-04-11 02:03:50,2016-04-11 05:12:16,2016-04-11 02:12:36,2016-04-11 04:28:00,2.207222222222222,174,3,0,2.257,0.1461111111111111,0.7377777777777778,25.6978289765175
2016-04-11 06:46:34,2016-04-11 15:09:38,2016-04-11 07:06:56,2016-04-11 13:57:39,4.7122222222222225,497,4,0,6.845,0.33944444444444444,1.1997222222222221,18.15193571950329
2016-04-11 07:43:23,2016-04-12 14:24:38,2016-04-11 08:37:16,2016-04-12 13:56:59,0.9469444444444445,2566,5,2,29.328,0.8980555555555556,0.4608333333333333,17.498636115657394
2016-04-11 07:53:38,2016-04-12 01:39:50,2016-04-11 08:38:36,2016-04-12 00:42:02,0.17083333333333334,2276,6,2,16.057,0.7494444444444445,0.9633333333333334,23.624172219800297
2016-04-11 09:49:01,2016-04-11 19:46:55,2016-04-11 10:16:32,2016-04-11 19:09:05,1.9230555555555555,587,3,0,8.876,0.45861111111111114,0.6305555555555555,22.044464473486556
2016-04-11 11:59:59,2016-04-11 23:53:01,2016-04-11 13:08:52,2016-04-11 22:29:06,2.182777777777778,1169,5,1,9.337,1.1480555555555556,1.398611111111111,25.04016279318839
2016-04-11 15:16:36,2016-04-12 06:57:23,2016-04-11 15:51:22,2016-04-12 06:18:08,3.2769444444444447,1249,5,1,14.446,0.5794444444444444,0.6541666666666667,17.291983940191056
2016-04-11 17:31:25,2016-04-12 03:32:22,2016-04-11 17:55:06,2016-04-12 02:56:06,2.2469444444444444,1354,6,1,9.017,0.3947222222222222,0.6044444444444445,25.026801227311378
2016-04-11 21:43:21,2016-04-12 13:04:50,2016-04-11 21:51:23,2016-04-12 12:51:42,4.198888888888889,1548,5,1,15.005,0.1338888888888889,0.21888888888888888,20.63312229256914
2016-04-12 04:08:49,2016-04-13 06:37:45,2016-04-12 04:44:04,2016-04-13 05:24:43,6.424444444444444,2536,6,2,24.678,0.5875,1.2172222222222222,17.127265850825296
2016-04-12 05:48:05,2016-04-13 09:48:53,2016-04-12 05:54:49,2016-04-13 09:05:21,1.6544444444444444,1149,5,1,27.176,0.11222222222222222,0.7255555555555555,8.455990579923462
2016-04-12 14:40:32,2016-04-12 17:57:11,2016-04-12 15:06:01,2016-04-12 16:54:49,8.874166666666667,163,4,0,1.813,0.4247222222222222,1.0394444444444444,22.476558190843907
2016-04-12 15:56:47,2016-04-12 21:37:49,2016-04-12 18:22:54,2016-04-12 19:22:35,1.2708333333333333,80,4,0,0.995,2.435277777777778,2.253888888888889,20.100502512562816
2016-04-12 20:38:41,2016-04-13 12:32:02,2016-04-12 21:13:26,2016-04-13 12:23:18,4.698333333333333,1487,5,1,15.164,0.5791666666666667,0.14555555555555555,19.61223951463994
2016-04-12 20:38:55,2016-04-14 05:53:43,2016-04-12 21:11:56,2016-04-14 04:36:53,0.0038888888888888888,5127,9,5,31.416,0.5502777777777778,1.2805555555555554,18.1330107800696
2016-04-12 20:58:00,2016-04-13 04:34:12,2016-04-12 21:37:14,2016-04-13 01:10:20,0.31805555555555554,205,3,0,3.552,0.6538888888888889,3.397777777777778,19.23798798798799
2016-04-12 21:34:22,2016-04-13 08:27:36,2016-04-12 22:49:26,2016-04-13 08:02:11,0.6061111111111112,1076,5,1,9.212,1.251111111111111,0.4236111111111111,23.360833695180197
2016-04-13 01:45:32,2016-04-13 19:17:08,2016-04-13 02:15:02,2016-04-13 13:15:45,4.186111111111111,1210,4,1,11.012,0.49166666666666664,6.023055555555556,27.470032691609152
2016-04-13 05:42:35,2016-04-13 22:51:45,2016-04-13 07:08:17,2016-04-13 22:14:17,3.950833333333333,1041,4,1,15.1,1.4283333333333332,0.6244444444444445,17.235099337748345
2016-04-13 06:22:25,2016-04-13 13:26:13,2016-04-13 07:46:26,2016-04-13 11:32:53,0.6638888888888889,283,4,0,3.774,1.4002777777777777,1.8888888888888888,18.746687864334923
2016-04-13 06:24:49,2016-04-13 10:54:31,2016-04-13 06:44:54,2016-04-13 09:00:16,0.04,113,3,0,2.256,0.3347222222222222,1.9041666666666666,16.696217494089836
2016-04-13 08:19:04,2016-04-14 01:39:21,2016-04-13 08:47:56,2016-04-14 01:21:15,1.9041666666666666,1381,5,1,16.555,0.4811111111111111,0.3016666666666667,16.683781334944126
2016-04-13 10:00:55,2016-04-14 07:11:42,2016-04-13 10:14:55,2016-04-14 03:51:18,1.6975,1178,5,1,17.606,0.23333333333333334,3.34,13.381801658525502
2016-04-13 10:46:34,2016-04-14 00:33:01,2016-04-13 11:09:21,2016-04-13 23:49:45,0.7608333333333334,396,2,0,12.673,0.37972222222222224,0.7211111111111111,15.623767063836503
2016-04-13 11:19:07,2016-04-13 16:45:29,2016-04-13 12:09:28,2016-04-13 14:49:39,0.5425,198,3,0,2.67,0.8391666666666666,1.9305555555555556,24.719101123595507
2016-04-13 13:54:52,2016-04-13 17:42:31,2016-04-13 14:37:32,2016-04-13 17:06:36,2.595833333333333,133,3,0,2.485,0.7111111111111111,0.5986111111111111,17.84037558685446
2016-04-13 18:10:33,2016-04-14 12:54:54,2016-04-13 18:33:27,2016-04-14 10:47:17,4.261388888888889,1401,6,1,16.23,0.38166666666666665,2.1269444444444443,14.38693776956254
2016-04-13 18:15:52,2016-04-14 05:42:18,2016-04-13 18:33:34,2016-04-14 03:08:56,0.08861111111111111,1231,5,1,8.589,0.295,2.556111111111111,28.66457096285947
2016-04-13 21:02:52,2016-04-14 09:15:06,2016-04-13 21:14:03,2016-04-14 08:56:35,2.783333333333333,1055,5,1,11.709,0.18638888888888888,0.3086111111111111,18.02032624476898
2016-04-13 21:51:55,2016-04-14 09:35:23,2016-04-13 22:45:34,2016-04-14 06:21:45,0.8175,374,3,0,7.603,0.8941666666666667,3.227222222222222,16.397036257617607
2016-04-13 22:18:05,2016-04-14 23:04:35,2016-04-13 22:50:15,2016-04-14 22:40:34,0.4361111111111111,553,2,0,23.838,0.5361111111111111,0.4002777777777778,11.599127443577482
2016-04-14 00:31:26,2016-04-14 18:28:33,2016-04-14 00:55:39,2016-04-14 17:12:54,2.2225,393,2,0,16.288,0.4036111111111111,1.2608333333333333,12.06409626719057
2016-04-14 01:48:48,2016-04-15 02:43:39,2016-04-14 02:17:16,2016-04-15 02:00:36,1.2894444444444444,2135,6,2,23.722,0.47444444444444445,0.7175,15.000140516538798
2016-04-14 04:02:30,2016-04-14 13:59:30,2016-04-14 04:26:00,2016-04-14 12:56:33,2.2283333333333335,417,4,0,8.509,0.39166666666666666,1.0491666666666666,12.251733458690797
2016-04-14 07:35:03,2016-04-15 14:42:55,2016-04-14 08:10:18,2016-04-15 13:25:49,3.5425,1567,5,1,29.259,0.5875,1.285,10.711234150176013
2016-04-14 09:00:51,2016-04-14 16:25:48,2016-04-14 09:24:10,2016-04-14 15:01:13,1.43,468,4,0,5.618,0.38861111111111113,1.4097222222222223,20.825916696333213
2016-04-14 14:54:43,2016-04-15 13:55:44,2016-04-14 16:17:31,2016-04-15 13:16:24,5.897777777777778,1499,6,1,20.981,1.38,0.6555555555555556,11.907598938722336
2016-04-14 17:19:04,2016-04-14 22:06:24,2016-04-14 19:24:57,2016-04-14 21:09:50,2.4058333333333333,229,4,0,1.748,2.0980555555555553,0.9427777777777778,32.75171624713959
2016-04-14 19:52:11,2016-04-15 08:58:05,2016-04-14 20:03:57,2016-04-15 07:48:30,2.5519444444444446,1282,5,1,11.743,0.19611111111111112,1.1597222222222223,21.834284254449457
2016-04-15 00:18:44,2016-04-16 11:48:53,2016-04-15 01:28:01,2016-04-16 11:28:32,4.4425,5682,7,5,34.009,1.1547222222222222,0.33916666666666667,23.86763167732911
2016-04-15 02:59:03,2016-04-15 06:59:56,2016-04-15 04:41:19,2016-04-15 06:20:51,2.6719444444444442,117,3,0,1.659,1.7044444444444444,0.6513888888888889,23.508137432188065
2016-04-15 04:24:18,2016-04-15 07:44:12,2016-04-15 04:54:50,2016-04-15 06:35:36,1.4208333333333334,84,3,0,1.679,0.5088888888888888,1.1433333333333333,16.676593210244192
2016-04-15 09:28:40,2016-04-15 14:19:56,2016-04-15 09:39:24,2016-04-15 13:35:39,5.072777777777778,111,2,0,3.937,0.17888888888888888,0.7380555555555556,14.097028194056389
2016-04-15 10:06:36,2016-04-15 15:34:09,2016-04-15 10:28:34,2016-04-15 14:57:40,0.6322222222222222,172,3,0,4.485,0.3661111111111111,0.6080555555555556,12.783351913786694
2016-04-15 11:37:00,2016-04-15 17:51:28,2016-04-15 13:37:16,2016-04-15 16:36:59,1.5066666666666666,142,2,0,2.995,2.0044444444444443,1.2413888888888889,23.70617696160267
2016-04-15 18:46:01,2016-04-16 02:10:47,2016-04-15 19:19:29,2016-04-16 01:08:17,7.150277777777778,165,2,0,5.813,0.5577777777777778,1.0416666666666667,14.192327541716843
2016-04-15 20:53:48,2016-04-16 05:47:29,2016-04-15 20:59:41,2016-04-16 04:18:05,2.129722222222222,490,3,0,7.307,0.09805555555555556,1.49,22.35299484512568
2016-04-15 21:23:35,2016-04-17 11:13:26,2016-04-15 21:37:25,2016-04-17 09:11:55,0.4963888888888889,3163,7,3,35.575,0.23055555555555557,2.0252777777777777,12.701535990362412
2016-04-15 23:38:25,2016-04-17 00:03:04,2016-04-15 23:53:41,2016-04-16 21:23:48,2.2472222222222222,2142,6,2,21.502,0.2544444444444444,2.6544444444444446,16.603106687749978
2016-04-15 23:43:44,2016-04-16 11:50:22,2016-04-16 01:09:40,2016-04-16 11:11:37,0.08861111111111111,1244,5,1,10.032,1.4322222222222223,0.6458333333333334,24.800637958532697
2016-04-16 00:12:24,2016-04-16 10:51:24,2016-04-16 00:45:14,2016-04-16 07:29:30,0.4777777777777778,331,3,0,6.738,0.5472222222222223,3.365,16.37478974967844
2016-04-16 01:04:11,2016-04-16 11:42:20,2016-04-16 01:52:47,2016-04-16 10:23:40,0.8630555555555556,562,3,0,8.515,0.81,1.3111111111111111,22.00039146604032
2016-04-16 01:29:45,2016-04-16 12:05:21,2016-04-16 05:20:21,2016-04-16 11:26:23,0.4261111111111111,395,3,0,6.101,3.8433333333333333,0.6494444444444445,21.5811615582145
2016-04-16 02:20:08,2016-04-17 11:21:54,2016-04-16 02:57:54,2016-04-17 10:12:25,0.8397222222222223,3575,7,3,31.242,0.6294444444444445,1.1580555555555556,16.347041985605458
2016-04-16 06:59:43,2016-04-17 04:41:20,2016-04-16 07:17:42,2016-04-17 03:50:22,4.659722222222222,1403,4,1,20.544,0.2997222222222222,0.8494444444444444,17.07311137071651
2016-04-16 07:37:01,2016-04-17 03:55:21,2016-04-16 09:33:16,2016-04-17 02:56:35,0.6216666666666667,1413,5,1,17.388,1.9375,0.9794444444444445,16.252587991718425
2016-04-16 09:15:35,2016-04-16 14:23:59,2016-04-16 10:11:00,2016-04-16 11:09:19,1.6427777777777777,65,3,0,0.972,0.9236111111111112,3.2444444444444445,22.290809327846365
2016-04-16 09:50:59,2016-04-17 09:50:32,2016-04-16 12:02:43,2016-04-17 09:09:54,0.59,1132,4,1,21.12,2.1955555555555555,0.6772222222222222,13.399621212121211
2016-04-16 10:07:55,2016-04-16 13:52:57,2016-04-16 10:27:19,2016-04-16 12:29:04,0.2822222222222222,108,3,0,2.029,0.3233333333333333,1.3980555555555556,17.742730409068507
2016-04-16 16:05:07,2016-04-17 15:47:56,2016-04-16 17:05:06,2016-04-17 14:49:16,5.953333333333333,2364,5,2,21.736,0.9997222222222222,0.9777777777777777,21.751932278248066
2016-04-16 17:48:33,2016-04-17 08:49:52,2016-04-16 18:17:20,2016-04-17 07:47:18,1.7238888888888888,1264,5,1,13.499,0.4797222222222222,1.0427777777777778,18.727313134306243
2016-04-16 17:55:08,2016-04-16 20:16:52,2016-04-16 18:32:09,2016-04-16 19:10:06,0.10972222222222222,36,3,0,0.632,0.6169444444444444,1.1127777777777779,18.9873417721519
2016-04-16 20:29:07,2016-04-17 16:54:46,2016-04-16 21:22:50,2016-04-17 15:26:22,2.566388888888889,1390,6,1,18.059,0.8952777777777777,1.4733333333333334,12.82832198165273
2016-04-17 02:38:37,2016-04-17 17:40:17,2016-04-17 03:44:13,2016-04-17 13:57:44,6.158333333333333,273,2,0,10.225,1.0933333333333333,3.7091666666666665,13.349633251833742
2016-04-17 03:24:24,2016-04-18 00:50:53,2016-04-17 04:25:39,2016-04-18 00:00:10,0.7630555555555556,1459,4,1,19.575,1.0208333333333333,0.8452777777777778,18.63346104725415
2016-04-17 03:42:19,2016-04-17 09:03:06,2016-04-17 04:32:18,2016-04-17 07:22:59,0.2986111111111111,207,4,0,2.845,0.8330555555555555,1.668611111111111,18.18980667838313
2016-04-17 04:49:49,2016-04-17 12:12:47,2016-04-17 06:14:17,2016-04-17 11:27:02,1.125,302,3,0,5.213,1.4077777777777778,0.7625,19.310697614937016
2016-04-17 05:14:49,2016-04-17 18:36:04,2016-04-17 05:56:45,2016-04-17 17:46:50,0.4166666666666667,1408,6,1,11.835,0.6988888888888889,0.8205555555555556,19.828193212223628
2016-04-17 06:03:21,2016-04-17 16:20:03,2016-04-17 06:23:52,2016-04-17 15:06:36,0.8088888888888889,225,2,0,8.712,0.34194444444444444,1.2241666666666666,12.913223140495868
2016-04-17 06:09:41,2016-04-17 13:13:10,2016-04-17 06:17:06,2016-04-17 12:53:02,0.10555555555555556,313,2,0,6.599,0.12361111111111112,0.33555555555555555,23.7157145021973
2016-04-17 08:20:55,2016-04-17 17:30:50,2016-04-17 08:36:34,2016-04-17 17:03:02,2.187222222222222,342,3,0,8.441,0.2608333333333333,0.4633333333333333,13.505508825968487
2016-04-17 12:38:24,2016-04-18 03:05:54,2016-04-17 12:45:35,2016-04-18 01:48:37,4.291388888888889,2196,7,2,13.051,0.11972222222222222,1.2880555555555555,24.037566907845047
2016-04-17 13:24:29,2016-04-18 05:15:01,2016-04-17 13:56:17,2016-04-18 04:51:27,0.7680555555555556,1449,5,1,14.92,0.53,0.3927777777777778,19.423592493297587
2016-04-17 13:59:24,2016-04-17 21:54:41,2016-04-17 16:16:27,2016-04-17 21:02:19,0.5819444444444445,281,3,0,4.765,2.2841666666666667,0.8727777777777778,19.657222805176637
2016-04-17 16:54:18,2016-04-17 23:11:08,2016-04-17 17:13:01,2016-04-17 22:49:45,2.915,225,3,0,5.612,0.31194444444444447,0.35638888888888887,13.364219529579474
2016-04-17 20:07:26,2016-04-18 11:57:44,2016-04-17 20:38:29,2016-04-18 11:06:25,3.218888888888889,1373,5,1,14.465,0.5175,0.8552777777777778,18.983753888696853
2016-04-17 20:15:07,2016-04-18 08:49:26,2016-04-17 20:27:46,2016-04-18 07:12:48,0.12805555555555556,643,3,0,10.75,0.21083333333333334,1.6105555555555555,19.93798449612403
2016-04-17 22:02:35,2016-04-18 13:47:28,2016-04-17 22:41:33,2016-04-18 13:20:34,1.791111111111111,1297,5,1,14.65,0.6494444444444445,0.4483333333333333,17.706484641638227
2016-04-18 00:00:50,2016-04-18 14:57:40,2016-04-18 00:32:08,2016-04-18 13:16:17,1.9708333333333334,645,3,0,12.736,0.5216666666666666,1.6897222222222221,16.881281407035175
2016-04-18 01:16:19,2016-04-18 06:48:25,2016-04-18 01:53:02,2016-04-18 05:58:01,1.2580555555555555,288,4,0,4.083,0.6119444444444444,0.84,17.63409257898604
2016-04-18 01:27:41,2016-04-18 12:52:11,2016-04-18 01:47:03,2016-04-18 12:17:06,0.18944444444444444,1197,5,1,10.501,0.3227777777777778,0.5847222222222223,22.7978287782116
2016-04-18 09:27:55,2016-04-18 17:07:58,2016-04-18 10:39:46,2016-04-18 16:34:35,8.00388888888889,287,3,0,5.914,1.1975,0.5563888888888889,16.176304813437046
2016-04-18 10:35:19,2016-04-19 00:14:28,2016-04-18 11:20:52,2016-04-18 21:18:40,1.1233333333333333,1140,5,1,9.963,0.7591666666666667,2.93,22.884673291177357
2016-04-18 10:54:51,2016-04-19 03:34:32,2016-04-18 11:18:52,2016-04-19 02:22:55,0.32555555555555554,1556,5,1,15.067,0.4002777777777778,1.1936111111111112,20.654410300657062
2016-04-18 16:08:34,2016-04-19 13:52:03,2016-04-18 16:32:15,2016-04-19 13:24:27,5.228611111111111,2254,7,2,20.87,0.3947222222222222,0.46,15.42884523239099
2016-04-18 17:12:10,2016-04-19 06:23:35,2016-04-18 18:40:12,2016-04-19 04:24:11,1.06,1142,5,1,9.733,1.4672222222222222,1.99,23.46655707387239
2016-04-18 18:41:08,2016-04-19 18:37:00,2016-04-18 19:41:11,2016-04-19 18:12:46,1.4827777777777778,1663,4,1,22.526,1.0008333333333332,0.4038888888888889,18.456450324069962
2016-04-18 19:03:09,2016-04-19 09:16:48,2016-04-18 19:11:48,2016-04-19 08:50:51,0.36694444444444446,2128,7,2,13.651,0.14416666666666667,0.4325,22.269430810929602
2016-04-18 19:19:46,2016-04-18 22:12:26,2016-04-18 19:49:00,2016-04-18 21:18:15,0.27694444444444444,64,2,0,1.488,0.4872222222222222,0.9030555555555555,21.50537634408602
2016-04-19 05:13:53,2016-04-19 10:43:38,2016-04-19 06:52:34,2016-04-19 09:11:37,9.901944444444444,88,2,0,2.317,1.6447222222222222,1.533611111111111,18.99007337073802
2016-04-19 06:30:45,2016-04-20 05:05:02,2016-04-19 06:56:38,2016-04-20 03:59:48,1.281111111111111,2425,6,2,21.053,0.4313888888888889,1.0872222222222223,19.197580709004257
2016-04-19 09:17:44,2016-04-19 22:48:48,2016-04-19 10:47:38,2016-04-19 22:36:20,2.7830555555555554,1257,4,1,11.812,1.4983333333333333,0.20777777777777778,26.604300711141214
2016-04-19 10:08:52,2016-04-19 15:21:55,2016-04-19 10:47:00,2016-04-19 14:37:04,0.8522222222222222,205,4,0,3.834,0.6355555555555555,0.7475,13.367240479916536
2016-04-19 12:39:40,2016-04-20 11:41:27,2016-04-19 13:05:33,2016-04-20 11:00:16,2.513333333333333,2066,6,2,21.912,0.4313888888888889,0.6863888888888889,15.714372642083488
2016-04-19 22:40:39,2016-04-20 02:56:13,2016-04-20 00:07:55,2016-04-20 02:21:22,10.016388888888889,78,2,0,2.224,1.4544444444444444,0.5808333333333333,17.53597122302158
2016-04-19 22:43:31,2016-04-20 13:27:50,2016-04-19 23:44:18,2016-04-20 11:40:50,0.04777777777777778,1555,5,1,11.942,1.0130555555555556,1.7833333333333334,26.042538938201307
2016-04-19 22:43:34,2016-04-20 02:37:53,2016-04-19 23:12:02,2016-04-20 01:53:47,0.0008333333333333334,202,3,0,2.696,0.47444444444444445,0.735,24.975272007912956
2016-04-19 23:31:09,2016-04-20 09:06:27,2016-04-20 00:23:47,2016-04-20 08:36:39,0.7930555555555555,1212,6,1,8.214,0.8772222222222222,0.49666666666666665,24.59215972729486
2016-04-19 23:36:42,2016-04-20 10:55:06,2016-04-20 00:35:37,2016-04-20 10:30:58,0.0925,645,3,0,9.923,0.9819444444444444,0.4022222222222222,21.666834626625015
2016-04-20 00:26:40,2016-04-20 13:46:00,2016-04-20 01:40:49,2016-04-20 13:14:50,0.8327777777777777,1309,5,1,11.567,1.2358333333333333,0.5194444444444445,22.63335350566266
2016-04-20 01:39:38,2016-04-20 18:13:32,2016-04-20 01:54:29,2016-04-20 17:30:05,1.2161111111111111,2243,7,2,15.594,0.2475,0.7241666666666666,20.548196192674837
2016-04-20 03:36:10,2016-04-20 07:36:09,2016-04-20 03:55:44,2016-04-20 06:17:14,1.9422222222222223,136,3,0,2.358,0.32611111111111113,1.3152777777777778,19.22533220243144
2016-04-20 04:12:02,2016-04-21 00:39:35,2016-04-20 09:11:12,2016-04-21 00:27:03,0.5977777777777777,1129,6,1,15.264,4.986111111111111,0.2088888888888889,12.327480782669461
2016-04-20 05:43:55,2016-04-20 18:23:15,2016-04-20 06:17:26,2016-04-20 17:22:26,1.531388888888889,1325,5,1,11.083,0.5586111111111111,1.013611111111111,23.910493548678158
2016-04-20 07:02:29,2016-04-20 13:02:57,2016-04-20 07:37:44,2016-04-20 12:32:05,1.3094444444444444,348,3,0,4.906,0.5875,0.5144444444444445,23.64451691805952
2016-04-20 09:21:26,2016-04-20 23:46:32,2016-04-20 09:58:14,2016-04-20 22:56:01,2.3158333333333334,1442,6,1,12.963,0.6133333333333333,0.8419444444444445,18.53994702872278
2016-04-20 10:22:37,2016-04-20 23:41:57,2016-04-20 11:08:56,2016-04-20 23:01:11,1.0197222222222222,504,3,0,11.871,0.7719444444444444,0.6794444444444444,14.152135456153651
2016-04-20 12:34:55,2016-04-20 21:35:33,2016-04-20 18:05:08,2016-04-20 20:54:37,2.205,129,3,0,2.825,5.503611111111111,0.6822222222222222,15.221238938053094
2016-04-20 13:00:24,2016-04-21 02:38:35,2016-04-20 13:51:17,2016-04-21 00:04:12,0.4247222222222222,396,2,0,10.215,0.8480555555555556,2.5730555555555554,19.383259911894275
2016-04-20 19:13:44,2016-04-21 11:50:58,2016-04-20 19:36:49,2016-04-21 09:44:56,6.222222222222222,405,3,0,14.135,0.38472222222222224,2.1005555555555557,9.55076052352317
2016-04-20 19:52:52,2016-04-21 19:13:44,2016-04-20 20:35:16,2016-04-21 17:57:03,0.6522222222222223,1574,5,1,21.363,0.7066666666666667,1.2780555555555555,14.735758086411085
2016-04-20 22:39:03,2016-04-21 16:18:52,2016-04-21 02:59:25,2016-04-21 14:24:33,2.769722222222222,1033,4,1,11.419,4.339444444444444,1.9052777777777778,22.615815745687012
2016-04-20 22:55:23,2016-04-21 02:42:42,2016-04-21 00:17:11,2016-04-21 02:02:47,0.2722222222222222,139,4,0,1.76,1.3633333333333333,0.6652777777777777,19.744318181818183
2016-04-20 23:23:01,2016-04-21 09:49:41,2016-04-20 23:32:58,2016-04-21 08:42:11,0.46055555555555555,478,3,0,9.154,0.16583333333333333,1.125,17.40586992935693
2016-04-21 00:54:17,2016-04-21 15:53:51,2016-04-21 01:47:32,2016-04-21 15:23:26,1.521111111111111,1401,5,1,13.598,0.8875,0.5069444444444444,20.605971466392113
2016-04-21 02:36:57,2016-04-21 22:36:21,2016-04-21 03:12:04,2016-04-21 20:31:35,1.711111111111111,2155,5,2,17.325,0.5852777777777778,2.0794444444444444,24.87734487734488
2016-04-21 05:45:24,2016-04-21 21:55:02,2016-04-21 06:50:55,2016-04-21 18:49:12,3.140833333333333,580,3,0,11.971,1.0919444444444444,3.0972222222222223,16.150140617603654
2016-04-21 06:22:18,2016-04-21 10:01:34,2016-04-21 06:35:15,2016-04-21 09:27:43,0.615,156,3,0,2.874,0.21583333333333332,0.5641666666666667,18.093249826026444
2016-04-21 15:33:50,2016-04-22 23:57:56,2016-04-21 15:48:20,2016-04-22 22:08:48,9.192222222222222,2413,5,2,30.341,0.24166666666666667,1.818888888888889,15.905869944958965
2016-04-21 21:23:11,2016-04-23 00:42:58,2016-04-21 22:15:01,2016-04-22 23:56:46,5.8225,1401,6,1,25.696,0.8638888888888889,0.77,9.087017434620174
2016-04-21 21:24:44,2016-04-22 02:40:43,2016-04-21 22:44:19,2016-04-22 02:14:57,0.025833333333333333,219,4,0,3.511,1.3263888888888888,0.42944444444444446,15.593847906579322
2016-04-22 01:16:14,2016-04-22 12:53:53,2016-04-22 01:27:54,2016-04-22 11:45:44,3.8583333333333334,1248,6,1,10.297,0.19444444444444445,1.1358333333333333,20.200058269398852
2016-04-22 01:36:23,2016-04-22 21:57:01,2016-04-22 02:13:45,2016-04-22 20:42:21,0.3358333333333333,2130,6,2,18.477,0.6227777777777778,1.2444444444444445,19.213075715754723
2016-04-22 08:58:55,2016-04-23 12:08:02,2016-04-22 09:44:39,2016-04-23 11:07:18,7.375555555555556,4405,9,4,25.377,0.7622222222222222,1.0122222222222221,19.2869308604029
2016-04-22 09:30:37,2016-04-22 15:20:11,2016-04-22 10:04:46,2016-04-22 14:49:06,0.5283333333333333,436,3,0,4.739,0.5691666666666667,0.5180555555555556,30.667510726594923
2016-04-22 09:58:36,2016-04-23 14:36:49,2016-04-22 10:04:31,2016-04-23 13:46:20,0.4663888888888889,4091,8,4,27.697,0.09861111111111111,0.8413888888888889,18.463190959309674
2016-04-22 14:05:02,2016-04-22 20:39:46,2016-04-22 14:25:18,2016-04-22 19:16:03,4.107222222222222,212,3,0,4.846,0.3377777777777778,1.3952777777777778,14.58247351767781
2016-04-22 16:37:12,2016-04-23 09:56:34,2016-04-22 17:39:23,2016-04-23 09:39:20,2.536111111111111,1264,5,1,15.999,1.0363888888888888,0.2872222222222222,15.800987561722607
2016-04-22 19:05:56,2016-04-23 08:10:12,2016-04-22 19:35:35,2016-04-23 04:42:06,2.4788888888888887,346,3,0,9.109,0.49416666666666664,3.4683333333333333,12.661470340688696
2016-04-22 22:10:38,2016-04-23 01:15:18,2016-04-22 22:19:28,2016-04-23 00:09:30,3.078333333333333,102,4,0,1.834,0.14722222222222223,1.0966666666666667,13.904034896401308
2016-04-22 22:37:42,2016-04-23 20:16:55,2016-04-22 23:36:25,2016-04-23 20:01:24,0.45111111111111113,3433,7,3,20.416,0.9786111111111111,0.2586111111111111,24.02177563815495
2016-04-23 02:50:42,2016-04-23 09:09:17,2016-04-23 03:38:53,2016-04-23 06:20:48,4.216666666666667,153,3,0,2.699,0.8030555555555555,2.8080555555555557,18.895887365691
2016-04-23 03:10:33,2016-04-23 09:21:59,2016-04-23 03:38:08,2016-04-23 07:45:55,0.3308333333333333,349,4,0,4.13,0.4597222222222222,1.6011111111111112,21.125907990314772
2016-04-23 07:56:41,2016-04-23 13:52:14,2016-04-23 08:45:01,2016-04-23 11:24:03,4.768888888888889,90,2,0,2.651,0.8055555555555556,2.4697222222222224,16.974726518294986
2016-04-23 12:05:31,2016-04-23 20:27:08,2016-04-23 12:45:41,2016-04-23 19:50:51,4.147222222222222,489,3,0,7.086,0.6694444444444444,0.6047222222222223,23.003104713519612
2016-04-23 12:30:09,2016-04-24 03:46:30,2016-04-23 13:52:26,2016-04-24 02:50:57,0.41055555555555556,578,2,0,12.975,1.371388888888889,0.9258333333333333,22.27360308285164
2016-04-23 14:55:44,2016-04-24 21:43:59,2016-04-23 15:12:14,2016-04-24 20:26:55,2.426388888888889,5154,7,5,29.245,0.275,1.2844444444444445,25.176464841364822
2016-04-23 15:28:05,2016-04-23 21:35:45,2016-04-23 15:57:19,2016-04-23 20:52:55,0.5391666666666667,401,4,0,4.927,0.4872222222222222,0.7138888888888889,20.34706718084027
2016-04-23 15:36:19,2016-04-24 01:12:45,2016-04-23 15:48:45,2016-04-23 21:11:49,0.13722222222222222,434,4,0,5.384,0.20722222222222222,4.015555555555555,20.15230312035661
2016-04-23 17:44:11,2016-04-25 10:49:31,2016-04-23 19:02:25,2016-04-25 08:57:42,2.131111111111111,3428,6,3,37.921,1.3038888888888889,1.863611111111111,15.06640999270413
2016-04-23 19:15:38,2016-04-24 01:43:27,2016-04-23 19:53:14,2016-04-24 00:29:27,1.5241666666666667,165,2,0,4.604,0.6266666666666667,1.2333333333333334,17.919200695047785
2016-04-23 20:11:48,2016-04-24 01:20:08,2016-04-23 20:28:22,2016-04-23 22:50:50,0.9361111111111111,129,3,0,2.375,0.2761111111111111,2.4883333333333333,18.105263157894736
2016-04-23 21:24:41,2016-04-24 13:57:59,2016-04-23 21:53:32,2016-04-24 13:15:16,1.2147222222222223,1185,5,1,15.362,0.48083333333333333,0.7119444444444445,15.427678687670875
2016-04-24 04:47:01,2016-04-24 16:13:02,2016-04-24 05:35:44,2016-04-24 15:53:31,7.372222222222222,1079,4,1,10.296,0.8119444444444445,0.3252777777777778,26.19949494949495
2016-04-24 05:05:06,2016-04-24 11:30:06,2016-04-24 05:27:08,2016-04-24 09:51:30,0.3013888888888889,536,4,0,4.406,0.3672222222222222,1.6433333333333333,30.413073082160693
2016-04-24 08:13:42,2016-04-24 12:36:11,2016-04-24 08:33:17,2016-04-24 12:17:43,3.1433333333333335,189,3,0,3.741,0.3263888888888889,0.30777777777777776,16.840417000801924
2016-04-24 08:52:04,2016-04-24 19:17:48,2016-04-24 09:27:30,2016-04-24 18:33:19,0.6394444444444445,513,3,0,9.097,0.5905555555555555,0.7413888888888889,18.797405738155437
2016-04-24 09:54:59,2016-04-24 15:03:19,2016-04-24 10:13:04,2016-04-24 14:42:52,1.0486111111111112,284,3,0,4.497,0.3013888888888889,0.3408333333333333,21.051071084426656
2016-04-24 12:10:13,2016-04-26 03:45:48,2016-04-24 12:51:44,2016-04-26 02:47:45,2.253888888888889,2238,5,2,37.934,0.6919444444444445,0.9675,11.799441134602205
2016-04-24 13:30:57,2016-04-25 07:29:49,2016-04-24 13:55:53,2016-04-25 07:20:04,1.3455555555555556,3249,8,3,17.403,0.41555555555555557,0.1625,23.336493707981383
2016-04-24 15:27:41,2016-04-25 07:24:43,2016-04-24 17:26:53,2016-04-25 07:05:51,1.9455555555555555,1293,6,1,13.65,1.9866666666666666,0.31444444444444447,15.787545787545787
2016-04-24 16:23:20,2016-04-26 08:16:33,2016-04-24 16:44:18,2016-04-26 07:32:15,0.9275,6980,9,6,38.799,0.34944444444444445,0.7383333333333333,19.989060428247008
2016-04-24 18:52:00,2016-04-26 00:34:43,2016-04-24 19:33:20,2016-04-25 23:15:33,2.477777777777778,3220,7,3,27.704,0.6888888888888889,1.3194444444444444,16.60410049090384
2016-04-25 00:00:04,2016-04-25 18:39:56,2016-04-25 01:47:04,2016-04-25 17:30:31,5.134444444444444,2388,6,2,15.724,1.7833333333333334,1.1569444444444446,25.31162554057492
2016-04-25 00:46:40,2016-04-25 16:26:00,2016-04-25 01:39:31,2016-04-25 16:08:54,0.7766666666666666,1564,6,1,14.49,0.8808333333333334,0.285,17.98941798941799
2016-04-25 00:51:32,2016-04-25 15:13:00,2016-04-25 01:07:45,2016-04-25 14:05:24,0.0811111111111111,1503,5,1,12.961,0.2702777777777778,1.1266666666666667,23.19265488774014
2016-04-25 06:18:46,2016-04-25 12:21:53,2016-04-25 06:39:34,2016-04-25 12:15:14,5.453888888888889,235,2,0,5.595,0.3466666666666667,0.11083333333333334,21.00089365504915
2016-04-25 06:56:43,2016-04-25 16:40:24,2016-04-25 08:28:21,2016-04-25 16:02:36,0.6325,393,3,0,7.571,1.5272222222222223,0.63,17.302866199973582
2016-04-25 07:18:03,2016-04-25 19:46:14,2016-04-25 07:28:51,2016-04-25 18:30:34,0.35555555555555557,286,2,0,11.029,0.18,1.261111111111111,12.965817390515912
2016-04-25 07:38:35,2016-04-25 23:02:29,2016-04-25 08:50:20,2016-04-25 21:16:29,0.3422222222222222,1630,6,1,12.436,1.1958333333333333,1.7666666666666666,21.84518065830385
2016-04-25 10:33:35,2016-04-26 17:07:30,2016-04-25 10:47:17,2016-04-26 16:35:49,2.9166666666666665,1249,4,1,29.809,0.22833333333333333,0.5280555555555555,10.475024321513636
2016-04-25 13:03:23,2016-04-26 08:48:04,2016-04-25 13:14:53,2016-04-26 05:54:07,2.4966666666666666,1376,5,1,16.654,0.19166666666666668,2.8991666666666664,16.524558664585086
2016-04-25 19:47:16,2016-04-25 21:47:31,2016-04-25 20:06:37,2016-04-25 21:05:38,6.731388888888889,68,4,0,0.984,0.3225,0.6980555555555555,17.276422764227643
2016-04-25 22:50:26,2016-04-26 11:42:39,2016-04-25 23:23:27,2016-04-26 10:07:14,3.0527777777777776,1335,5,1,10.73,0.5502777777777778,1.5902777777777777,24.883504193849017
2016-04-26 01:27:35,2016-04-26 12:57:15,2016-04-26 02:12:53,2016-04-26 11:48:54,2.6191666666666666,1147,5,1,9.6,0.755,1.1391666666666667,23.895833333333332
2016-04-26 08:01:38,2016-04-26 12:11:06,2016-04-26 09:37:50,2016-04-26 11:28:03,6.5675,160,4,0,1.837,1.6033333333333333,0.7175,21.774632553075666
2016-04-26 08:36:37,2016-04-27 11:20:45,2016-04-26 09:39:16,2016-04-27 10:11:36,0.5830555555555555,2328,5,2,24.539,1.0441666666666667,1.1525,18.9738783161498
2016-04-26 11:46:47,2016-04-26 17:00:07,2016-04-26 13:18:00,2016-04-26 15:29:07,3.1694444444444443,89,3,0,2.185,1.5202777777777778,1.5166666666666666,13.577421815408085
2016-04-26 13:06:02,2016-04-27 13:13:29,2016-04-26 13:21:29,2016-04-27 11:43:36,1.3208333333333333,1672,5,1,22.369,0.2575,1.4980555555555555,14.94926013679646
2016-04-26 15:12:12,2016-04-27 07:59:56,2016-04-26 15:36:36,2016-04-27 07:00:00,2.102777777777778,3405,7,3,15.39,0.4066666666666667,0.9988888888888889,31.6067947646895
2016-04-26 18:45:26,2016-04-27 11:14:46,2016-04-26 19:01:07,2016-04-27 10:09:16,3.553888888888889,1173,5,1,15.136,0.2613888888888889,1.0916666666666666,15.499471458773787
2016-04-26 22:41:55,2016-04-27 09:32:33,2016-04-26 23:43:17,2016-04-27 08:25:50,3.941388888888889,1079,5,1,8.709,1.0227777777777778,1.1119444444444444,24.778964289815132
2016-04-26 23:21:18,2016-04-27 18:21:06,2016-04-26 23:39:17,2016-04-27 17:02:05,0.6563888888888889,1439,5,1,17.38,0.2997222222222222,1.3169444444444445,16.55926352128884
2016-04-27 03:29:16,2016-04-27 14:43:05,2016-04-27 04:06:36,2016-04-27 12:28:59,4.132777777777778,528,4,0,8.373,0.6222222222222222,2.235,15.76495879613042
2016-04-27 03:36:42,2016-04-27 10:26:03,2016-04-27 04:03:14,2016-04-27 07:40:49,0.1238888888888889,225,3,0,3.626,0.44222222222222224,2.753888888888889,20.683949255377826
2016-04-27 03:52:58,2016-04-28 09:33:40,2016-04-27 04:50:20,2016-04-28 09:10:12,0.27111111111111114,3341,7,3,28.331,0.9561111111111111,0.39111111111111113,16.84676553195137
2016-04-27 04:48:34,2016-04-28 10:17:18,2016-04-27 05:22:10,2016-04-28 08:09:05,0.9266666666666666,3500,7,3,26.782,0.56,2.1369444444444445,18.669255470091855
2016-04-27 13:31:10,2016-04-28 09:52:15,2016-04-27 17:43:32,2016-04-28 08:46:02,8.71,1276,5,1,15.042,4.206111111111111,1.103611111111111,16.965829012099455
2016-04-27 14:20:45,2016-04-28 12:27:55,2016-04-27 16:15:24,2016-04-28 10:54:36,0.8263888888888888,1613,5,1,18.653,1.9108333333333334,1.5552777777777778,17.29480512518094
2016-04-27 16:31:00,2016-04-28 14:13:24,2016-04-27 17:12:13,2016-04-28 13:42:18,2.1708333333333334,3313,7,3,20.501,0.6869444444444445,0.5183333333333333,23.08598186848028
2016-04-27 18:16:09,2016-04-28 00:59:38,2016-04-27 18:53:08,2016-04-28 00:09:39,1.7525,197,2,0,5.275,0.6163888888888889,0.8330555555555555,18.67298578199052
2016-04-27 19:53:33,2016-04-28 05:04:12,2016-04-27 21:02:34,2016-04-28 03:18:37,1.6233333333333333,334,3,0,6.267,1.1502777777777777,1.7597222222222222,17.76501249933514
2016-04-27 21:57:08,2016-04-30 12:15:15,2016-04-27 23:04:31,2016-04-30 11:17:28,2.0597222222222222,7807,8,6,60.216,1.1230555555555555,0.9630555555555556,16.20624086621496
2016-04-27 22:53:08,2016-04-28 20:36:07,2016-04-27 23:09:40,2016-04-28 19:52:23,0.9333333333333333,1388,5,1,20.712,0.27555555555555555,0.7288888888888889,13.402858246427192
2016-04-28 01:58:07,2016-04-28 14:10:03,2016-04-28 03:16:17,2016-04-28 12:54:41,3.0830555555555557,1075,6,1,9.64,1.3027777777777778,1.2561111111111112,18.585753803596127
2016-04-28 03:37:57,2016-04-28 10:07:59,2016-04-28 05:10:22,2016-04-28 08:39:48,1.663888888888889,150,3,0,3.49,1.5402777777777779,1.4697222222222222,14.326647564469914
2016-04-28 07:48:49,2016-04-29 02:08:55,2016-04-28 08:20:27,2016-04-29 01:50:42,4.181111111111111,1272,5,1,17.504,0.5272222222222223,0.3036111111111111,14.533820840950638
2016-04-28 09:10:13,2016-04-28 19:09:15,2016-04-28 09:22:53,2016-04-28 17:58:56,1.3566666666666667,344,3,0,8.601,0.2111111111111111,1.1719444444444445,13.3317831259931
2016-04-28 13:36:13,2016-04-28 19:15:54,2016-04-28 14:11:36,2016-04-28 18:11:21,4.433333333333334,186,2,0,3.996,0.5897222222222223,1.0758333333333334,23.273273273273272
2016-04-28 15:24:11,2016-04-29 00:42:56,2016-04-28 16:05:19,2016-04-29 00:10:43,1.7994444444444444,482,3,0,8.09,0.6855555555555556,0.5369444444444444,19.859909353110837
2016-04-28 20:45:36,2016-04-29 14:14:25,2016-04-28 23:47:51,2016-04-29 13:41:13,5.356944444444444,1227,5,1,13.889,3.0375,0.5533333333333333,17.668658650730794
2016-04-28 20:53:52,2016-04-29 00:58:15,2016-04-28 21:13:04,2016-04-28 23:13:00,0.13777777777777778,141,4,0,1.999,0.32,1.7541666666666667,17.633816908454225
2016-04-29 00:57:23,2016-04-29 22:14:36,2016-04-29 01:16:30,2016-04-29 20:01:27,4.058611111111111,1388,5,1,18.749,0.3186111111111111,2.2191666666666667,14.806122993226307
2016-04-29 01:37:53,2016-04-29 13:19:23,2016-04-29 02:03:36,2016-04-29 12:12:33,0.675,1255,6,1,10.149,0.4286111111111111,1.113888888888889,20.60958386704766
2016-04-29 03:00:47,2016-04-29 16:40:41,2016-04-29 03:27:50,2016-04-29 14:24:36,1.3816666666666666,533,3,0,10.946,0.4508333333333333,2.2680555555555557,16.23119556611243
2016-04-29 04:43:29,2016-04-29 20:20:09,2016-04-29 05:02:39,2016-04-29 18:46:34,1.7116666666666667,1318,5,1,13.732,0.3194444444444444,1.5597222222222222,19.196038450334985
2016-04-29 14:06:57,2016-04-30 09:27:55,2016-04-29 17:52:01,2016-04-30 08:21:34,9.391111111111112,721,3,0,14.492,3.7511111111111113,1.1058333333333332,16.583862360842765
2016-04-29 15:13:43,2016-05-01 00:14:10,2016-04-29 16:10:53,2016-04-30 20:36:02,1.1127777777777779,2228,6,2,28.419,0.9527777777777777,3.6355555555555554,13.066375781460758
2016-04-29 15:16:03,2016-04-29 22:37:32,2016-04-29 15:40:15,2016-04-29 21:43:37,0.03888888888888889,325,3,0,6.056,0.4033333333333333,0.8986111111111111,17.888595332452663
2016-04-29 20:49:02,2016-05-01 06:58:16,2016-04-29 21:18:12,2016-05-01 06:23:31,5.549722222222222,1461,4,1,33.088,0.4861111111111111,0.5791666666666667,11.038745164410058
2016-04-29 21:10:09,2016-04-30 17:08:54,2016-04-29 22:37:34,2016-04-30 15:25:17,0.35194444444444445,652,2,0,16.795,1.4569444444444444,1.7269444444444444,19.410538850848464
2016-04-29 21:31:41,2016-04-30 12:45:02,2016-04-29 23:46:54,2016-04-30 08:04:38,0.35888888888888887,401,3,0,8.296,2.2536111111111112,4.673333333333333,16.112182577949213
2016-04-29 23:18:51,2016-04-30 19:31:29,2016-04-29 23:29:16,2016-04-30 18:40:06,1.7861111111111112,2181,7,2,19.181,0.1736111111111111,0.8563888888888889,16.243753118785705
2016-04-30 01:27:22,2016-05-01 01:21:12,2016-04-30 01:43:45,2016-05-01 00:16:38,2.1419444444444444,621,2,0,22.548,0.27305555555555555,1.076111111111111,13.770622671633848
2016-04-30 08:49:54,2016-04-30 15:26:31,2016-04-30 09:00:08,2016-04-30 14:23:50,7.375555555555556,201,2,0,5.395,0.17055555555555554,1.0447222222222223,18.628359592215016
2016-04-30 11:24:22,2016-05-01 00:07:02,2016-04-30 12:00:25,2016-04-30 23:13:29,2.5744444444444445,1197,5,1,11.218,0.6008333333333333,0.8925,21.34070244250312
2016-04-30 19:02:53,2016-05-01 23:36:35,2016-04-30 19:22:24,2016-05-01 22:09:11,7.641944444444444,4273,7,4,26.78,0.3252777777777778,1.4566666666666668,22.794196095166967
2016-04-30 21:23:21,2016-05-02 10:17:01,2016-04-30 22:02:32,2016-05-02 09:40:22,2.341111111111111,7011,10,6,35.63,0.6530555555555555,0.6108333333333333,19.677238282346337
2016-04-30 23:13:45,2016-05-01 12:03:26,2016-05-01 00:26:36,2016-05-01 11:42:45,1.84,1101,5,1,11.269,1.2141666666666666,0.3447222222222222,19.540331883929365
2016-05-01 01:12:05,2016-05-01 14:07:27,2016-05-01 02:14:32,2016-05-01 12:31:44,1.9722222222222223,1411,6,1,10.287,1.0408333333333333,1.5952777777777778,22.86056835488156
2016-05-01 03:33:04,2016-05-02 01:16:36,2016-05-01 04:04:27,2016-05-02 00:49:51,2.3497222222222223,3345,7,3,20.757,0.5230555555555556,0.44583333333333336,23.021493609728903
2016-05-01 04:51:35,2016-05-01 20:46:48,2016-05-01 05:39:40,2016-05-01 19:50:26,1.3086111111111112,1205,5,1,14.179,0.8013888888888889,0.9394444444444444,16.996967346075184
2016-05-01 06:07:50,2016-05-02 22:26:01,2016-05-01 07:02:41,2016-05-02 21:32:18,1.2708333333333333,5559,8,5,38.494,0.9141666666666667,0.8952777777777777,18.05151452174365
2016-05-01 09:24:55,2016-05-01 19:49:50,2016-05-01 09:58:58,2016-05-01 18:11:05,3.2847222222222223,1072,5,1,8.202,0.5675,1.6458333333333333,26.139965861984884
2016-05-01 10:29:24,2016-05-02 03:44:37,2016-05-01 11:12:13,2016-05-02 03:04:22,1.0747222222222221,2267,7,2,15.869,0.7136111111111111,0.6708333333333333,20.408163265306122
2016-05-01 19:13:22,2016-05-02 18:44:29,2016-05-01 19:28:36,2016-05-02 17:01:50,8.732777777777779,2153,5,2,21.554,0.2538888888888889,1.7108333333333334,19.977730351674865
2016-05-02 01:17:55,2016-05-02 06:50:02,2016-05-02 01:40:45,2016-05-02 05:48:58,6.075833333333334,172,3,0,4.137,0.38055555555555554,1.0177777777777777,13.858673757150918
2016-05-02 02:41:06,2016-05-02 07:55:55,2016-05-02 03:22:52,2016-05-02 05:57:14,1.386388888888889,185,3,0,2.573,0.6961111111111111,1.9780555555555555,23.966835082264545
2016-05-02 05:00:38,2016-05-02 18:27:41,2016-05-02 05:58:31,2016-05-02 17:25:45,2.3255555555555554,1130,5,1,11.454,0.9647222222222223,1.0322222222222222,19.731098306268553
2016-05-02 12:14:51,2016-05-02 22:09:46,2016-05-02 12:38:14,2016-05-02 21:15:02,7.236944444444444,1348,7,1,8.613,0.38972222222222225,0.9122222222222223,22.35822925478098
2016-05-02 18:20:31,2016-05-03 05:39:18,2016-05-02 18:36:56,2016-05-03 04:32:16,6.094444444444444,1109,5,1,9.922,0.27361111111111114,1.1172222222222221,22.354364039508162
2016-05-02 19:43:47,2016-05-03 06:22:02,2016-05-03 01:02:23,2016-05-03 05:07:17,1.3877777777777778,115,2,0,4.082,5.31,1.2458333333333333,14.086232239098482
2016-05-02 22:17:58,2016-05-03 02:56:13,2016-05-02 23:20:35,2016-05-03 01:59:42,2.569722222222222,224,4,0,2.652,1.043611111111111,0.9419444444444445,21.116138763197586
2016-05-02 22:51:01,2016-05-03 21:23:58,2016-05-03 00:34:02,2016-05-03 19:51:14,0.5508333333333333,1248,6,1,19.287,1.7169444444444444,1.5455555555555556,10.784466220770467
2016-05-03 02:04:02,2016-05-03 06:12:15,2016-05-03 02:29:06,2016-05-03 05:45:28,3.2169444444444446,238,4,0,3.273,0.4177777777777778,0.4463888888888889,18.179040635502595
2016-05-03 04:24:59,2016-05-03 20:49:10,2016-05-03 04:43:30,2016-05-03 20:27:08,2.3491666666666666,2341,7,2,15.727,0.3086111111111111,0.3672222222222222,21.26461317661165
2016-05-03 05:28:43,2016-05-04 16:51:20,2016-05-03 05:50:42,2016-05-04 15:51:44,1.0622222222222222,4632,9,4,34.017,0.3663888888888889,0.9933333333333333,15.129690056932317
2016-05-03 08:25:33,2016-05-04 05:45:39,2016-05-03 09:50:49,2016-05-04 03:55:52,2.9472222222222224,2445,6,2,18.084,1.4211111111111112,1.8297222222222222,22.533731475337316
2016-05-03 13:44:28,2016-05-05 05:15:05,2016-05-03 15:27:41,2016-05-05 04:40:18,5.315277777777778,5400,8,5,37.21,1.7202777777777778,0.5797222222222222,18.140284869658693
2016-05-03 17:22:18,2016-05-04 08:27:21,2016-05-03 17:58:24,2016-05-04 07:01:54,3.6305555555555555,1247,5,1,13.058,0.6016666666666667,1.4241666666666666,19.099402665032933
2016-05-03 17:54:13,2016-05-04 02:14:34,2016-05-03 18:12:11,2016-05-04 01:24:22,0.5319444444444444,299,2,0,7.203,0.29944444444444446,0.8366666666666667,20.75524087185895
2016-05-03 20:37:12,2016-05-05 13:56:24,2016-05-03 20:54:02,2016-05-05 13:35:28,2.716388888888889,2252,5,2,40.691,0.28055555555555556,0.3488888888888889,11.068786709591802
2016-05-03 22:13:45,2016-05-04 21:55:07,2016-05-03 22:25:59,2016-05-04 19:27:15,1.6091666666666666,3430,7,3,21.021,0.2038888888888889,2.4644444444444447,23.31002331002331
2016-05-03 22:45:14,2016-05-04 21:24:28,2016-05-03 23:00:00,2016-05-04 19:49:13,0.5247222222222222,2357,6,2,20.82,0.2461111111111111,1.5875,18.868075568363754
2016-05-04 02:13:28,2016-05-04 21:51:20,2016-05-04 02:47:56,2016-05-04 20:33:43,3.4705555555555554,1404,4,1,17.763,0.5744444444444444,1.293611111111111,19.76017564600574
2016-05-04 02:41:36,2016-05-04 05:43:53,2016-05-04 02:56:02,2016-05-04 05:04:27,0.4688888888888889,88,2,0,2.14,0.24055555555555555,0.6572222222222223,20.5607476635514
2016-05-04 03:01:04,2016-05-04 11:59:36,2016-05-04 03:23:17,2016-05-04 10:34:54,0.3244444444444444,1123,5,1,7.194,0.37027777777777776,1.4116666666666666,31.220461495690856
2016-05-04 07:37:52,2016-05-04 17:39:15,2016-05-04 08:00:44,2016-05-04 16:51:15,4.613333333333333,257,3,0,8.842,0.3811111111111111,0.8,9.688607404056397
2016-05-04 08:22:40,2016-05-04 17:18:15,2016-05-04 08:39:40,2016-05-04 17:06:23,0.7466666666666667,1040,5,1,8.445,0.2833333333333333,0.19777777777777777,24.6299585553582
2016-05-04 08:57:44,2016-05-05 01:35:50,2016-05-04 09:32:58,2016-05-05 01:26:51,0.5844444444444444,1398,5,1,15.898,0.5872222222222222,0.14972222222222223,17.58711787646245
2016-05-04 11:11:25,2016-05-05 01:37:19,2016-05-04 11:29:07,2016-05-05 01:11:57,2.2280555555555557,1126,6,1,13.714,0.295,0.42277777777777775,13.684312867629187
2016-05-04 15:07:30,2016-05-04 22:46:57,2016-05-04 16:26:00,2016-05-04 22:31:14,3.9347222222222222,483,3,0,6.087,1.3083333333333333,0.2619444444444444,26.449811072778054
2016-05-04 17:20:36,2016-05-05 10:40:30,2016-05-04 18:19:40,2016-05-05 10:01:21,2.2183333333333333,1361,5,1,15.695,0.9844444444444445,0.6525,17.343102899012425
2016-05-04 17:47:48,2016-05-05 04:19:41,2016-05-04 17:59:38,2016-05-05 03:13:28,0.4533333333333333,278,2,0,9.23,0.19722222222222222,1.103611111111111,15.059588299024918
2016-05-04 19:10:59,2016-05-05 04:06:06,2016-05-04 19:27:35,2016-05-05 03:08:58,1.386388888888889,1079,6,1,7.69,0.27666666666666667,0.9522222222222222,23.385348938014737
2016-05-04 19:29:40,2016-05-05 10:13:42,2016-05-04 19:37:59,2016-05-05 09:31:36,0.3113888888888889,1075,5,1,13.893,0.1386111111111111,0.7016666666666667,15.475419275894334
2016-05-04 19:39:24,2016-05-05 02:32:08,2016-05-04 20:00:43,2016-05-05 01:59:07,0.1622222222222222,453,3,0,5.973,0.3552777777777778,0.5502777777777778,25.28042859534572
2016-05-04 21:38:43,2016-05-05 07:30:02,2016-05-04 23:58:44,2016-05-05 05:19:58,1.988611111111111,320,3,0,5.354,2.3336111111111113,2.167777777777778,19.922799153281034
2016-05-04 21:44:23,2016-05-05 13:46:00,2016-05-04 22:22:48,2016-05-05 13:00:50,0.09444444444444444,1239,4,1,14.634,0.6402777777777777,0.7527777777777778,21.166461664616644
2016-05-05 06:49:22,2016-05-05 19:36:12,2016-05-05 07:11:59,2016-05-05 19:03:26,9.083055555555555,1112,5,1,11.858,0.37694444444444447,0.5461111111111111,18.75527070332265
2016-05-05 07:42:06,2016-05-05 11:03:59,2016-05-05 08:33:28,2016-05-05 09:12:43,0.8788888888888889,30,3,0,0.654,0.8561111111111112,1.8544444444444443,15.29051987767584
2016-05-05 09:57:07,2016-05-05 13:55:58,2016-05-05 10:29:46,2016-05-05 13:20:07,2.250277777777778,186,3,0,2.839,0.5441666666666667,0.5975,21.83867558999648
2016-05-05 10:56:18,2016-05-05 12:48:13,2016-05-05 11:25:52,2016-05-05 11:58:57,0.9863888888888889,32,3,0,0.551,0.49277777777777776,0.8211111111111111,19.358741681790683
2016-05-05 11:12:54,2016-05-07 20:36:54,2016-05-05 11:56:53,2016-05-07 20:21:04,0.27666666666666667,3153,7,3,56.403,0.7330555555555556,0.2638888888888889,7.985897406672898
2016-05-05 14:22:05,2016-05-06 11:34:06,2016-05-05 16:22:35,2016-05-06 09:37:56,3.1530555555555555,1072,4,1,17.256,2.0083333333333333,1.9361111111111111,15.530829856281873
2016-05-05 14:48:03,2016-05-05 20:21:37,2016-05-05 15:46:47,2016-05-05 19:06:58,0.43277777777777776,217,3,0,3.336,0.9788888888888889,1.2441666666666666,21.682653876898485
2016-05-05 15:20:28,2016-05-07 23:29:10,2016-05-05 16:19:47,2016-05-07 22:23:18,0.5402777777777777,3512,6,3,54.059,0.9886111111111111,1.0977777777777777,10.827675934318677
2016-05-05 20:42:08,2016-05-06 01:21:33,2016-05-05 21:17:47,2016-05-05 23:13:42,5.361111111111111,152,4,0,1.932,0.5941666666666666,2.1308333333333334,19.66873706004141
2016-05-06 02:37:34,2016-05-06 05:14:24,2016-05-06 03:15:21,2016-05-06 04:37:41,5.9238888888888885,109,3,0,1.372,0.6297222222222222,0.6119444444444444,26.48202137998056
2016-05-06 03:59:20,2016-05-07 07:04:26,2016-05-06 04:32:04,2016-05-07 04:46:03,1.3627777777777779,3205,7,3,24.233,0.5455555555555556,2.306388888888889,18.89395216676197
2016-05-06 05:27:19,2016-05-06 22:06:13,2016-05-06 06:01:52,2016-05-06 15:05:38,1.466388888888889,1205,5,1,9.063,0.5758333333333333,7.009722222222222,26.591636323513182
2016-05-06 06:11:11,2016-05-06 19:39:26,2016-05-06 06:22:24,2016-05-06 18:34:19,0.7311111111111112,1196,5,1,12.199,0.18694444444444444,1.0852777777777778,19.60816460365604
2016-05-06 06:31:59,2016-05-06 08:07:17,2016-05-06 06:45:40,2016-05-06 07:53:50,0.3466666666666667,79,3,0,1.136,0.22805555555555557,0.22416666666666665,23.180751173708924
2016-05-06 08:21:09,2016-05-07 07:25:02,2016-05-06 10:23:21,2016-05-07 06:25:14,1.8194444444444444,3422,7,3,20.031,2.0366666666666666,0.9966666666666667,24.405029347368725
2016-05-06 10:00:54,2016-05-07 04:14:31,2016-05-06 10:37:50,2016-05-07 02:05:13,1.6625,1350,5,1,15.456,0.6155555555555555,2.155,17.46894409937888
2016-05-06 10:59:04,2016-05-07 02:35:14,2016-05-06 11:50:26,2016-05-07 01:15:00,0.9694444444444444,1321,5,1,13.409,0.8561111111111112,1.3372222222222223,19.703184428369006
2016-05-06 12:10:09,2016-05-06 22:05:18,2016-05-06 12:24:35,2016-05-06 21:22:35,1.1847222222222222,554,3,0,8.966,0.24055555555555555,0.7119444444444445,20.59632686445089
2016-05-06 13:21:29,2016-05-06 18:09:46,2016-05-06 14:04:51,2016-05-06 16:23:55,1.1888888888888889,246,4,0,2.318,0.7227777777777777,1.7641666666666667,26.531492666091456
2016-05-06 14:47:58,2016-05-07 18:11:09,2016-05-06 15:07:35,2016-05-07 16:29:07,1.4413888888888888,3004,7,3,25.359,0.3269444444444444,1.7005555555555556,16.922704252646284
2016-05-06 17:36:51,2016-05-07 00:43:35,2016-05-06 18:54:52,2016-05-07 00:22:50,2.814722222222222,1041,6,1,5.466,1.3002777777777779,0.3458333333333333,31.741675814123674
2016-05-06 18:18:21,2016-05-07 10:15:31,2016-05-06 18:52:58,2016-05-07 06:24:36,0.6916666666666667,1236,5,1,11.527,0.5769444444444445,3.848611111111111,21.445302333651426
2016-05-06 19:01:42,2016-05-07 09:40:52,2016-05-06 19:20:27,2016-05-07 08:35:00,0.7225,2076,6,2,13.243,0.3125,1.0977777777777777,26.127010496111154
2016-05-06 20:08:27,2016-05-07 07:16:21,2016-05-06 20:46:39,2016-05-07 06:38:43,1.1125,1196,5,1,9.868,0.6366666666666667,0.6272222222222222,24.239967571949734
2016-05-07 00:55:01,2016-05-07 20:43:43,2016-05-07 02:52:17,2016-05-07 19:20:57,4.776111111111111,1382,4,1,16.478,1.9544444444444444,1.3794444444444445,20.96735040660274
2016-05-07 01:55:27,2016-05-07 22:25:46,2016-05-07 02:56:47,2016-05-07 21:53:04,1.0072222222222222,2244,6,2,18.938,1.0222222222222221,0.545,19.748653500897667
2016-05-07 03:09:53,2016-05-07 15:28:20,2016-05-07 03:44:25,2016-05-07 14:52:58,1.2405555555555556,1250,6,1,11.143,0.5755555555555556,0.5894444444444444,18.6963414998953
2016-05-07 15:39:42,2016-05-08 01:28:55,2016-05-07 19:28:58,2016-05-07 23:38:55,12.496944444444445,249,3,0,4.166,3.821111111111111,1.8333333333333333,19.923187710033602
2016-05-07 16:14:16,2016-05-07 18:07:19,2016-05-07 17:01:35,2016-05-07 17:46:57,0.5761111111111111,40,3,0,0.756,0.7886111111111112,0.33944444444444444,17.63668430335097
2016-05-07 16:35:43,2016-05-08 17:56:39,2016-05-07 17:02:45,2016-05-08 16:13:38,0.3575,1539,4,1,23.181,0.45055555555555554,1.7169444444444444,16.59764462275139
2016-05-07 16:43:17,2016-05-08 07:48:58,2016-05-07 17:45:51,2016-05-08 06:08:26,0.12611111111111112,1568,5,1,12.376,1.0427777777777778,1.6755555555555555,25.339366515837106
2016-05-07 17:19:19,2016-05-08 00:17:22,2016-05-07 17:41:21,2016-05-07 23:09:25,0.6005555555555555,294,3,0,5.468,0.3672222222222222,1.1325,17.922457937088517
2016-05-07 18:13:51,2016-05-07 22:07:52,2016-05-07 18:40:37,2016-05-07 21:39:47,0.9088888888888889,168,3,0,2.986,0.4461111111111111,0.46805555555555556,18.754186202277292
2016-05-07 21:47:22,2016-05-08 10:20:29,2016-05-07 21:56:27,2016-05-08 10:10:09,3.558611111111111,630,3,0,12.228,0.15138888888888888,0.17222222222222222,17.17369970559372
2016-05-07 22:16:56,2016-05-08 06:44:41,2016-05-07 22:45:08,2016-05-08 05:30:18,0.49277777777777776,321,3,0,6.753,0.47,1.2397222222222222,15.844809714201096
2016-05-08 03:01:00,2016-05-08 07:05:38,2016-05-08 03:29:51,2016-05-08 05:56:16,4.734444444444445,174,3,0,2.44,0.48083333333333333,1.156111111111111,23.770491803278688
2016-05-08 04:29:45,2016-05-08 19:45:30,2016-05-08 04:59:16,2016-05-08 18:47:45,1.4791666666666667,1439,5,1,13.808,0.49194444444444446,0.9625,20.84298957126304
2016-05-08 06:15:00,2016-05-09 00:13:18,2016-05-08 07:17:36,2016-05-08 23:35:13,1.7541666666666667,1453,6,1,16.294,1.0433333333333332,0.6347222222222222,14.862321508939894
2016-05-08 07:42:40,2016-05-09 07:50:15,2016-05-08 08:34:27,2016-05-09 07:12:54,1.461111111111111,1604,4,1,22.641,0.8630555555555556,0.6225,17.711231836049645
2016-05-08 07:54:58,2016-05-08 21:32:32,2016-05-08 08:24:46,2016-05-08 21:15:33,0.205,1474,4,1,12.846,0.49666666666666665,0.28305555555555556,28.685972287093257
2016-05-08 11:02:41,2016-05-08 20:02:19,2016-05-08 11:49:07,2016-05-08 19:07:48,3.1286111111111112,424,3,0,7.312,0.7738888888888888,0.9086111111111111,19.328956965718454
2016-05-08 16:46:24,2016-05-08 21:00:45,2016-05-08 17:53:07,2016-05-08 18:47:51,5.728611111111111,47,3,0,0.912,1.1119444444444444,2.215,17.178362573099413
2016-05-08 18:51:38,2016-05-09 08:35:27,2016-05-08 19:32:07,2016-05-09 06:53:56,2.087222222222222,1063,5,1,11.364,0.6747222222222222,1.6919444444444445,18.708201337557195
2016-05-08 21:20:49,2016-05-09 03:54:38,2016-05-08 22:06:18,2016-05-09 02:11:43,2.486388888888889,323,4,0,4.09,0.7580555555555556,1.7152777777777777,19.74327628361858
2016-05-09 01:55:30,2016-05-09 15:27:41,2016-05-09 02:09:29,2016-05-09 13:48:34,4.578055555555555,1162,5,1,11.651,0.23305555555555554,1.6519444444444444,19.946785683632307
2016-05-09 06:48:01,2016-05-09 13:44:46,2016-05-09 07:27:00,2016-05-09 13:14:38,4.875277777777778,399,3,0,5.794,0.6497222222222222,0.5022222222222222,22.95478080773214
2016-05-09 08:35:13,2016-05-10 00:58:10,2016-05-09 08:54:33,2016-05-10 00:05:08,1.7866666666666666,2232,7,2,15.176,0.32222222222222224,0.8838888888888888,21.010618269448
2016-05-09 11:00:16,2016-05-09 20:50:12,2016-05-09 11:10:16,2016-05-09 19:31:15,2.4175,1113,6,1,8.35,0.16666666666666666,1.3158333333333334,22.21556886227545
2016-05-09 11:22:59,2016-05-09 21:08:26,2016-05-09 12:29:41,2016-05-09 20:28:23,0.3786111111111111,382,3,0,7.978,1.1116666666666666,0.6675,15.960558201721403
2016-05-09 12:36:44,2016-05-10 11:44:54,2016-05-09 13:41:04,2016-05-10 10:25:42,1.2291666666666667,2005,5,2,20.744,1.0722222222222222,1.32,19.330890860007713
2016-05-09 13:39:38,2016-05-10 01:07:31,2016-05-09 14:10:28,2016-05-10 00:21:55,1.0483333333333333,1331,5,1,10.191,0.5138888888888888,0.76,26.121087233833773
2016-05-09 22:52:07,2016-05-10 20:55:26,2016-05-09 23:09:52,2016-05-10 20:02:48,9.208055555555555,2134,6,2,20.882,0.29583333333333334,0.8772222222222222,17.03221275101363
2016-05-10 01:15:43,2016-05-10 03:48:18,2016-05-10 01:20:00,2016-05-10 02:53:38,2.3933333333333335,132,4,0,1.56,0.07138888888888889,0.9111111111111111,21.153846153846153
2016-05-10 03:59:03,2016-05-10 12:45:48,2016-05-10 04:30:22,2016-05-10 11:11:03,2.7222222222222223,131,2,0,6.678,0.5219444444444444,1.5791666666666666,9.808325846061695
2016-05-10 04:27:41,2016-05-10 13:57:16,2016-05-10 05:26:06,2016-05-10 13:06:47,0.4772222222222222,306,3,0,7.678,0.9736111111111111,0.8413888888888889,13.284709559781193
2016-05-10 06:47:54,2016-05-10 17:09:34,2016-05-10 07:07:22,2016-05-10 16:51:48,2.3369444444444443,1246,6,1,9.74,0.3244444444444444,0.2961111111111111,21.32101300479124
2016-05-10 07:39:44,2016-05-10 16:29:59,2016-05-10 08:11:55,2016-05-10 16:10:03,0.8638888888888889,643,4,0,7.969,0.5363888888888889,0.3322222222222222,20.17191617517882
2016-05-10 07:42:25,2016-05-10 20:25:48,2016-05-10 08:14:06,2016-05-10 19:36:38,0.04472222222222222,1323,5,1,11.375,0.5280555555555555,0.8194444444444444,23.26153846153846
2016-05-10 08:21:34,2016-05-11 00:06:18,2016-05-10 11:31:34,2016-05-10 23:35:24,0.6525,1468,6,1,12.064,3.1666666666666665,0.515,20.28072502210433
2016-05-10 09:11:30,2016-05-12 07:43:35,2016-05-10 09:43:45,2016-05-12 07:03:39,0.8322222222222222,4255,8,4,45.332,0.5375,0.6655555555555556,11.73288184946616
2016-05-10 10:14:08,2016-05-10 17:48:48,2016-05-10 11:06:17,2016-05-10 16:44:55,1.0438888888888889,252,3,0,5.644,0.8691666666666666,1.0647222222222221,14.883061658398297
2016-05-10 21:24:08,2016-05-11 01:44:21,2016-05-10 21:41:27,2016-05-11 00:49:43,11.166666666666666,109,2,0,3.138,0.2886111111111111,0.9105555555555556,17.36775015933716
2016-05-10 22:03:12,2016-05-11 02:29:05,2016-05-10 22:17:40,2016-05-11 02:03:56,0.6511111111111111,274,3,0,3.771,0.2411111111111111,0.4191666666666667,24.2199239812605
2016-05-10 22:38:36,2016-05-12 03:20:07,2016-05-10 23:36:11,2016-05-12 01:59:19,0.59,1425,5,1,26.386,0.9597222222222223,1.3466666666666667,10.80118244523611
2016-05-11 00:21:21,2016-05-11 12:06:27,2016-05-11 00:53:00,2016-05-11 11:41:13,1.7125,1315,6,1,10.804,0.5275,0.42055555555555557,20.28569665555967
2016-05-11 01:31:59,2016-05-11 09:30:45,2016-05-11 02:24:11,2016-05-11 07:04:03,1.1772222222222222,267,3,0,4.664,0.87,2.445,19.082332761578044
2016-05-11 02:57:45,2016-05-11 04:37:08,2016-05-11 03:25:13,2016-05-11 04:02:34,1.4294444444444445,41,4,0,0.622,0.4577777777777778,0.5761111111111111,16.479099678456592
2016-05-11 06:08:30,2016-05-12 05:15:45,2016-05-11 07:14:02,2016-05-12 04:27:30,3.1791666666666667,1117,4,1,21.224,1.0922222222222222,0.8041666666666667,13.15727478326423
2016-05-11 06:28:43,2016-05-11 12:12:48,2016-05-11 06:49:39,2016-05-11 12:00:43,0.33694444444444444,203,2,0,5.185,0.3488888888888889,0.2013888888888889,19.57569913211186
2016-05-11 08:13:26,2016-05-12 15:33:49,2016-05-11 09:06:25,2016-05-12 15:04:50,1.7452777777777777,1574,4,1,29.974,0.8830555555555556,0.48305555555555557,13.128044305064389
2016-05-11 08:21:17,2016-05-12 06:21:21,2016-05-11 08:36:43,2016-05-12 05:22:38,0.13083333333333333,1326,4,1,20.765,0.25722222222222224,0.9786111111111111,15.964363111004094
2016-05-11 09:51:08,2016-05-12 04:55:23,2016-05-11 10:05:06,2016-05-12 03:29:24,1.4975,2109,6,2,17.405,0.23277777777777778,1.4330555555555555,20.195346164895145
2016-05-11 10:43:33,2016-05-12 00:21:25,2016-05-11 12:27:01,2016-05-11 23:10:59,0.8736111111111111,1104,5,1,10.733,1.7244444444444444,1.173888888888889,20.57206745551104
2016-05-11 13:02:04,2016-05-12 01:11:18,2016-05-11 13:49:56,2016-05-12 00:37:51,2.308611111111111,1242,5,1,10.799,0.7977777777777778,0.5575,23.00212982683582
2016-05-11 22:51:09,2016-05-12 12:28:24,2016-05-12 01:06:50,2016-05-12 11:35:31,9.818055555555556,446,3,0,10.478,2.261388888888889,0.8813888888888889,14.18845835719285
2016-05-12 01:07:59,2016-05-12 15:02:22,2016-05-12 04:13:28,2016-05-12 14:39:27,2.2805555555555554,711,3,0,10.433,3.091388888888889,0.3819444444444444,22.71638071503882
2016-05-12 02:40:37,2016-05-12 19:03:19,2016-05-12 03:12:48,2016-05-12 18:18:29,1.5438888888888889,2165,7,2,15.095,0.5363888888888889,0.7472222222222222,20.489282165333837
2016-05-12 07:16:21,2016-05-12 17:57:27,2016-05-12 07:43:14,2016-05-12 17:49:15,4.595555555555555,1162,6,1,10.1,0.44805555555555554,0.13666666666666666,19.174917491749177
2016-05-12 09:17:45,2016-05-13 02:14:41,2016-05-12 10:08:42,2016-05-13 01:43:37,2.0233333333333334,1182,5,1,15.582,0.8491666666666666,0.5177777777777778,15.171351559491722
2016-05-12 11:00:49,2016-05-13 14:25:59,2016-05-12 11:07:02,2016-05-13 13:55:02,1.7177777777777778,1314,3,1,26.8,0.10361111111111111,0.5158333333333334,16.34328358208955
2016-05-12 16:18:35,2016-05-12 22:39:34,2016-05-12 16:34:33,2016-05-12 21:17:13,5.296111111111111,187,3,0,4.711,0.26611111111111113,1.3725,13.231444137833439
2016-05-12 19:09:23,2016-05-13 14:04:12,2016-05-12 19:28:26,2016-05-13 13:02:47,2.8466666666666667,1486,5,1,17.572,0.3175,1.023611111111111,16.91327111313453
2016-05-12 19:43:11,2016-05-13 00:01:25,2016-05-12 20:10:59,2016-05-12 23:30:30,0.5633333333333334,190,3,0,3.325,0.4633333333333333,0.5152777777777777,19.047619047619044
2016-05-12 21:09:35,2016-05-13 17:24:40,2016-05-12 21:34:29,2016-05-13 17:03:55,1.44,1254,5,1,19.49,0.415,0.3458333333333333,12.868137506413547
2016-05-12 22:32:33,2016-05-13 04:46:17,2016-05-12 23:11:25,2016-05-13 04:08:01,1.3827777777777779,212,3,0,4.943,0.6477777777777778,0.6377777777777778,14.296311281947537
2016-05-13 01:44:41,2016-05-13 19:07:19,2016-05-13 02:22:56,2016-05-13 18:35:05,3.2022222222222223,1495,5,1,16.202,0.6375,0.5372222222222223,18.454511788668064
2016-05-13 02:11:55,2016-05-13 04:51:36,2016-05-13 02:32:26,2016-05-13 04:17:45,0.4538888888888889,125,3,0,1.755,0.34194444444444444,0.5641666666666667,23.741690408357076
2016-05-13 03:25:46,2016-05-13 15:56:42,2016-05-13 03:50:02,2016-05-13 15:20:21,1.2308333333333332,1337,6,1,11.505,0.40444444444444444,0.6058333333333333,19.368390554831233
2016-05-13 09:59:04,2016-05-14 06:32:14,2016-05-13 10:07:50,2016-05-14 04:24:29,6.555,2609,6,2,18.278,0.1461111111111111,2.129166666666667,23.789984316300107
2016-05-13 12:29:59,2016-05-14 03:13:38,2016-05-13 12:42:12,2016-05-14 01:57:14,2.515277777777778,1210,4,1,13.25,0.2036111111111111,1.2733333333333334,22.830188679245282
2016-05-13 23:14:45,2016-05-14 01:37:34,2016-05-13 23:36:58,2016-05-14 01:21:09,10.74611111111111,149,3,0,1.736,0.37027777777777776,0.27361111111111114,28.609831029185866
2016-05-13 23:16:14,2016-05-14 03:51:10,2016-05-14 00:56:33,2016-05-14 03:04:45,0.024722222222222222,163,4,0,2.137,1.6719444444444445,0.7736111111111111,19.06878802058961
2016-05-13 23:50:36,2016-05-14 21:25:11,2016-05-14 01:05:18,2016-05-14 20:33:20,0.5727777777777778,2125,7,2,19.467,1.245,0.8641666666666666,15.59415567737343
2016-05-13 23:59:14,2016-05-14 19:29:05,2016-05-14 01:48:54,2016-05-14 18:21:15,0.1438888888888889,2108,6,2,16.539,1.8277777777777777,1.1305555555555555,21.24271922929641
2016-05-14 02:04:55,2016-05-14 18:00:03,2016-05-14 02:36:50,2016-05-14 17:18:48,2.0947222222222224,2380,6,2,14.699,0.5319444444444444,0.6875,26.98596276390684
2016-05-14 03:54:21,2016-05-14 12:25:23,2016-05-14 04:09:37,2016-05-14 11:31:44,1.823888888888889,429,3,0,7.369,0.2544444444444444,0.8941666666666667,19.405618130004072
2016-05-14 03:59:41,2016-05-14 07:02:00,2016-05-14 04:32:44,2016-05-14 06:47:34,0.08888888888888889,113,3,0,2.247,0.5508333333333333,0.24055555555555555,16.76309152944667
2016-05-14 04:29:40,2016-05-15 01:39:27,2016-05-14 05:03:49,2016-05-14 23:36:11,0.49972222222222223,3056,7,3,18.539,0.5691666666666667,2.0544444444444445,23.548812156611927
2016-05-14 08:08:58,2016-05-14 22:06:38,2016-05-14 08:50:53,2016-05-14 21:31:35,3.655,1269,5,1,12.678,0.6986111111111111,0.5841666666666666,20.018930430667297
2016-05-14 09:04:25,2016-05-15 04:35:28,2016-05-14 09:21:49,2016-05-15 01:20:38,0.9241666666666667,1409,5,1,15.98,0.29,3.2472222222222222,17.634543178973715
2016-05-14 10:40:04,2016-05-14 20:53:18,2016-05-14 15:01:17,2016-05-14 20:31:26,1.5941666666666667,265,3,0,5.502,4.353611111111111,0.36444444444444446,16.05476796316491
2016-05-14 10:42:18,2016-05-15 02:13:40,2016-05-14 11:01:12,2016-05-15 00:04:28,0.03722222222222222,1328,5,1,13.054,0.315,2.1533333333333333,20.346254021755787
2016-05-14 12:36:42,2016-05-15 01:27:04,2016-05-14 13:05:35,2016-05-15 00:58:59,1.9066666666666667,1284,5,1,11.89,0.48138888888888887,0.46805555555555556,21.59798149705635
2016-05-14 16:04:56,2016-05-15 10:56:43,2016-05-14 16:46:34,2016-05-15 10:34:41,3.4705555555555554,1115,4,1,17.802,0.6938888888888889,0.3672222222222222,15.658352994045613
2016-05-14 18:04:26,2016-05-15 14:02:31,2016-05-14 18:35:13,2016-05-15 12:27:26,1.9916666666666667,2122,7,2,17.87,0.5130555555555556,1.5847222222222221,16.9637860740267
2016-05-14 18:06:59,2016-05-14 22:50:39,2016-05-14 18:58:17,2016-05-14 21:59:22,0.0425,162,3,0,3.018,0.855,0.8547222222222223,17.89264413518887
2016-05-14 19:00:33,2016-05-15 04:59:06,2016-05-14 19:29:42,2016-05-15 01:20:35,0.8927777777777778,231,2,0,5.848,0.48583333333333334,3.6419444444444444,19.750341997264023
2016-05-14 21:10:57,2016-05-16 06:49:42,2016-05-14 21:30:23,2016-05-16 06:15:22,2.1733333333333333,2303,5,2,32.75,0.3238888888888889,0.5722222222222222,14.06412213740458
2016-05-14 23:08:57,2016-05-15 05:34:22,2016-05-14 23:31:56,2016-05-15 05:06:41,1.9666666666666666,213,2,0,5.579,0.38305555555555554,0.4613888888888889,19.08944255242875
2016-05-15 02:51:03,2016-05-15 19:06:26,2016-05-15 03:04:23,2016-05-15 17:14:44,3.7016666666666667,485,3,0,14.173,0.2222222222222222,1.8616666666666666,11.406665255532822
2016-05-15 05:09:11,2016-05-16 21:12:25,2016-05-15 05:24:22,2016-05-16 19:10:13,2.3022222222222224,4249,7,4,37.764,0.25305555555555553,2.0366666666666666,16.073509162165024
2016-05-15 12:14:59,2016-05-15 15:47:50,2016-05-15 12:33:06,2016-05-15 15:24:10,7.096666666666667,200,4,0,2.851,0.30194444444444446,0.39444444444444443,17.5377060680463
2016-05-15 16:56:37,2016-05-15 23:53:49,2016-05-15 17:00:41,2016-05-15 23:13:07,4.693888888888889,385,3,0,6.207,0.06777777777777778,0.6783333333333333,20.67558133290371
2016-05-15 17:19:17,2016-05-17 11:15:19,2016-05-15 17:41:19,2016-05-17 09:17:07,0.37777777777777777,2373,5,2,39.597,0.3672222222222222,1.97,11.985756496704296
2016-05-15 19:46:17,2016-05-17 00:34:53,2016-05-15 20:08:28,2016-05-16 21:36:43,2.45,3384,7,3,25.471,0.36972222222222223,2.9694444444444446,18.979567799794726
2016-05-15 20:00:43,2016-05-16 11:16:54,2016-05-15 20:35:26,2016-05-16 09:06:52,0.24055555555555555,1268,5,1,12.524,0.5786111111111111,2.167222222222222,20.249121686362184
2016-05-16 02:15:35,2016-05-17 09:11:55,2016-05-16 03:46:07,2016-05-16 20:08:41,6.247777777777777,2132,5,2,16.376,1.508888888888889,13.053888888888888,26.038104543234
2016-05-16 02:56:54,2016-05-16 06:20:17,2016-05-16 03:18:13,2016-05-16 04:41:00,0.6886111111111111,90,3,0,1.38,0.3552777777777778,1.6547222222222222,21.73913043478261
2016-05-16 04:41:05,2016-05-17 10:43:43,2016-05-16 05:39:13,2016-05-17 09:48:29,1.736388888888889,3167,7,3,28.154,0.9688888888888889,0.9205555555555556,16.06977947817615
2016-05-16 06:11:09,2016-05-17 23:49:28,2016-05-16 06:17:40,2016-05-17 20:45:28,1.501111111111111,8890,9,6,38.463,0.10861111111111112,3.066666666666667,25.681246334861495
2016-05-16 06:29:37,2016-05-16 11:00:55,2016-05-16 06:51:11,2016-05-16 08:43:17,0.30777777777777776,188,4,0,1.868,0.35944444444444446,2.293888888888889,25.160599571734473
2016-05-16 07:03:04,2016-05-18 20:18:39,2016-05-16 07:36:31,2016-05-18 19:57:21,0.5575,6839,8,6,60.347,0.5575,0.355,14.165990024359123
2016-05-16 11:05:56,2016-05-17 03:49:40,2016-05-16 11:52:48,2016-05-17 02:34:59,4.047777777777778,1324,4,1,14.703,0.7811111111111111,1.2447222222222223,22.512412432836836
2016-05-16 13:59:06,2016-05-16 23:13:17,2016-05-16 15:24:47,2016-05-16 22:11:52,2.886111111111111,439,3,0,6.785,1.4280555555555556,1.023611111111111,21.567182510439697
2016-05-16 19:09:59,2016-05-17 23:25:36,2016-05-16 19:33:30,2016-05-17 21:51:40,5.181388888888889,5049,9,5,26.303,0.39194444444444443,1.5655555555555556,21.32836558567464
2016-05-16 20:59:11,2016-05-17 17:46:23,2016-05-16 22:02:54,2016-05-17 16:27:57,1.82,2095,6,2,18.417,1.0619444444444444,1.3072222222222223,18.9589328699933
2016-05-16 21:05:46,2016-05-17 04:30:07,2016-05-16 22:03:50,2016-05-17 04:13:35,0.10972222222222222,466,4,0,6.163,0.9677777777777777,0.27555555555555555,18.903131591757262
2016-05-16 21:56:35,2016-05-17 02:00:50,2016-05-16 22:36:39,2016-05-17 01:19:24,0.8469444444444445,103,2,0,2.713,0.6677777777777778,0.6905555555555556,18.982676004423148
2016-05-16 23:25:12,2016-05-17 06:45:21,2016-05-16 23:41:45,2016-05-17 05:47:40,1.4769444444444444,294,3,0,6.098,0.2758333333333333,0.9613888888888888,16.07084289931125
2016-05-17 01:15:42,2016-05-17 07:23:16,2016-05-17 03:28:09,2016-05-17 06:09:19,1.8416666666666666,241,4,0,2.686,2.2075,1.2325,22.431124348473567
2016-05-17 05:59:30,2016-05-18 06:22:36,2016-05-17 06:49:10,2016-05-18 05:19:32,4.73,2154,5,2,22.506,0.8277777777777777,1.051111111111111,19.14156225006665
2016-05-17 08:05:20,2016-05-18 01:37:07,2016-05-17 08:59:52,2016-05-18 01:12:17,2.0972222222222223,1386,5,1,16.207,0.9088888888888889,0.41388888888888886,17.10372061454927
2016-05-17 08:29:06,2016-05-17 12:28:30,2016-05-17 08:42:13,2016-05-17 11:28:41,0.39611111111111114,207,4,0,2.774,0.21861111111111112,0.9969444444444444,18.655371304974764
2016-05-17 11:03:46,2016-05-18 04:42:33,2016-05-17 11:20:25,2016-05-18 03:10:17,2.577777777777778,2075,6,2,15.831,0.2775,1.5377777777777777,21.84532457414777
2016-05-17 11:58:18,2016-05-17 23:02:22,2016-05-17 12:52:16,2016-05-17 22:13:44,0.9088888888888889,465,3,0,9.358,0.8994444444444445,0.8105555555555556,16.563368241077153
2016-05-17 15:02:46,2016-05-18 12:16:36,2016-05-17 16:37:02,2016-05-18 11:29:17,3.0744444444444445,2177,6,2,18.871,1.5711111111111111,0.7886111111111112,19.22703266034303
2016-05-17 15:12:34,2016-05-17 23:21:56,2016-05-17 15:51:50,2016-05-17 22:25:04,0.16333333333333333,316,3,0,6.554,0.6544444444444445,0.9477777777777778,16.07161021259282
2016-05-17 17:30:14,2016-05-18 12:13:42,2016-05-17 19:10:39,2016-05-18 11:38:52,2.2944444444444443,1393,5,1,16.47,1.6736111111111112,0.5805555555555556,16.915604128718883
2016-05-17 21:09:07,2016-05-18 14:51:22,2016-05-17 21:28:24,2016-05-18 14:31:54,3.6480555555555556,1264,4,1,17.058,0.3213888888888889,0.3244444444444444,18.525032242935865
2016-05-17 22:04:34,2016-05-18 17:39:50,2016-05-17 22:28:02,2016-05-18 16:52:18,0.9241666666666667,2184,6,2,18.404,0.39111111111111113,0.7922222222222223,19.778309063247118
2016-05-17 22:57:31,2016-05-18 06:24:48,2016-05-17 23:23:26,2016-05-18 03:03:04,0.8825,214,3,0,3.661,0.43194444444444446,3.362222222222222,19.484658107985066
2016-05-17 23:42:17,2016-05-18 04:20:09,2016-05-18 00:00:53,2016-05-18 04:05:25,0.7461111111111111,262,3,0,4.076,0.31,0.24555555555555555,21.42623487078836
2016-05-18 01:12:54,2016-05-19 07:18:47,2016-05-18 07:43:09,2016-05-19 07:02:28,1.5102777777777778,2133,6,2,23.322,6.504166666666666,0.27194444444444443,15.243118085927453
2016-05-18 07:01:58,2016-05-18 22:50:00,2016-05-18 07:36:32,2016-05-18 21:14:46,5.817777777777778,1425,5,1,13.637,0.5761111111111111,1.5872222222222223,20.899024712180097
2016-05-18 10:42:38,2016-05-18 21:12:13,2016-05-18 12:23:34,2016-05-18 20:03:04,3.6777777777777776,270,2,0,7.658,1.6822222222222223,1.1525,17.628623661530426
2016-05-18 13:39:10,2016-05-20 08:39:23,2016-05-18 15:06:30,2016-05-20 07:34:38,2.942222222222222,3076,6,3,40.469,1.4555555555555555,1.0791666666666666,12.668132809475564
2016-05-18 14:34:19,2016-05-19 11:37:27,2016-05-18 15:33:42,2016-05-19 11:10:36,0.9191666666666667,1294,5,1,19.615,0.9897222222222222,0.4475,13.193984195768547
2016-05-18 16:47:56,2016-05-19 08:37:11,2016-05-18 18:16:36,2016-05-19 07:41:32,2.2269444444444444,1304,5,1,13.416,1.4777777777777779,0.9275,19.439475253428743
2016-05-18 19:22:33,2016-05-19 16:40:06,2016-05-18 19:44:26,2016-05-19 15:48:43,2.5769444444444445,1304,4,1,20.072,0.3647222222222222,0.8563888888888889,16.241530490235153
2016-05-18 21:54:11,2016-05-19 08:44:56,2016-05-18 22:21:21,2016-05-19 08:01:25,2.527222222222222,1228,6,1,9.668,0.4527777777777778,0.7252777777777778,21.169493862915463
2016-05-18 22:06:36,2016-05-19 15:22:51,2016-05-18 22:47:12,2016-05-19 13:52:18,0.20694444444444443,2159,6,2,15.085,0.6766666666666666,1.5091666666666668,23.85371782123522
2016-05-18 23:15:26,2016-05-20 06:59:23,2016-05-18 23:42:25,2016-05-20 05:51:27,1.1472222222222221,3175,7,3,30.15,0.44972222222222225,1.1322222222222222,15.043828476664299
2016-05-19 00:21:06,2016-05-19 05:59:07,2016-05-19 02:21:17,2016-05-19 05:41:52,1.0944444444444446,181,3,0,3.343,2.0030555555555556,0.2875,18.047661780835575
2016-05-19 01:25:03,2016-05-19 12:16:52,2016-05-19 01:33:05,2016-05-19 10:52:08,1.0658333333333334,382,3,0,9.317,0.1338888888888889,1.4122222222222223,13.666773997352509
2016-05-19 03:13:21,2016-05-19 09:41:22,2016-05-19 04:31:30,2016-05-19 09:24:46,1.805,120,2,0,4.888,1.3025,0.27666666666666667,12.274959083469723
2016-05-19 05:16:22,2016-05-20 00:19:36,2016-05-19 06:02:33,2016-05-19 23:00:57,2.0502777777777776,2289,6,2,16.973,0.7697222222222222,1.3108333333333333,22.47687503682319
2016-05-19 07:19:01,2016-05-19 18:25:10,2016-05-19 07:30:42,2016-05-19 18:03:46,2.0441666666666665,1125,5,1,10.551,0.1947222222222222,0.3566666666666667,21.324992891669034
2016-05-19 08:11:00,2016-05-20 08:13:29,2016-05-19 09:57:20,2016-05-20 06:17:57,0.8663888888888889,1414,5,1,20.344,1.7722222222222221,1.9255555555555555,13.900904443570585
2016-05-19 08:24:51,2016-05-19 15:09:24,2016-05-19 08:34:44,2016-05-19 14:41:31,0.23083333333333333,209,2,0,6.113,0.16472222222222221,0.4647222222222222,17.094716178635693
2016-05-19 08:53:19,2016-05-20 08:20:02,2016-05-19 09:34:32,2016-05-20 05:24:10,0.47444444444444445,3097,7,3,19.827,0.6869444444444445,2.931111111111111,22.31444855139816
2016-05-19 09:21:09,2016-05-19 12:42:28,2016-05-19 09:43:46,2016-05-19 11:32:03,0.4638888888888889,79,4,0,1.805,0.37694444444444447,1.1736111111111112,10.941828254847646
2016-05-19 09:49:10,2016-05-19 13:57:59,2016-05-19 10:27:11,2016-05-19 13:19:51,0.46694444444444444,164,3,0,2.878,0.6336111111111111,0.6355555555555555,18.994672226082926
2016-05-19 15:26:34,2016-05-20 08:18:23,2016-05-19 16:08:52,2016-05-20 07:11:46,5.623333333333333,1121,5,1,15.048,0.705,1.1102777777777777,14.8989898989899
2016-05-19 15:46:57,2016-05-20 10:21:53,2016-05-19 16:11:52,2016-05-20 08:44:31,0.3397222222222222,2210,6,2,16.544,0.4152777777777778,1.6227777777777779,22.26386202450032
2016-05-19 16:21:50,2016-05-20 06:44:08,2016-05-19 18:22:14,2016-05-20 06:03:44,0.5813888888888888,1224,5,1,11.692,2.006666666666667,0.6733333333333333,20.937393089291824
2016-05-19 17:19:10,2016-05-20 18:30:22,2016-05-19 17:36:36,2016-05-20 17:19:36,0.9555555555555556,2014,6,2,23.717,0.29055555555555557,1.1794444444444445,14.152998552374529
2016-05-19 20:50:17,2016-05-21 20:06:15,2016-05-19 22:03:17,2016-05-21 17:55:08,3.518611111111111,5338,9,5,43.864,1.2166666666666666,2.185277777777778,13.521591991407787
2016-05-19 20:52:39,2016-05-20 22:58:04,2016-05-19 22:56:13,2016-05-20 22:16:18,0.03944444444444444,2456,6,2,23.335,2.0594444444444444,0.6961111111111111,17.541604171130636
2016-05-19 22:04:45,2016-05-20 15:24:22,2016-05-19 22:20:43,2016-05-20 13:48:43,1.2016666666666667,1148,5,1,15.467,0.26611111111111113,1.5941666666666667,14.84450766147281
2016-05-20 00:01:21,2016-05-20 18:49:01,2016-05-20 00:08:10,2016-05-20 18:28:32,1.9433333333333334,2234,6,2,18.339,0.11361111111111111,0.3413888888888889,20.302815493392952
2016-05-20 01:34:47,2016-05-20 06:55:51,2016-05-20 02:08:14,2016-05-20 04:21:05,1.5572222222222223,93,3,0,2.214,0.5575,2.5794444444444444,14.001806684733515
2016-05-20 03:06:44,2016-05-21 13:23:30,2016-05-20 03:34:27,2016-05-21 12:53:37,1.5325,5243,8,5,33.319,0.46194444444444444,0.49805555555555553,19.669707974429002
2016-05-20 03:59:58,2016-05-20 09:47:32,2016-05-20 04:41:10,2016-05-20 07:53:08,0.8872222222222222,201,3,0,3.2,0.6866666666666666,1.9066666666666667,20.937499999999996
2016-05-20 05:29:23,2016-05-20 13:43:04,2016-05-20 06:05:37,2016-05-20 11:39:12,1.4902777777777778,342,3,0,5.56,0.6038888888888889,2.0644444444444443,20.503597122302157
2016-05-20 14:59:36,2016-05-21 12:20:21,2016-05-20 16:39:22,2016-05-21 11:46:20,9.50361111111111,2222,6,2,19.116,1.6627777777777777,0.5669444444444445,19.372951105531143
2016-05-20 16:03:49,2016-05-21 09:13:31,2016-05-20 16:22:35,2016-05-21 08:52:19,1.0702777777777779,1089,5,1,16.496,0.31277777777777777,0.35333333333333333,13.203200775945685
2016-05-20 22:19:21,2016-05-21 09:43:12,2016-05-21 00:03:22,2016-05-21 09:30:46,6.2588888888888885,1204,5,1,9.457,1.7336111111111112,0.20722222222222222,25.46262028127313
2016-05-20 23:55:04,2016-05-22 00:35:58,2016-05-21 01:08:47,2016-05-22 00:23:38,1.5952777777777778,2077,6,2,23.248,1.228611111111111,0.20555555555555555,14.890169763707272
2016-05-21 03:01:58,2016-05-21 06:52:32,2016-05-21 03:11:35,2016-05-21 06:15:37,3.115,252,4,0,3.067,0.16027777777777777,0.6152777777777778,20.54124551679165
2016-05-21 03:17:41,2016-05-21 19:51:58,2016-05-21 03:52:22,2016-05-21 19:04:06,0.2619444444444444,2527,6,2,15.195,0.5780555555555555,0.7977777777777778,27.71745091587145
2016-05-21 09:20:42,2016-05-22 14:14:12,2016-05-21 09:34:20,2016-05-22 13:09:25,6.050277777777778,3374,6,3,27.585,0.22722222222222221,1.0797222222222222,20.38547519787324
2016-05-21 16:02:08,2016-05-22 10:09:05,2016-05-21 17:13:43,2016-05-22 07:03:27,6.690555555555555,1215,4,1,13.829,1.1930555555555555,3.093888888888889,21.964711837443055
2016-05-21 16:46:20,2016-05-22 01:08:21,2016-05-21 18:01:58,2016-05-22 00:33:18,0.7366666666666667,128,2,0,6.522,1.2605555555555557,0.5841666666666666,9.812940815700705
2016-05-21 20:11:24,2016-05-22 05:11:13,2016-05-21 20:44:18,2016-05-22 04:45:14,3.417777777777778,236,3,0,8.016,0.5483333333333333,0.4330555555555556,9.813705921490351
2016-05-21 20:46:20,2016-05-22 16:28:50,2016-05-21 21:49:18,2016-05-22 16:13:37,0.5822222222222222,2110,6,2,18.405,1.0494444444444444,0.2536111111111111,19.10712668658879
2016-05-22 00:58:26,2016-05-23 11:17:59,2016-05-22 01:06:29,2016-05-23 09:50:42,4.201666666666667,5301,9,5,32.737,0.13416666666666666,1.4547222222222222,17.99187463726059
2016-05-22 01:17:12,2016-05-23 07:40:25,2016-05-22 01:42:52,2016-05-23 00:24:52,0.31277777777777777,1266,6,1,22.7,0.42777777777777776,7.259166666666666,9.295154185022028
2016-05-22 04:33:40,2016-05-22 10:13:00,2016-05-22 05:44:29,2016-05-22 09:11:52,3.2744444444444443,325,3,0,3.456,1.1802777777777778,1.018888888888889,31.34645061728395
2016-05-22 08:04:04,2016-05-22 19:20:23,2016-05-22 08:22:15,2016-05-22 18:41:08,3.506666666666667,1234,5,1,10.315,0.3030555555555556,0.6541666666666667,23.926320891904993
2016-05-22 12:11:53,2016-05-23 04:37:24,2016-05-22 12:27:23,2016-05-23 04:08:52,4.130277777777778,1151,4,1,15.691,0.25833333333333336,0.47555555555555556,18.338538015422852
2016-05-22 12:35:21,2016-05-22 20:12:55,2016-05-22 14:02:09,2016-05-22 16:55:27,0.39111111111111113,168,3,0,2.888,1.4466666666666668,3.2911111111111113,19.390581717451525
2016-05-22 15:22:59,2016-05-23 09:04:44,2016-05-22 16:30:36,2016-05-23 08:39:30,2.793888888888889,1108,5,1,16.148,1.1269444444444445,0.42055555555555557,13.72306167946495
2016-05-22 17:50:10,2016-05-22 22:54:07,2016-05-22 18:21:35,2016-05-22 22:00:50,2.4530555555555558,300,4,0,3.654,0.5236111111111111,0.8880555555555556,20.525451559934318
2016-05-22 18:26:48,2016-05-23 11:29:34,2016-05-22 23:19:32,2016-05-23 10:49:56,0.6105555555555555,1094,5,1,11.507,4.878888888888889,0.6605555555555556,19.01451290518815
2016-05-22 20:25:40,2016-05-23 07:27:13,2016-05-22 20:38:53,2016-05-23 06:38:55,1.981111111111111,285,2,0,10.001,0.22027777777777777,0.805,14.248575142485752
2016-05-23 01:51:00,2016-05-23 06:29:34,2016-05-23 03:04:53,2016-05-23 05:29:39,5.4222222222222225,123,3,0,2.413,1.2313888888888889,0.9986111111111111,16.99129714048902
2016-05-23 02:11:16,2016-05-23 21:53:16,2016-05-23 02:43:56,2016-05-23 21:27:31,0.3377777777777778,440,2,0,18.727,0.5444444444444444,0.42916666666666664,11.747743899182998
2016-05-23 05:25:04,2016-05-23 20:12:15,2016-05-23 08:31:21,2016-05-23 19:52:24,3.23,1269,6,1,11.351,3.104722222222222,0.3308333333333333,18.632719584177604
2016-05-23 09:05:12,2016-05-23 15:54:56,2016-05-23 09:47:52,2016-05-23 15:16:23,3.668888888888889,285,3,0,5.475,0.7111111111111111,0.6425,17.351598173515985
2016-05-23 12:05:58,2016-05-23 21:56:22,2016-05-23 12:26:34,2016-05-23 21:26:48,3.012777777777778,1039,4,1,9.004,0.3433333333333333,0.49277777777777776,28.84828964904487
2016-05-23 14:13:18,2016-05-23 18:05:13,2016-05-23 14:38:16,2016-05-23 17:15:36,2.1222222222222222,171,3,0,2.622,0.4161111111111111,0.8269444444444445,21.73913043478261
2016-05-23 23:27:00,2016-05-24 08:13:03,2016-05-24 00:12:32,2016-05-24 07:40:13,9.228333333333333,490,3,0,7.461,0.7588888888888888,0.5472222222222223,21.891614171469417
2016-05-23 23:50:11,2016-05-24 11:21:16,2016-05-24 01:04:48,2016-05-24 09:18:56,0.3863888888888889,332,2,0,8.235,1.243611111111111,2.0388888888888888,20.157862780813602
2016-05-24 01:05:46,2016-05-24 15:45:47,2016-05-24 01:33:41,2016-05-24 13:40:44,1.2597222222222222,1059,4,1,12.117,0.4652777777777778,2.0841666666666665,21.84946769002228
2016-05-24 02:31:53,2016-05-24 22:50:05,2016-05-24 04:02:50,2016-05-24 21:10:00,1.4352777777777779,2131,7,2,17.12,1.5158333333333334,1.6680555555555556,17.78204272363151
2016-05-24 03:19:03,2016-05-24 14:54:17,2016-05-24 04:09:40,2016-05-24 14:03:43,0.7861111111111111,1091,5,1,9.901,0.8436111111111111,0.8427777777777777,22.03817796182204
2016-05-24 04:34:44,2016-05-25 08:17:48,2016-05-24 04:42:40,2016-05-25 04:39:42,1.261388888888889,2349,6,2,23.951,0.1322222222222222,3.635,16.34587282368168
2016-05-24 05:06:56,2016-05-24 13:29:50,2016-05-24 05:39:54,2016-05-24 12:27:04,0.5366666666666666,428,3,0,6.786,0.5494444444444444,1.0461111111111112,21.023676196089994
2016-05-24 06:54:40,2016-05-24 14:41:22,2016-05-24 08:52:39,2016-05-24 12:53:14,1.7955555555555556,93,2,0,4.01,1.966388888888889,1.8022222222222222,11.596009975062344
2016-05-24 08:08:55,2016-05-24 11:11:27,2016-05-24 08:29:29,2016-05-24 10:04:24,1.2375,89,3,0,1.582,0.3427777777777778,1.1175,18.752633796881582
2016-05-24 09:27:58,2016-05-24 20:00:00,2016-05-24 11:24:30,2016-05-24 19:16:04,1.3175,422,3,0,7.859,1.9422222222222223,0.7322222222222222,17.89879967765195
2016-05-24 12:20:31,2016-05-24 19:07:38,2016-05-24 12:44:40,2016-05-24 18:28:56,2.8758333333333335,422,3,0,5.738,0.4025,0.645,24.5149297083769
2016-05-24 15:07:12,2016-05-25 13:25:17,2016-05-24 15:33:17,2016-05-25 11:24:45,2.7780555555555555,441,1,0,19.858,0.43472222222222223,2.008888888888889,22.207674488870982
2016-05-24 17:31:02,2016-05-25 04:49:09,2016-05-24 18:00:42,2016-05-25 03:37:38,2.397222222222222,1209,6,1,9.615,0.49444444444444446,1.1919444444444445,20.95683827353094
2016-05-24 18:24:19,2016-05-25 02:28:24,2016-05-24 19:09:25,2016-05-25 01:04:04,0.8880555555555556,201,2,0,5.911,0.7516666666666667,1.4055555555555554,17.00219928946033
2016-05-24 18:26:46,2016-05-25 00:17:28,2016-05-24 19:09:06,2016-05-24 23:22:56,0.04083333333333333,266,4,0,4.231,0.7055555555555556,0.9088888888888889,15.717324509572206
2016-05-24 20:13:41,2016-05-25 09:00:49,2016-05-24 20:44:30,2016-05-25 07:57:00,1.7819444444444446,1227,5,1,11.208,0.5136111111111111,1.063611111111111,21.89507494646681
2016-05-24 22:01:27,2016-05-25 13:28:04,2016-05-24 22:37:17,2016-05-25 12:36:12,1.7961111111111112,631,3,0,13.982,0.5972222222222222,0.8644444444444445,15.043150717589283
2016-05-25 01:32:39,2016-05-25 22:56:16,2016-05-25 03:28:50,2016-05-25 22:35:26,3.52,1407,7,1,19.11,1.936388888888889,0.3472222222222222,10.518053375196233
2016-05-25 01:58:00,2016-05-25 21:45:04,2016-05-25 02:23:12,2016-05-25 21:30:10,0.4225,2224,6,2,19.116,0.42,0.24833333333333332,19.390388505266095
2016-05-25 02:08:54,2016-05-26 01:22:32,2016-05-25 02:19:25,2016-05-25 22:24:51,0.18166666666666667,3446,8,3,20.09,0.17527777777777778,2.961388888888889,21.44101543056247
2016-05-25 02:41:36,2016-05-26 13:45:15,2016-05-25 03:35:49,2016-05-26 12:56:58,0.545,4129,8,4,33.352,0.9036111111111111,0.8047222222222222,15.47508395298633
2016-05-25 06:38:44,2016-05-25 19:08:07,2016-05-25 06:58:11,2016-05-25 18:14:02,3.9522222222222223,1151,5,1,11.264,0.32416666666666666,0.9013888888888889,20.436789772727277
2016-05-25 08:36:33,2016-05-26 01:11:48,2016-05-25 09:17:07,2016-05-26 00:18:09,1.9636111111111112,2350,6,2,15.017,0.6761111111111111,0.8941666666666667,26.08155201882311
2016-05-25 11:19:20,2016-05-27 02:52:13,2016-05-25 12:10:26,2016-05-27 02:24:02,2.7130555555555556,4296,8,4,38.227,0.8516666666666667,0.4697222222222222,14.047662646820312
2016-05-25 21:09:40,2016-05-26 20:04:59,2016-05-25 22:43:01,2016-05-26 19:15:47,9.838888888888889,1232,4,1,20.546,1.5558333333333334,0.82,14.990752457899347
2016-05-26 03:08:58,2016-05-27 20:25:31,2016-05-26 03:53:20,2016-05-27 19:50:13,5.988333333333333,4393,7,4,39.948,0.7394444444444445,0.5883333333333334,15.709708335121372
2016-05-26 06:58:16,2016-05-27 13:01:54,2016-05-26 07:10:51,2016-05-27 12:24:01,3.8216666666666668,3069,7,3,29.219,0.20972222222222223,0.6313888888888889,15.004913632518956
2016-05-26 07:35:06,2016-05-27 17:26:09,2016-05-26 07:51:26,2016-05-27 16:53:21,0.6138888888888889,2474,6,2,33.032,0.2722222222222222,0.5466666666666666,12.482844918059257
2016-05-26 09:02:32,2016-05-26 19:09:44,2016-05-26 09:21:49,2016-05-26 18:23:16,1.4572222222222222,1104,5,1,9.024,0.3213888888888889,0.7744444444444445,24.46808510638298
2016-05-26 10:13:31,2016-05-27 00:24:34,2016-05-26 11:20:32,2016-05-26 23:24:35,1.1830555555555555,1045,4,1,12.067,1.1169444444444445,0.9997222222222222,21.649954421148585
2016-05-26 10:24:02,2016-05-26 20:09:05,2016-05-26 10:46:59,2016-05-26 19:16:29,0.17527777777777778,1142,7,1,8.492,0.3825,0.8766666666666667,19.21135858959693
2016-05-26 12:55:57,2016-05-27 13:52:52,2016-05-26 14:27:23,2016-05-27 11:38:40,2.5319444444444446,1472,4,1,21.188,1.5238888888888888,2.236666666666667,17.368321691523505
2016-05-26 14:18:44,2016-05-26 22:30:22,2016-05-26 14:28:45,2016-05-26 20:43:53,1.3797222222222223,336,3,0,6.252,0.16694444444444445,1.7747222222222223,17.914267434420985
2016-05-26 14:51:38,2016-05-26 23:40:06,2016-05-26 15:06:16,2016-05-26 23:15:43,0.5483333333333333,316,2,0,8.158,0.24388888888888888,0.4063888888888889,19.367492032360875
2016-05-26 17:31:16,2016-05-27 09:16:01,2016-05-26 18:13:03,2016-05-27 06:44:46,2.6605555555555553,1399,6,1,12.529,0.6963888888888888,2.5208333333333335,18.610157767313165
2016-05-26 23:08:51,2016-05-27 20:48:42,2016-05-27 00:38:11,2016-05-27 19:08:52,5.626388888888889,1706,5,1,18.511,1.488888888888889,1.663888888888889,18.432283507103886
2016-05-26 23:15:14,2016-05-27 02:48:54,2016-05-27 01:02:40,2016-05-27 02:24:29,0.1063888888888889,70,3,0,1.364,1.7905555555555555,0.40694444444444444,17.10654936461388
2016-05-27 03:42:35,2016-05-27 07:58:41,2016-05-27 04:05:17,2016-05-27 07:06:40,4.4558333333333335,213,3,0,3.023,0.37833333333333335,0.8669444444444444,23.486602712537213
2016-05-27 09:32:38,2016-05-27 14:02:56,2016-05-27 10:16:04,2016-05-27 13:10:19,5.8341666666666665,173,3,0,2.904,0.7238888888888889,0.8769444444444444,19.857667584940312
2016-05-27 10:09:24,2016-05-27 22:33:37,2016-05-27 10:53:43,2016-05-27 22:05:09,0.6127777777777778,1446,5,1,11.191,0.7386111111111111,0.47444444444444445,25.84219462067733
2016-05-27 10:56:16,2016-05-28 04:52:50,2016-05-27 11:17:22,2016-05-28 03:54:16,0.7811111111111111,2164,5,2,16.615,0.3516666666666667,0.9761111111111112,26.04875112849835
2016-05-27 15:47:07,2016-05-28 05:02:38,2016-05-27 16:01:06,2016-05-28 04:26:05,4.8475,648,2,0,12.416,0.23305555555555554,0.6091666666666666,26.09536082474227
2016-05-27 22:05:06,2016-05-28 14:55:21,2016-05-27 23:38:57,2016-05-28 13:42:34,6.299722222222222,1376,5,1,14.06,1.5641666666666667,1.2130555555555556,19.57325746799431
2016-05-27 22:56:13,2016-05-28 12:25:40,2016-05-27 22:59:28,2016-05-28 11:52:26,0.8519444444444444,325,2,0,12.883,0.05416666666666667,0.5538888888888889,12.613521695257317
2016-05-27 23:16:10,2016-05-28 08:55:59,2016-05-27 23:24:42,2016-05-28 07:29:54,0.3325,269,2,0,8.087,0.14222222222222222,1.4347222222222222,16.63163101273649
2016-05-28 02:46:03,2016-05-28 07:14:53,2016-05-28 03:38:13,2016-05-28 06:53:59,3.4980555555555557,324,3,0,3.263,0.8694444444444445,0.34833333333333333,33.0983757278578
2016-05-28 04:14:10,2016-05-28 13:38:32,2016-05-28 07:15:30,2016-05-28 12:44:05,1.468611111111111,358,3,0,5.476,3.022222222222222,0.9075,21.79206233260287
2016-05-28 04:27:00,2016-05-28 20:19:32,2016-05-28 05:01:15,2016-05-28 19:52:03,0.21388888888888888,1391,6,1,14.847,0.5708333333333333,0.45805555555555555,15.61482678880133
2016-05-28 08:29:47,2016-05-28 10:41:03,2016-05-28 08:49:53,2016-05-28 10:04:18,4.046388888888889,123,3,0,1.24,0.335,0.6125,33.06451612903226
2016-05-28 08:38:13,2016-05-28 22:47:53,2016-05-28 08:54:13,2016-05-28 18:18:17,0.14055555555555554,1395,6,1,9.401,0.26666666666666666,4.493333333333333,24.73141155196256
2016-05-28 09:54:52,2016-05-29 11:10:12,2016-05-28 10:11:45,2016-05-29 09:35:27,1.2775,1383,6,1,23.395,0.2813888888888889,1.5791666666666666,9.852532592434281
2016-05-28 11:18:51,2016-05-29 09:08:29,2016-05-28 11:44:49,2016-05-29 07:54:36,1.3997222222222223,3231,8,3,20.163,0.43277777777777776,1.2313888888888889,20.03050141348014
2016-05-28 13:11:00,2016-05-29 18:52:31,2016-05-28 14:10:04,2016-05-29 18:06:50,1.8691666666666666,3254,8,3,27.946,0.9844444444444445,0.7613888888888889,14.55485579331568
2016-05-28 13:45:31,2016-05-28 20:25:58,2016-05-28 14:14:58,2016-05-28 18:09:32,0.5752777777777778,157,2,0,3.909,0.49083333333333334,2.273888888888889,20.0818623688923
2016-05-28 14:48:53,2016-05-29 04:08:39,2016-05-28 15:16:03,2016-05-29 01:55:48,1.056111111111111,675,3,0,10.663,0.4527777777777778,2.214166666666667,21.101003469942793
2016-05-28 14:48:58,2016-05-29 21:17:47,2016-05-28 15:12:14,2016-05-29 20:23:01,0.001388888888888889,4191,8,4,29.18,0.3877777777777778,0.9127777777777778,17.953221384509938
2016-05-28 17:14:44,2016-05-30 01:48:19,2016-05-28 17:41:09,2016-05-30 00:33:11,2.4294444444444445,3289,7,3,30.867,0.44027777777777777,1.2522222222222221,15.221989271945535
2016-05-28 17:40:52,2016-05-30 10:02:30,2016-05-28 18:04:47,2016-05-30 08:10:24,0.43555555555555553,2658,5,2,38.094,0.39861111111111114,1.8683333333333334,13.95495353598992
2016-05-28 23:41:13,2016-05-29 13:21:56,2016-05-28 23:52:03,2016-05-29 11:54:24,6.005833333333333,1257,6,1,12.039,0.18055555555555555,1.458888888888889,17.40177755627544
2016-05-29 00:06:15,2016-05-30 00:24:12,2016-05-29 01:53:00,2016-05-29 23:42:10,0.4172222222222222,3269,7,3,21.819,1.7791666666666666,0.7005555555555556,21.403364040515147
2016-05-29 01:25:53,2016-05-29 20:32:39,2016-05-29 01:42:12,2016-05-29 19:27:36,1.3272222222222223,566,2,0,17.756,0.27194444444444443,1.0841666666666667,15.938274386123
2016-05-29 02:45:52,2016-05-29 19:25:56,2016-05-29 03:11:04,2016-05-29 18:52:04,1.3330555555555557,1175,5,1,15.683,0.42,0.5644444444444444,14.984377988905186
2016-05-29 05:12:40,2016-05-30 08:18:08,2016-05-29 05:41:13,2016-05-30 05:59:07,2.4466666666666668,1359,5,1,24.298,0.47583333333333333,2.3169444444444443,11.186105852333526
2016-05-29 06:01:24,2016-05-29 18:37:48,2016-05-29 07:06:58,2016-05-29 18:08:36,0.8122222222222222,1317,5,1,11.027,1.0927777777777778,0.4866666666666667,23.886823252017777
2016-05-29 08:34:56,2016-05-30 00:15:54,2016-05-29 08:59:49,2016-05-29 23:45:57,2.5588888888888888,1444,5,1,14.769,0.4147222222222222,0.49916666666666665,19.554472205294875
2016-05-29 13:37:21,2016-05-30 05:05:50,2016-05-29 13:49:56,2016-05-30 01:48:27,5.040277777777778,1127,5,1,11.975,0.20972222222222223,3.289722222222222,18.822546972860124
2016-05-29 16:08:52,2016-05-30 02:17:09,2016-05-29 16:25:41,2016-05-30 01:22:02,2.5252777777777777,1308,6,1,8.939,0.2802777777777778,0.9186111111111112,24.387515382033783
2016-05-29 17:34:41,2016-05-30 03:22:24,2016-05-29 18:15:57,2016-05-30 02:41:03,1.4302777777777778,1076,5,1,8.418,0.6877777777777778,0.6891666666666667,25.56426704680447
2016-05-29 22:44:45,2016-05-30 15:44:54,2016-05-29 23:05:59,2016-05-30 14:18:05,5.167777777777777,2177,5,2,15.202,0.35388888888888886,1.4469444444444444,28.64096829364557
2016-05-29 22:45:17,2016-05-30 14:14:46,2016-05-29 23:17:19,2016-05-30 12:48:47,0.008888888888888889,1306,5,1,13.524,0.5338888888888889,1.4330555555555555,19.313812481514347
2016-05-30 02:10:24,2016-05-30 10:35:43,2016-05-30 02:20:49,2016-05-30 06:23:10,3.4186111111111113,188,3,0,4.039,0.1736111111111111,4.2091666666666665,15.515391598580507
2016-05-30 06:07:42,2016-05-30 22:25:37,2016-05-30 07:11:41,2016-05-30 21:33:45,3.955,414,3,0,14.368,1.0663888888888888,0.8644444444444445,9.60467706013363
2016-05-30 22:22:27,2016-05-31 10:34:01,2016-05-30 23:01:22,2016-05-31 09:16:26,16.245833333333334,1149,5,1,10.251,0.6486111111111111,1.2930555555555556,22.41732513901083
2016-05-31 01:25:50,2016-05-31 12:22:01,2016-05-31 02:50:56,2016-05-31 10:54:42,3.056388888888889,266,2,0,8.063,1.4183333333333332,1.4552777777777777,16.49510107900285
2016-05-31 07:36:37,2016-05-31 18:11:51,2016-05-31 07:54:00,2016-05-31 17:54:08,6.179722222222222,291,2,0,10.002,0.2897222222222222,0.29527777777777775,14.547090581883623
2016-05-31 09:41:51,2016-05-31 18:51:47,2016-05-31 11:12:24,2016-05-31 17:56:46,2.087222222222222,216,2,0,6.739,1.5091666666666668,0.9169444444444445,16.026116634515507
2016-05-31 15:18:02,2016-06-01 03:05:03,2016-05-31 15:39:17,2016-06-01 01:52:24,5.603055555555556,1150,5,1,10.218,0.3541666666666667,1.2108333333333334,22.509297318457623
2016-05-31 17:23:32,2016-05-31 21:23:29,2016-05-31 18:09:10,2016-05-31 21:05:21,2.091666666666667,138,3,0,2.936,0.7605555555555555,0.3022222222222222,15.66757493188011
2016-05-31 19:44:54,2016-05-31 23:27:55,2016-05-31 20:22:51,2016-05-31 22:40:36,2.3561111111111113,63,2,0,2.296,0.6325,0.7886111111111112,13.719512195121952
2016-05-31 20:44:07,2016-06-01 05:58:39,2016-05-31 21:23:42,2016-06-01 05:10:05,0.9869444444444444,1135,6,1,7.773,0.6597222222222222,0.8094444444444444,24.336378060808784
2016-05-31 21:38:37,2016-06-01 22:54:27,2016-05-31 22:31:15,2016-06-01 22:05:43,0.9083333333333333,1275,4,1,23.574,0.8772222222222222,0.8122222222222222,13.521252227029777
2016-05-31 21:40:15,2016-06-01 13:09:09,2016-05-31 21:58:00,2016-06-01 12:43:34,0.02722222222222222,1545,5,1,14.759,0.29583333333333334,0.4263888888888889,20.936377803374214
2016-05-31 23:25:35,2016-06-02 00:06:10,2016-05-31 23:37:34,2016-06-01 23:31:45,1.7555555555555555,3022,7,3,23.903,0.19972222222222222,0.5736111111111111,18.06109215221042
2016-06-01 01:04:43,2016-06-01 15:17:57,2016-06-01 01:36:19,2016-06-01 15:02:15,1.6522222222222223,1237,5,1,13.432,0.5266666666666666,0.26166666666666666,18.41870160810006
2016-06-01 01:18:29,2016-06-01 09:14:29,2016-06-01 02:40:36,2016-06-01 08:40:42,0.22944444444444445,397,3,0,6.002,1.368611111111111,0.5630555555555555,22.04820615350439
2016-06-01 02:39:21,2016-06-01 08:48:18,2016-06-01 03:59:35,2016-06-01 06:28:31,1.3477777777777777,205,4,0,2.482,1.3372222222222223,2.3297222222222222,20.648670427074936
2016-06-01 02:43:37,2016-06-01 13:11:08,2016-06-01 03:38:43,2016-06-01 07:35:16,0.07111111111111111,239,3,0,3.942,0.9183333333333333,5.597777777777778,20.209707424319294
2016-06-01 05:16:06,2016-06-01 15:58:57,2016-06-01 06:05:51,2016-06-01 14:42:48,2.5413888888888887,363,2,0,8.616,0.8291666666666667,1.2691666666666668,21.065459610027855
2016-06-01 05:24:25,2016-06-02 09:40:24,2016-06-01 05:45:21,2016-06-02 09:17:46,0.1386111111111111,2403,5,2,27.54,0.3488888888888889,0.37722222222222224,17.450980392156865
2016-06-01 08:51:15,2016-06-01 20:32:05,2016-06-01 09:13:13,2016-06-01 19:53:49,3.4472222222222224,1220,5,1,10.677,0.3661111111111111,0.6377777777777778,22.85286129062471
2016-06-01 10:35:14,2016-06-01 16:57:43,2016-06-01 10:59:56,2016-06-01 16:21:28,1.7330555555555556,227,3,0,5.359,0.4116666666666667,0.6041666666666666,14.119549667226474
2016-06-01 11:03:40,2016-06-02 10:45:46,2016-06-01 11:43:47,2016-06-02 09:30:35,0.4738888888888889,3484,7,3,21.78,0.6686111111111112,1.2530555555555556,22.851895579168307
2016-06-01 19:58:55,2016-06-02 18:20:05,2016-06-01 21:22:18,2016-06-02 17:39:05,8.920833333333333,4290,9,4,20.28,1.3897222222222223,0.6833333333333333,23.504273504273502
2016-06-01 22:56:22,2016-06-02 03:45:42,2016-06-02 00:08:35,2016-06-02 03:23:36,2.9575,253,3,0,3.25,1.2036111111111112,0.36833333333333335,25.94871794871795
2016-06-01 23:07:00,2016-06-02 14:35:33,2016-06-01 23:40:18,2016-06-02 13:43:34,0.17722222222222223,1099,5,1,14.054,0.555,0.8663888888888889,15.639675537213606
2016-06-02 00:34:38,2016-06-02 16:42:59,2016-06-02 01:34:46,2016-06-02 15:45:09,1.4605555555555556,1081,5,1,14.173,1.0022222222222221,0.9638888888888889,15.254356875749666
2016-06-02 06:42:57,2016-06-02 10:15:38,2016-06-02 07:17:20,2016-06-02 09:35:30,6.1386111111111115,174,3,0,2.303,0.5730555555555555,0.6688888888888889,25.18454190186713
2016-06-02 07:04:30,2016-06-03 02:21:57,2016-06-02 08:07:42,2016-06-03 01:50:07,0.3591666666666667,1669,5,1,17.707,1.0533333333333332,0.5305555555555556,18.851301745072572
2016-06-02 07:23:46,2016-06-03 09:36:11,2016-06-02 08:58:44,2016-06-03 09:09:51,0.3211111111111111,4146,7,4,24.185,1.5827777777777778,0.4388888888888889,24.48979591836735
2016-06-02 09:03:15,2016-06-03 17:15:46,2016-06-02 10:10:49,2016-06-03 16:16:13,1.6580555555555556,4075,8,4,30.09,1.126111111111111,0.9925,16.928381522100366
2016-06-02 12:28:06,2016-06-02 20:50:53,2016-06-02 12:42:10,2016-06-02 20:25:48,3.4141666666666666,587,4,0,7.727,0.23444444444444446,0.41805555555555557,18.99184677106251
2016-06-02 12:34:15,2016-06-03 06:16:20,2016-06-02 13:53:44,2016-06-03 04:59:13,0.1025,1231,5,1,15.091,1.3247222222222221,1.2852777777777777,16.31435955205089
2016-06-02 19:00:11,2016-06-03 06:09:15,2016-06-02 19:39:20,2016-06-03 05:50:32,6.432222222222222,392,3,0,10.187,0.6525,0.31194444444444447,12.826805405582277
2016-06-02 19:33:28,2016-06-03 06:52:48,2016-06-02 19:52:19,2016-06-03 06:40:27,0.5547222222222222,1228,5,1,10.802,0.31416666666666665,0.20583333333333334,22.73653027217182
2016-06-02 20:34:50,2016-06-03 14:30:02,2016-06-02 21:52:33,2016-06-03 13:14:24,1.0227777777777778,320,1,0,15.364,1.2952777777777778,1.2605555555555557,20.827909398594116
2016-06-02 23:55:45,2016-06-03 23:37:41,2016-06-03 00:11:23,2016-06-03 23:04:51,3.348611111111111,1559,5,1,22.891,0.26055555555555554,0.5472222222222223,13.621073784456776
2016-06-03 01:02:33,2016-06-03 07:38:28,2016-06-03 02:25:14,2016-06-03 07:07:19,1.1133333333333333,392,4,0,4.702,1.3780555555555556,0.5191666666666667,20.842194810718844
2016-06-03 01:35:26,2016-06-03 06:12:37,2016-06-03 02:00:01,2016-06-03 05:03:20,0.5480555555555555,135,3,0,3.055,0.4097222222222222,1.1547222222222222,14.729950900163665
2016-06-03 03:48:55,2016-06-04 03:06:00,2016-06-03 04:52:37,2016-06-04 02:49:45,2.2247222222222223,3091,8,3,21.952,1.0616666666666668,0.2708333333333333,17.600901967930028
2016-06-03 06:30:02,2016-06-03 17:03:24,2016-06-03 07:51:17,2016-06-03 15:21:06,2.685277777777778,535,3,0,7.497,1.3541666666666667,1.705,23.787292694855722
2016-06-03 06:47:49,2016-06-04 10:41:24,2016-06-03 07:30:56,2016-06-04 09:42:06,0.29638888888888887,1428,4,1,26.186,0.7186111111111111,0.9883333333333333,13.633239135415872
2016-06-03 10:44:14,2016-06-04 04:19:04,2016-06-03 11:45:05,2016-06-04 03:31:36,3.9402777777777778,1332,4,1,15.775,1.0141666666666667,0.7911111111111111,21.10935023771791
2016-06-03 10:52:23,2016-06-04 01:23:55,2016-06-03 11:16:45,2016-06-04 00:41:15,0.13583333333333333,1439,5,1,13.409,0.4061111111111111,0.7111111111111111,21.463196360653292
2016-06-03 13:13:28,2016-06-03 16:40:02,2016-06-03 14:03:07,2016-06-03 15:44:35,2.3513888888888888,106,3,0,1.691,0.8275,0.9241666666666667,20.89493396412379
2016-06-03 21:33:10,2016-06-04 08:03:07,2016-06-03 21:41:34,2016-06-04 05:18:38,8.328333333333333,425,3,0,7.618,0.14,2.741388888888889,18.59630699221143
2016-06-03 21:43:26,2016-06-04 22:34:21,2016-06-03 21:58:52,2016-06-04 21:55:42,0.1711111111111111,2265,5,2,23.947,0.25722222222222224,0.6441666666666667,18.91677454378419
2016-06-03 21:43:37,2016-06-04 09:02:42,2016-06-03 21:55:38,2016-06-04 08:17:40,0.0030555555555555557,1245,5,1,10.367,0.20027777777777778,0.7505555555555555,24.018520304813347
2016-06-04 02:23:43,2016-06-04 05:33:22,2016-06-04 02:52:45,2016-06-04 05:14:57,4.668333333333333,147,3,0,2.37,0.48388888888888887,0.30694444444444446,20.675105485232066
2016-06-04 04:43:31,2016-06-04 12:16:13,2016-06-04 05:30:28,2016-06-04 11:32:32,2.33,403,3,0,6.034,0.7825,0.7280555555555556,22.262733399624352
2016-06-04 08:43:37,2016-06-04 19:56:03,2016-06-04 08:55:15,2016-06-04 19:29:35,4.001666666666667,1226,5,1,10.572,0.1938888888888889,0.4411111111111111,23.193340900491865
2016-06-04 13:23:57,2016-06-05 00:08:44,2016-06-04 13:40:57,2016-06-04 22:33:35,4.6722222222222225,1118,6,1,8.877,0.2833333333333333,1.5858333333333334,20.99057489392062
2016-06-04 18:03:46,2016-06-05 01:03:36,2016-06-04 19:07:01,2016-06-04 23:58:00,4.663611111111111,404,4,0,4.85,1.0541666666666667,1.0933333333333333,20.824742268041238
2016-06-04 18:41:06,2016-06-05 17:37:26,2016-06-04 21:19:22,2016-06-05 15:43:46,0.6222222222222222,1181,4,1,18.407,2.637777777777778,1.8944444444444444,16.040093442712013
2016-06-04 19:41:02,2016-06-04 23:21:30,2016-06-04 20:38:25,2016-06-04 22:38:21,0.9988888888888889,164,4,0,1.999,0.9563888888888888,0.7191666666666666,20.51025512756378
2016-06-04 20:26:40,2016-06-05 00:23:20,2016-06-04 21:18:42,2016-06-04 23:04:45,0.7605555555555555,138,4,0,1.768,0.8672222222222222,1.3097222222222222,19.513574660633484
2016-06-04 20:59:25,2016-06-06 04:28:18,2016-06-05 00:06:31,2016-06-06 03:16:47,0.5458333333333333,7014,9,6,27.171,3.118333333333333,1.1919444444444445,28.68254143510851
2016-06-04 21:17:09,2016-06-05 16:32:10,2016-06-04 22:01:01,2016-06-05 15:24:40,0.29555555555555557,2378,7,2,17.394,0.7311111111111112,1.125,19.530544194221328
2016-06-04 22:18:12,2016-06-05 02:07:15,2016-06-04 22:52:25,2016-06-05 01:43:25,1.0175,104,2,0,2.85,0.5702777777777778,0.3972222222222222,18.24561403508772
2016-06-04 23:24:01,2016-06-05 02:12:45,2016-06-04 23:38:30,2016-06-05 01:56:21,1.0969444444444445,162,4,0,2.298,0.24138888888888888,0.2733333333333333,17.62402088772846
2016-06-04 23:35:40,2016-06-05 06:49:22,2016-06-05 00:00:55,2016-06-05 05:54:30,0.19416666666666665,568,4,0,5.893,0.42083333333333334,0.9144444444444444,24.096385542168676
2016-06-05 00:37:56,2016-06-05 21:31:51,2016-06-05 02:44:50,2016-06-05 19:40:36,1.0377777777777777,1235,5,1,16.929,2.115,1.8541666666666667,14.590347923681257
2016-06-05 01:48:36,2016-06-06 01:19:58,2016-06-05 03:50:23,2016-06-06 00:50:40,1.1777777777777778,1287,4,1,21.005,2.0297222222222224,0.48833333333333334,15.317781480599859
2016-06-05 04:11:39,2016-06-05 17:28:49,2016-06-05 04:22:58,2016-06-05 16:06:51,2.3841666666666668,1257,5,1,11.731,0.18861111111111112,1.366111111111111,21.430398090529366
2016-06-05 04:42:23,2016-06-05 12:14:24,2016-06-05 04:56:33,2016-06-05 11:22:54,0.5122222222222222,370,3,0,6.439,0.2361111111111111,0.8583333333333333,19.154112957498576
2016-06-05 11:07:13,2016-06-05 15:02:14,2016-06-05 11:20:57,2016-06-05 13:56:16,6.413888888888889,203,4,0,2.589,0.2288888888888889,1.0994444444444444,19.602162997296254
2016-06-05 15:23:11,2016-06-07 17:08:07,2016-06-05 15:29:27,2016-06-07 15:55:58,4.266111111111111,1725,3,1,48.442,0.10444444444444445,1.2025,11.869864993187731
2016-06-05 17:38:59,2016-06-06 12:03:43,2016-06-05 17:49:21,2016-06-06 09:01:28,2.263333333333333,1564,6,1,15.202,0.17277777777777778,3.0375,17.14686664035434
2016-06-05 21:02:44,2016-06-07 01:01:17,2016-06-05 21:32:11,2016-06-06 23:47:23,3.3958333333333335,3435,7,3,26.253,0.49083333333333334,1.2316666666666667,18.691741352008748
2016-06-06 04:41:09,2016-06-06 17:29:28,2016-06-06 05:13:51,2016-06-06 16:53:20,7.6402777777777775,500,2,0,11.658,0.545,0.6022222222222222,21.444501629782124
2016-06-06 08:13:32,2016-06-06 20:17:11,2016-06-06 08:45:16,2016-06-06 20:04:33,3.539722222222222,2216,7,2,11.321,0.5288888888888889,0.21055555555555555,27.963203654397013
2016-06-06 13:01:17,2016-06-07 04:34:40,2016-06-06 13:48:27,2016-06-07 03:41:58,4.795833333333333,1348,5,1,13.892,0.7861111111111111,0.8783333333333333,19.40685286495825
2016-06-06 13:54:50,2016-06-06 20:52:58,2016-06-06 14:13:04,2016-06-06 20:38:57,0.8925,209,2,0,6.431,0.3038888888888889,0.2336111111111111,16.249416886953817
2016-06-06 17:21:59,2016-06-07 01:34:52,2016-06-06 18:01:09,2016-06-07 01:19:26,3.4525,353,2,0,7.305,0.6527777777777778,0.25722222222222224,24.161533196440796
2016-06-06 19:47:59,2016-06-07 12:37:13,2016-06-06 21:01:23,2016-06-07 10:38:36,2.433333333333333,1509,5,1,13.62,1.2233333333333334,1.9769444444444444,22.158590308370044
2016-06-06 19:48:58,2016-06-07 17:06:42,2016-06-06 20:18:39,2016-06-07 13:30:44,0.01638888888888889,1594,5,1,17.201,0.49472222222222223,3.5994444444444444,18.53380617405965
2016-06-06 20:27:02,2016-06-07 13:24:03,2016-06-06 20:48:15,2016-06-07 12:38:11,0.6344444444444445,2347,7,2,15.832,0.3536111111111111,0.7644444444444445,21.177723236844002
2016-06-07 04:35:29,2016-06-07 09:38:02,2016-06-07 05:06:26,2016-06-07 08:59:45,8.140833333333333,292,3,0,3.889,0.5158333333333334,0.6380555555555556,25.027856346961517
2016-06-07 06:48:12,2016-06-07 12:49:39,2016-06-07 07:40:05,2016-06-07 12:23:47,2.2119444444444443,181,3,0,4.728,0.8647222222222222,0.4311111111111111,12.760857304004512
2016-06-07 09:20:01,2016-06-07 13:36:43,2016-06-07 09:32:27,2016-06-07 12:40:55,2.5302777777777776,167,3,0,3.141,0.20722222222222222,0.93,17.722593653825747
2016-06-07 11:40:28,2016-06-08 03:11:30,2016-06-07 12:32:33,2016-06-08 02:22:43,2.3408333333333333,2134,6,2,13.836,0.8680555555555556,0.8130555555555555,25.705888021586198
2016-06-07 14:28:06,2016-06-08 08:28:17,2016-06-07 16:06:34,2016-06-08 07:04:55,2.793888888888889,1366,6,1,14.972,1.6411111111111112,1.3894444444444445,15.206162614658474
2016-06-07 15:36:58,2016-06-07 23:45:48,2016-06-07 15:58:53,2016-06-07 22:52:28,1.1477777777777778,357,3,0,6.893,0.36527777777777776,0.8888888888888888,17.263890903815465
2016-06-07 15:45:16,2016-06-08 01:58:38,2016-06-07 16:05:35,2016-06-08 01:10:41,0.13833333333333334,1132,5,1,9.085,0.3386111111111111,0.7991666666666667,24.920198128783706
2016-06-07 17:15:31,2016-06-08 00:14:22,2016-06-07 17:31:21,2016-06-07 22:51:28,1.5041666666666667,428,4,0,5.335,0.2638888888888889,1.3816666666666666,20.05623242736645
2016-06-07 18:20:17,2016-06-08 16:52:09,2016-06-07 19:12:02,2016-06-08 14:37:48,1.0794444444444444,2446,6,2,19.429,0.8625,2.2391666666666667,20.982380290630847
2016-06-07 18:21:58,2016-06-08 01:42:22,2016-06-07 18:54:14,2016-06-08 01:01:34,0.028055555555555556,356,3,0,6.122,0.5377777777777778,0.68,19.383643689426115
2016-06-07 23:05:39,2016-06-08 05:43:06,2016-06-08 00:59:13,2016-06-08 04:50:53,4.728055555555556,277,3,0,3.861,1.8927777777777777,0.8702777777777778,23.91435724769058
2016-06-08 04:10:35,2016-06-08 09:55:35,2016-06-08 04:29:30,2016-06-08 08:21:43,5.082222222222223,265,3,0,3.87,0.31527777777777777,1.5644444444444445,22.825150732127476
2016-06-08 08:39:21,2016-06-09 00:38:28,2016-06-08 09:54:59,2016-06-08 19:16:35,4.479444444444445,283,2,0,9.36,1.2605555555555557,5.364722222222222,15.117521367521368
2016-06-08 08:50:43,2016-06-08 12:18:52,2016-06-08 08:59:00,2016-06-08 11:44:05,0.18944444444444444,225,4,0,2.752,0.13805555555555554,0.5797222222222222,20.439680232558143
2016-06-08 13:45:17,2016-06-08 23:59:21,2016-06-08 14:32:36,2016-06-08 23:38:34,4.9094444444444445,1350,6,1,9.099,0.7886111111111112,0.3463888888888889,24.72799208704253
2016-06-08 14:03:05,2016-06-08 16:24:25,2016-06-08 14:19:03,2016-06-08 15:18:13,0.2966666666666667,73,3,0,0.986,0.26611111111111113,1.1033333333333333,24.678837052062203
2016-06-08 15:39:27,2016-06-09 02:40:06,2016-06-08 16:58:41,2016-06-09 01:26:28,1.606111111111111,1148,6,1,8.463,1.3205555555555555,1.2272222222222222,22.60821615660326
2016-06-08 19:16:03,2016-06-09 12:47:39,2016-06-08 19:47:28,2016-06-09 11:54:50,3.61,2153,6,2,16.123,0.5236111111111111,0.8802777777777778,22.255990407078915
2016-06-08 19:38:58,2016-06-10 09:34:55,2016-06-08 20:56:19,2016-06-10 08:53:13,0.3819444444444444,7405,9,6,35.948,1.2891666666666666,0.695,22.887998714192104
2016-06-08 20:03:55,2016-06-08 23:12:04,2016-06-08 20:55:37,2016-06-08 22:47:03,0.41583333333333333,83,3,0,1.857,0.8616666666666667,0.41694444444444445,14.898581942200682
2016-06-08 22:23:26,2016-06-09 11:37:18,2016-06-08 23:08:17,2016-06-09 10:49:42,2.325277777777778,1283,7,1,11.69,0.7475,0.7933333333333333,15.678846388854943
2016-06-09 01:17:50,2016-06-10 18:44:10,2016-06-09 01:32:03,2016-06-10 17:53:12,2.9066666666666667,3561,7,3,40.353,0.23694444444444446,0.8494444444444444,12.606603863759466
2016-06-09 02:53:02,2016-06-10 11:38:27,2016-06-09 04:32:52,2016-06-10 11:29:01,1.5866666666666667,3323,7,3,30.936,1.663888888888889,0.15722222222222224,15.345044146440578
2016-06-09 02:59:07,2016-06-09 15:40:36,2016-06-09 03:13:03,2016-06-09 13:47:52,0.10138888888888889,1126,5,1,10.58,0.23222222222222222,1.8788888888888888,21.285444234404537
2016-06-09 03:43:36,2016-06-09 13:55:04,2016-06-09 03:55:33,2016-06-09 12:00:21,0.7413888888888889,1221,7,1,8.08,0.19916666666666666,1.9119444444444444,21.587694483734087
2016-06-09 05:50:20,2016-06-10 14:42:23,2016-06-09 06:59:49,2016-06-10 12:36:41,2.112222222222222,2795,7,2,29.614,1.1580555555555556,2.095,13.483005142355449
2016-06-09 07:38:31,2016-06-12 05:36:09,2016-06-09 08:11:01,2016-06-12 02:12:02,1.8030555555555556,1213,4,1,66.017,0.5416666666666666,3.4019444444444447,4.593513791902086
2016-06-09 08:31:51,2016-06-10 20:27:09,2016-06-09 08:46:25,2016-06-10 19:44:30,0.8888888888888888,3513,7,3,34.968,0.2427777777777778,0.7108333333333333,14.351897244827924
2016-06-09 09:45:30,2016-06-09 12:41:33,2016-06-09 09:59:00,2016-06-09 11:14:58,1.2275,94,3,0,1.266,0.225,1.4430555555555555,24.749868351764086
2016-06-09 13:43:32,2016-06-10 05:27:23,2016-06-09 14:16:26,2016-06-10 03:51:34,3.9672222222222224,1392,5,1,13.585,0.5483333333333333,1.5969444444444445,20.493191019506806
2016-06-09 15:58:41,2016-06-10 05:06:38,2016-06-09 17:19:34,2016-06-10 03:57:52,2.2525,1378,6,1,10.638,1.3480555555555556,1.146111111111111,21.58927116625932
2016-06-09 16:24:55,2016-06-10 20:44:09,2016-06-09 16:45:31,2016-06-10 20:25:56,0.43722222222222223,2218,5,2,27.674,0.3433333333333333,0.3036111111111111,16.029486160294862
2016-06-09 17:43:41,2016-06-10 15:44:47,2016-06-09 18:19:44,2016-06-10 14:27:02,1.3127777777777778,2134,6,2,20.122,0.6008333333333333,1.2958333333333334,17.675512705827785
2016-06-09 18:48:02,2016-06-10 11:53:54,2016-06-09 19:15:05,2016-06-10 10:54:15,1.0725,1455,6,1,15.653,0.4508333333333333,0.9941666666666666,15.492237909665878
2016-06-09 19:23:55,2016-06-10 12:51:47,2016-06-09 22:23:59,2016-06-10 11:31:07,0.5980555555555556,2050,6,2,13.119,3.0011111111111113,1.3444444444444446,26.043651701095104
2016-06-09 19:27:09,2016-06-10 11:41:30,2016-06-09 20:02:41,2016-06-10 10:55:01,0.05388888888888889,1118,6,1,14.872,0.5922222222222222,0.7747222222222222,12.529137529137529
2016-06-09 20:07:18,2016-06-10 02:26:35,2016-06-09 21:30:02,2016-06-10 00:46:07,0.6691666666666667,209,3,0,3.268,1.3788888888888888,1.6744444444444444,21.317829457364343
2016-06-09 21:57:12,2016-06-10 10:55:24,2016-06-09 23:11:53,2016-06-10 10:10:10,1.8316666666666668,1171,5,1,10.971,1.2447222222222223,0.7538888888888889,21.347188041199523
2016-06-09 23:05:41,2016-06-10 10:15:46,2016-06-09 23:28:25,2016-06-10 07:58:44,1.1413888888888888,453,3,0,8.505,0.3788888888888889,2.283888888888889,17.75426219870664
2016-06-10 02:34:36,2016-06-10 17:47:00,2016-06-10 03:41:18,2016-06-10 16:57:35,3.4819444444444443,2253,6,2,13.271,1.1116666666666666,0.8236111111111111,28.294778087559337
2016-06-10 10:47:58,2016-06-10 23:58:20,2016-06-10 12:24:26,2016-06-10 23:03:31,8.222777777777777,1136,5,1,10.651,1.6077777777777778,0.9136111111111112,21.331330391512537
2016-06-10 11:22:33,2016-06-11 02:15:57,2016-06-10 11:34:11,2016-06-10 21:57:53,0.5763888888888888,1202,6,1,10.395,0.1938888888888889,4.301111111111111,19.272085938752607
2016-06-10 16:28:37,2016-06-12 13:08:29,2016-06-10 17:12:40,2016-06-12 12:37:05,5.101111111111111,3388,7,3,43.407,0.7341666666666666,0.5233333333333333,11.150275301218699
2016-06-11 00:37:17,2016-06-11 14:24:41,2016-06-11 01:10:20,2016-06-11 14:07:29,8.144444444444444,1504,5,1,12.952,0.5508333333333333,0.2866666666666667,23.224212476837554
2016-06-11 03:12:24,2016-06-11 12:03:56,2016-06-11 03:38:26,2016-06-11 11:39:31,2.585277777777778,271,2,0,8.018,0.4338888888888889,0.40694444444444444,16.899476178598153
2016-06-11 04:56:10,2016-06-11 10:40:19,2016-06-11 05:25:07,2016-06-11 10:09:35,1.7294444444444443,222,3,0,4.741,0.4825,0.5122222222222222,15.608521408985448
2016-06-11 09:13:59,2016-06-11 15:06:31,2016-06-11 09:26:26,2016-06-11 14:16:29,4.296944444444445,247,4,0,4.834,0.2075,0.8338888888888889,12.774100124120812
2016-06-11 11:10:29,2016-06-12 04:54:53,2016-06-11 11:44:39,2016-06-12 04:30:09,1.9416666666666667,1609,5,1,16.758,0.5694444444444444,0.4122222222222222,19.20276882682898
2016-06-11 12:21:49,2016-06-12 04:49:17,2016-06-11 14:47:42,2016-06-12 04:38:23,1.1888888888888889,1159,4,1,13.845,2.431388888888889,0.18166666666666667,20.928132899963884
2016-06-11 12:25:06,2016-06-11 17:38:19,2016-06-11 13:26:03,2016-06-11 16:12:55,0.05472222222222222,182,3,0,2.781,1.0158333333333334,1.4233333333333333,21.81469495385353
2016-06-11 13:13:21,2016-06-11 15:50:43,2016-06-11 13:33:33,2016-06-11 15:06:13,0.8041666666666667,90,3,0,1.544,0.33666666666666667,0.7416666666666667,19.430051813471504
2016-06-11 13:39:43,2016-06-12 06:31:04,2016-06-11 14:56:54,2016-06-12 04:44:56,0.43944444444444447,1319,5,1,13.801,1.2863888888888888,1.768888888888889,19.114556916165498
2016-06-11 14:19:38,2016-06-12 08:06:22,2016-06-11 15:10:09,2016-06-12 05:20:23,0.6652777777777777,1074,5,1,14.17,0.8419444444444445,2.766388888888889,15.15878616796048
2016-06-11 15:05:33,2016-06-12 14:38:35,2016-06-11 15:16:09,2016-06-12 13:51:24,0.7652777777777777,1502,5,1,22.588,0.17666666666666667,0.7863888888888889,13.29909686559235
2016-06-11 15:52:31,2016-06-11 21:45:19,2016-06-11 16:13:10,2016-06-11 20:59:14,0.7827777777777778,351,3,0,4.768,0.3441666666666667,0.7680555555555556,24.538590604026847
2016-06-11 18:11:17,2016-06-12 15:58:50,2016-06-11 18:40:25,2016-06-12 15:14:48,2.312777777777778,2324,6,2,20.573,0.4855555555555556,0.7338888888888889,18.827265509810594
2016-06-11 19:46:15,2016-06-12 10:22:34,2016-06-11 20:11:01,2016-06-12 08:56:49,1.5827777777777778,1173,5,1,12.763,0.4127777777777778,1.4291666666666667,18.381258324845255
2016-06-11 21:11:29,2016-06-11 23:55:21,2016-06-11 21:25:10,2016-06-11 22:55:36,1.4205555555555556,101,4,0,1.507,0.22805555555555557,0.9958333333333333,16.75514266755143
2016-06-11 23:12:12,2016-06-12 12:02:09,2016-06-11 23:50:51,2016-06-12 09:52:24,2.0119444444444445,1285,5,1,10.026,0.6441666666666667,2.1625,25.633353281468185
2016-06-12 00:41:45,2016-06-13 09:13:31,2016-06-12 01:28:23,2016-06-13 08:59:54,1.4925,2011,6,2,31.525,0.7772222222222223,0.22694444444444445,10.631773724557231
2016-06-12 04:02:54,2016-06-12 08:07:57,2016-06-12 04:52:42,2016-06-12 06:39:55,3.3525,135,3,0,1.787,0.83,1.4672222222222222,25.18186905428092
2016-06-12 04:58:58,2016-06-13 06:56:11,2016-06-12 08:11:58,2016-06-13 06:14:14,0.9344444444444444,3187,7,3,22.038,3.216666666666667,0.6991666666666667,20.65912125808668
2016-06-12 07:15:29,2016-06-12 14:49:57,2016-06-12 07:19:10,2016-06-12 13:57:39,2.2752777777777777,278,2,0,6.642,0.06138888888888889,0.8716666666666667,20.927431496537185
2016-06-12 08:03:14,2016-06-13 05:58:19,2016-06-12 08:33:12,2016-06-13 02:10:27,0.7958333333333333,1459,5,1,17.621,0.49944444444444447,3.7977777777777777,16.559786618239603
2016-06-12 13:26:03,2016-06-13 21:08:31,2016-06-12 14:32:13,2016-06-13 19:43:58,5.380277777777778,2150,6,2,29.196,1.1027777777777779,1.4091666666666667,12.273370781385577
2016-06-12 14:01:22,2016-06-13 06:33:08,2016-06-12 14:17:52,2016-06-13 04:22:45,0.5886111111111111,1337,5,1,14.081,0.275,2.1730555555555555,18.99012854200696
2016-06-12 23:08:18,2016-06-14 00:51:42,2016-06-12 23:36:16,2016-06-13 22:59:26,9.115555555555556,3014,6,3,23.386,0.4661111111111111,1.8711111111111112,21.48008780181875
2016-06-13 01:21:02,2016-06-13 16:30:58,2016-06-13 02:33:16,2016-06-13 15:24:00,2.212222222222222,1378,6,1,12.846,1.2038888888888888,1.116111111111111,17.878457626239037
2016-06-13 03:51:55,2016-06-13 18:34:47,2016-06-13 05:06:57,2016-06-13 17:47:48,2.5147222222222223,1283,5,1,12.681,1.2505555555555556,0.7830555555555555,20.234997239965303
2016-06-13 04:11:39,2016-06-13 11:41:24,2016-06-13 04:54:49,2016-06-13 10:30:19,0.3288888888888889,400,3,0,5.592,0.7194444444444444,1.1847222222222222,23.843586075345733
2016-06-13 12:57:25,2016-06-14 01:09:03,2016-06-13 15:02:47,2016-06-14 00:06:39,8.762777777777778,1299,5,1,9.064,2.0894444444444447,1.04,28.662842012356574
2016-06-13 13:24:17,2016-06-13 18:52:01,2016-06-13 13:44:50,2016-06-13 15:58:16,0.4477777777777778,142,3,0,2.224,0.3425,2.8958333333333335,21.282973621103114
2016-06-13 14:00:52,2016-06-13 23:19:22,2016-06-13 14:16:00,2016-06-13 21:31:41,0.6097222222222223,408,3,0,7.262,0.25222222222222224,1.7947222222222223,18.727623244285322
2016-06-13 14:09:21,2016-06-13 19:40:10,2016-06-13 14:29:43,2016-06-13 19:07:25,0.1413888888888889,368,4,0,4.628,0.33944444444444444,0.5458333333333333,19.878997407087294
2016-06-13 15:09:50,2016-06-14 03:24:24,2016-06-13 17:03:35,2016-06-14 02:38:20,1.0080555555555555,1365,6,1,9.579,1.8958333333333333,0.7677777777777778,23.749869506211503
2016-06-13 20:53:36,2016-06-14 13:20:16,2016-06-13 21:32:34,2016-06-14 12:13:53,5.729444444444445,574,3,0,14.688,0.6494444444444445,1.1063888888888889,13.026506899055919
2016-06-13 21:23:41,2016-06-14 04:14:15,2016-06-13 21:56:25,2016-06-14 03:17:02,0.5013888888888889,357,3,0,5.344,0.5455555555555556,0.9536111111111111,22.267964071856287
2016-06-14 00:00:40,2016-06-14 08:37:54,2016-06-14 00:18:19,2016-06-14 08:11:11,2.616388888888889,499,4,0,7.881,0.2941666666666667,0.4452777777777778,15.829209491181322
2016-06-14 00:42:36,2016-06-14 23:14:28,2016-06-14 01:25:17,2016-06-14 20:42:30,0.6988888888888889,1355,5,1,19.287,0.7113888888888888,2.5327777777777776,14.050915124176907
2016-06-14 03:40:49,2016-06-14 09:58:24,2016-06-14 04:56:45,2016-06-14 08:56:02,2.9702777777777776,232,3,0,3.988,1.2655555555555555,1.0394444444444444,19.391507856904045
2016-06-14 04:59:31,2016-06-14 10:22:57,2016-06-14 05:22:45,2016-06-14 09:59:30,1.3116666666666668,169,2,0,4.612,0.38722222222222225,0.3908333333333333,18.32176929748482
2016-06-14 05:00:29,2016-06-15 04:22:20,2016-06-14 05:17:24,2016-06-15 03:28:54,0.01611111111111111,527,1,0,22.192,0.28194444444444444,0.8905555555555555,23.74729632299928
2016-06-14 05:27:23,2016-06-14 09:14:01,2016-06-14 06:12:09,2016-06-14 08:18:36,0.4483333333333333,102,3,0,2.107,0.7461111111111111,0.9236111111111112,16.136687233032745
2016-06-14 05:38:48,2016-06-15 05:19:27,2016-06-14 05:47:38,2016-06-15 04:36:35,0.19027777777777777,3281,7,3,22.816,0.14722222222222223,0.7144444444444444,20.543227810058106
2016-06-14 05:39:14,2016-06-14 12:32:56,2016-06-14 05:54:23,2016-06-14 11:45:51,0.007222222222222222,312,3,0,5.858,0.2525,0.7847222222222222,17.753499487879825
2016-06-14 05:58:18,2016-06-15 22:52:38,2016-06-14 06:41:25,2016-06-15 21:43:59,0.31777777777777777,2535,7,2,39.043,0.7186111111111111,1.1441666666666668,9.275487466200271
2016-06-14 06:09:45,2016-06-14 10:33:13,2016-06-14 06:20:58,2016-06-14 10:04:39,0.19083333333333333,173,3,0,3.728,0.18694444444444444,0.4761111111111111,15.468526466380542
2016-06-14 06:52:48,2016-06-14 17:41:09,2016-06-14 07:09:36,2016-06-14 17:20:54,0.7175,1087,5,1,10.188,0.28,0.3375,21.33882999607381
2016-06-14 11:35:41,2016-06-15 04:27:09,2016-06-14 12:53:50,2016-06-15 03:15:49,4.714722222222222,1151,5,1,14.366,1.3025,1.1888888888888889,16.023945426701935
2016-06-14 12:25:29,2016-06-15 03:24:38,2016-06-14 13:50:19,2016-06-15 02:02:47,0.83,1390,5,1,12.208,1.413888888888889,1.3641666666666667,22.771952817824378
2016-06-14 15:07:18,2016-06-15 09:49:55,2016-06-14 15:51:15,2016-06-15 07:05:07,2.6969444444444446,443,2,0,15.231,0.7325,2.7466666666666666,14.54270894885431
2016-06-14 15:09:28,2016-06-14 23:40:51,2016-06-14 15:35:00,2016-06-14 22:55:27,0.03611111111111111,377,3,0,7.341,0.4255555555555556,0.7566666666666667,17.118467057167507
2016-06-14 17:04:58,2016-06-15 06:30:07,2016-06-14 17:58:29,2016-06-15 04:37:03,1.925,677,3,0,10.643,0.8919444444444444,1.8844444444444444,21.203294810360486
2016-06-14 17:58:51,2016-06-14 22:35:01,2016-06-14 19:32:58,2016-06-14 21:54:26,0.8980555555555556,202,3,0,2.358,1.5686111111111112,0.6763888888888889,28.55527283008199
2016-06-14 18:21:22,2016-06-14 23:17:32,2016-06-14 18:52:51,2016-06-14 22:20:47,0.37527777777777777,209,3,0,3.466,0.5247222222222222,0.9458333333333333,20.100019234468167
2016-06-14 18:45:13,2016-06-15 05:25:00,2016-06-14 19:44:27,2016-06-15 04:29:17,0.3975,357,2,0,8.747,0.9872222222222222,0.9286111111111112,20.40699668457757
2016-06-14 19:04:00,2016-06-15 08:22:52,2016-06-14 19:43:53,2016-06-15 07:59:47,0.31305555555555553,1362,6,1,12.265,0.6647222222222222,0.38472222222222224,18.507949449653484
2016-06-14 20:44:47,2016-06-15 18:23:28,2016-06-14 21:24:55,2016-06-15 16:47:59,1.6797222222222221,1736,6,1,19.384,0.6688888888888889,1.591388888888889,14.926399779887191
2016-06-14 21:58:47,2016-06-15 11:11:43,2016-06-14 22:24:29,2016-06-15 09:55:41,1.2333333333333334,414,2,0,11.52,0.42833333333333334,1.2672222222222222,17.96875
2016-06-15 04:38:18,2016-06-15 10:47:44,2016-06-15 05:18:30,2016-06-15 09:56:17,6.658611111111111,293,4,0,4.63,0.67,0.8575,15.8207343412527
2016-06-15 05:32:14,2016-06-15 13:35:30,2016-06-15 05:53:03,2016-06-15 13:10:51,0.8988888888888888,1055,6,1,7.297,0.34694444444444444,0.41083333333333333,24.096660728153125
2016-06-15 06:22:25,2016-06-15 12:42:26,2016-06-15 07:01:49,2016-06-15 12:08:20,0.8363888888888888,255,4,0,5.108,0.6566666666666666,0.5683333333333334,12.480422866092406
2016-06-15 08:01:14,2016-06-15 13:54:00,2016-06-15 08:42:22,2016-06-15 12:28:39,1.6469444444444445,125,2,0,3.771,0.6855555555555556,1.4225,16.573853089366217
2016-06-15 15:06:44,2016-06-16 11:30:18,2016-06-15 16:46:56,2016-06-16 10:46:25,7.091666666666667,2188,6,2,17.991,1.67,0.7313888888888889,20.26939395623738
2016-06-15 15:32:20,2016-06-16 20:43:22,2016-06-15 16:41:12,2016-06-16 17:45:49,0.4266666666666667,1319,4,1,25.077,1.1477777777777778,2.9591666666666665,13.14949954141245
2016-06-15 19:47:36,2016-06-16 06:29:05,2016-06-15 20:31:59,2016-06-16 05:12:48,4.254444444444444,1076,6,1,8.68,0.7397222222222222,1.271388888888889,20.6605222734255
2016-06-15 22:16:04,2016-06-16 07:47:11,2016-06-15 23:58:19,2016-06-16 06:59:07,2.4744444444444444,351,3,0,7.013,1.7041666666666666,0.8011111111111111,16.683302438328816
2016-06-15 22:48:28,2016-06-16 06:16:12,2016-06-15 23:31:15,2016-06-16 04:56:30,0.54,317,3,0,5.421,0.7130555555555556,1.3283333333333334,19.492098628789275
2016-06-16 04:52:14,2016-06-16 08:39:38,2016-06-16 05:14:11,2016-06-16 07:32:48,6.062777777777778,136,3,0,2.31,0.36583333333333334,1.113888888888889,19.624819624819626
2016-06-16 05:28:34,2016-06-16 20:57:54,2016-06-16 05:37:17,2016-06-16 19:43:22,0.6055555555555555,1069,5,1,14.101,0.14527777777777778,1.2422222222222221,15.162045245018081
2016-06-16 06:31:24,2016-06-17 23:25:15,2016-06-16 07:02:04,2016-06-17 22:20:01,1.0472222222222223,8528,11,6,39.299,0.5111111111111111,1.0872222222222223,19.727543379544702
2016-06-16 08:17:40,2016-06-16 16:15:50,2016-06-16 08:58:48,2016-06-16 15:14:38,1.771111111111111,220,2,0,6.264,0.6855555555555556,1.02,17.56066411238825
2016-06-16 13:48:09,2016-06-17 07:16:26,2016-06-16 14:05:36,2016-06-17 06:26:22,5.508055555555556,2227,6,2,16.346,0.29083333333333333,0.8344444444444444,22.706880378481994
2016-06-16 17:14:12,2016-06-17 19:29:59,2016-06-16 17:49:26,2016-06-17 18:53:06,3.4341666666666666,3214,7,3,25.061,0.5872222222222222,0.6147222222222222,18.321011018828344
2016-06-16 18:56:35,2016-06-17 13:50:08,2016-06-16 19:28:23,2016-06-17 12:36:29,1.706388888888889,1150,4,1,17.135,0.53,1.2275,16.778523489932883
2016-06-16 20:34:52,2016-06-17 06:04:35,2016-06-16 21:14:53,2016-06-17 05:34:16,1.6380555555555556,287,2,0,8.323,0.6669444444444445,0.5052777777777778,17.241379310344826
2016-06-16 21:38:18,2016-06-17 06:57:43,2016-06-16 22:01:36,2016-06-17 04:37:06,1.0572222222222223,273,2,0,6.592,0.3883333333333333,2.343611111111111,20.706917475728158
2016-06-16 22:02:22,2016-06-17 19:24:31,2016-06-16 22:26:31,2016-06-17 19:16:38,0.4011111111111111,2070,6,2,20.835,0.4025,0.1313888888888889,16.55867530597552
2016-06-17 03:01:01,2016-06-17 07:45:44,2016-06-17 03:51:13,2016-06-17 06:32:44,4.9775,170,4,0,2.692,0.8366666666666667,1.2166666666666666,15.787518573551262
2016-06-17 03:40:54,2016-06-17 15:59:55,2016-06-17 04:02:41,2016-06-17 15:15:17,0.6647222222222222,1208,5,1,11.21,0.3630555555555556,0.7438888888888889,21.552185548617306
2016-06-17 07:14:23,2016-06-17 09:56:32,2016-06-17 07:41:27,2016-06-17 08:27:35,3.5580555555555557,56,3,0,0.769,0.45111111111111113,1.4825,24.273948851322064
2016-06-17 09:31:19,2016-06-18 00:06:54,2016-06-17 11:42:31,2016-06-17 23:12:16,2.2822222222222224,623,3,0,11.496,2.1866666666666665,0.9105555555555556,18.06425423335653
2016-06-17 10:12:38,2016-06-17 16:04:05,2016-06-17 10:49:36,2016-06-17 14:57:29,0.6886111111111111,302,3,0,4.132,0.6161111111111112,1.11,24.362697644401422
2016-06-17 10:41:31,2016-06-18 00:05:15,2016-06-17 11:23:23,2016-06-17 23:20:30,0.48138888888888887,589,3,0,11.952,0.6977777777777778,0.7458333333333333,16.42681838464971
2016-06-17 12:03:21,2016-06-17 19:05:18,2016-06-17 13:17:12,2016-06-17 16:45:15,1.363888888888889,237,3,0,3.468,1.2308333333333332,2.3341666666666665,22.779700115340255
2016-06-17 14:17:37,2016-06-18 03:48:34,2016-06-17 14:24:21,2016-06-18 03:20:46,2.2377777777777776,2131,7,2,12.94,0.11222222222222222,0.4633333333333333,23.52616471627291
2016-06-17 18:06:04,2016-06-18 23:36:31,2016-06-17 19:19:42,2016-06-18 22:38:09,3.8075,3477,7,3,27.308,1.2272222222222222,0.9727777777777777,18.189332273117245
2016-06-18 00:24:17,2016-06-19 00:13:15,2016-06-18 01:05:11,2016-06-18 23:48:23,6.3036111111111115,1554,5,1,22.72,0.6816666666666666,0.41444444444444445,13.679577464788734
2016-06-18 01:45:20,2016-06-18 09:42:28,2016-06-18 02:39:49,2016-06-18 08:00:33,1.3508333333333333,175,2,0,5.346,0.9080555555555555,1.698611111111111,16.36737747848859
2016-06-18 03:09:16,2016-06-18 05:15:07,2016-06-18 03:57:38,2016-06-18 04:46:28,1.3988888888888888,60,4,0,0.814,0.8061111111111111,0.4775,18.42751842751843
2016-06-18 04:02:07,2016-06-18 11:13:16,2016-06-18 04:53:24,2016-06-18 09:04:51,0.8808333333333334,211,2,0,4.191,0.8547222222222223,2.140277777777778,25.172989739918876
2016-06-18 06:35:46,2016-06-19 22:11:21,2016-06-18 06:46:34,2016-06-19 21:35:41,2.5608333333333335,1474,5,1,38.819,0.18,0.5944444444444444,7.594219325587984
2016-06-18 07:12:01,2016-06-18 15:26:46,2016-06-18 08:43:18,2016-06-18 14:28:34,0.6041666666666666,236,2,0,5.755,1.521388888888889,0.97,20.50390964378801
2016-06-18 08:21:11,2016-06-18 17:28:47,2016-06-18 08:55:08,2016-06-18 16:25:06,1.1527777777777777,591,4,0,7.499,0.5658333333333333,1.061388888888889,19.702627016935594
2016-06-18 11:26:17,2016-06-19 17:52:18,2016-06-18 16:17:44,2016-06-19 16:49:30,3.085,4120,8,4,24.529,4.8575,1.0466666666666666,20.995556280321253
2016-06-18 14:31:55,2016-06-18 22:23:00,2016-06-18 16:01:55,2016-06-18 21:45:46,3.093888888888889,307,3,0,5.731,1.5,0.6205555555555555,17.856104228465075
2016-06-18 16:51:50,2016-06-19 14:52:59,2016-06-18 16:58:16,2016-06-19 12:46:04,2.3319444444444444,2339,8,2,19.797,0.10722222222222222,2.1152777777777776,14.768651815931706
2016-06-18 18:56:22,2016-06-19 23:32:58,2016-06-18 19:00:33,2016-06-19 21:56:01,2.0755555555555554,1527,4,1,26.924,0.06972222222222223,1.6158333333333332,14.178799584014262
2016-06-18 19:11:33,2016-06-19 09:44:11,2016-06-18 20:10:56,2016-06-19 07:12:11,0.25305555555555553,593,3,0,11.021,0.9897222222222222,2.533333333333333,17.935456552641924
2016-06-18 19:23:07,2016-06-19 11:43:35,2016-06-18 19:55:24,2016-06-19 10:11:38,0.19277777777777777,1318,5,1,14.27,0.5380555555555555,1.5325,18.472319551506658
2016-06-19 00:17:49,2016-06-19 10:14:21,2016-06-19 01:05:10,2016-06-19 09:38:13,4.911666666666667,1121,5,1,8.551,0.7891666666666667,0.6022222222222222,26.219155654309436
2016-06-19 00:30:47,2016-06-19 20:01:46,2016-06-19 00:40:25,2016-06-19 17:13:08,0.21611111111111111,1488,5,1,16.545,0.16055555555555556,2.8105555555555557,17.98730734360834
2016-06-19 02:59:04,2016-06-19 21:15:43,2016-06-19 03:30:07,2016-06-19 20:56:36,2.471388888888889,1145,4,1,17.441,0.5175,0.3186111111111111,16.41247634883321
2016-06-19 04:04:44,2016-06-20 02:21:51,2016-06-19 04:19:52,2016-06-20 02:05:40,1.0944444444444446,2646,6,2,21.763,0.25222222222222224,0.2697222222222222,20.263750402058538
2016-06-19 05:03:56,2016-06-19 07:45:19,2016-06-19 05:21:18,2016-06-19 06:03:52,0.9866666666666667,42,3,0,0.709,0.28944444444444445,1.6908333333333334,19.746121297602258
2016-06-19 05:20:13,2016-06-20 12:09:53,2016-06-19 06:43:31,2016-06-20 10:52:29,0.2713888888888889,1338,4,1,28.15,1.3883333333333334,1.29,11.88277087033748
2016-06-19 06:13:46,2016-06-20 02:18:03,2016-06-19 06:56:26,2016-06-20 01:14:19,0.8925,2377,6,2,18.298,0.7111111111111111,1.0622222222222222,21.650817940029878
2016-06-19 07:09:26,2016-06-19 12:49:47,2016-06-19 07:37:26,2016-06-19 12:16:33,0.9277777777777778,324,3,0,4.652,0.4666666666666667,0.5538888888888889,23.215821152192607
2016-06-19 08:28:07,2016-06-20 10:50:54,2016-06-19 08:41:22,2016-06-20 09:14:14,1.311388888888889,1172,3,1,24.548,0.22083333333333333,1.6111111111111112,15.91439900059747
2016-06-19 09:16:52,2016-06-19 17:16:17,2016-06-19 09:54:17,2016-06-19 16:47:51,0.8125,280,2,0,6.893,0.6236111111111111,0.4738888888888889,20.310459886841723
2016-06-19 10:27:31,2016-06-20 12:46:55,2016-06-19 11:03:58,2016-06-20 12:20:15,1.1775,2326,6,2,25.271,0.6075,0.4444444444444444,15.340376980201285
2016-06-19 10:51:40,2016-06-20 07:48:55,2016-06-19 11:17:56,2016-06-20 06:38:33,0.4025,1691,4,1,19.343,0.43777777777777777,1.1727777777777777,21.85545158455255
2016-06-19 15:54:51,2016-06-20 12:29:24,2016-06-19 17:22:25,2016-06-20 10:06:55,5.053055555555556,1280,4,1,16.742,1.4594444444444445,2.374722222222222,19.113606498626208
2016-06-19 19:23:15,2016-06-20 00:54:08,2016-06-19 19:51:55,2016-06-19 23:59:49,3.473333333333333,267,3,0,4.132,0.4777777777777778,0.9052777777777777,21.539206195546953
2016-06-19 19:53:08,2016-06-19 23:18:47,2016-06-19 20:21:13,2016-06-19 22:41:23,0.49805555555555553,116,3,0,2.336,0.46805555555555556,0.6233333333333333,16.552511415525117
2016-06-19 21:45:47,2016-06-20 12:46:43,2016-06-19 22:14:03,2016-06-20 11:44:54,1.8775,1177,5,1,13.514,0.4711111111111111,1.0302777777777778,17.41897291697499
2016-06-20 00:09:47,2016-06-20 04:43:09,2016-06-20 00:48:16,2016-06-20 02:37:29,2.4,143,4,0,1.82,0.6413888888888889,2.0944444444444446,19.642857142857142
2016-06-20 00:33:47,2016-06-20 09:50:38,2016-06-20 01:05:55,2016-06-20 09:11:34,0.4,608,4,0,8.094,0.5355555555555556,0.6511111111111111,18.779342723004696
2016-06-20 02:50:20,2016-06-20 06:07:32,2016-06-20 03:15:26,2016-06-20 04:56:31,2.2758333333333334,84,2,0,1.685,0.41833333333333333,1.1836111111111112,24.92581602373887
2016-06-20 07:56:50,2016-06-20 11:31:36,2016-06-20 08:29:40,2016-06-20 10:38:00,5.108333333333333,103,3,0,2.139,0.5472222222222223,0.8933333333333333,16.051114227832322
2016-06-20 08:26:49,2016-06-21 07:42:27,2016-06-20 08:55:37,2016-06-21 07:18:51,0.49972222222222223,3229,7,3,22.387,0.48,0.3933333333333333,20.60507054476769
2016-06-20 13:47:31,2016-06-21 04:06:57,2016-06-20 14:03:53,2016-06-21 03:15:35,5.345,618,3,0,13.195,0.2727777777777778,0.8561111111111112,15.611974232663888
2016-06-20 17:01:21,2016-06-20 20:04:46,2016-06-20 17:25:22,2016-06-20 19:40:50,3.2305555555555556,161,4,0,2.258,0.4002777777777778,0.3988888888888889,17.825509300265722
2016-06-20 19:57:41,2016-06-21 11:53:06,2016-06-20 20:27:25,2016-06-21 10:47:41,2.938888888888889,1268,5,1,14.338,0.4955555555555556,1.0902777777777777,17.68726461152183
2016-06-20 22:28:48,2016-06-21 02:25:54,2016-06-20 22:55:04,2016-06-21 01:48:10,2.518611111111111,206,3,0,2.885,0.43777777777777777,0.6288888888888889,23.801270941652227
2016-06-21 03:11:24,2016-06-22 00:35:11,2016-06-21 04:03:02,2016-06-21 22:48:38,4.71,2228,5,2,18.76,0.8605555555555555,1.7758333333333334,23.752665245202557
2016-06-21 05:07:37,2016-06-21 17:57:18,2016-06-21 06:29:56,2016-06-21 17:48:08,1.9369444444444444,1286,6,1,11.303,1.3719444444444444,0.1527777777777778,18.96251732578371
2016-06-21 05:15:18,2016-06-21 20:37:58,2016-06-21 06:41:03,2016-06-21 19:16:34,0.12805555555555556,638,3,0,12.592,1.4291666666666667,1.3566666666666667,16.889030072003386
2016-06-21 12:40:12,2016-06-22 08:29:35,2016-06-21 12:55:57,2016-06-22 08:12:44,7.415,2246,6,2,19.28,0.2625,0.2808333333333333,19.415629322268327
2016-06-21 14:48:30,2016-06-21 21:27:31,2016-06-21 17:42:31,2016-06-21 19:29:12,2.138333333333333,124,4,0,1.778,2.9002777777777777,1.9719444444444445,17.435320584926885
2016-06-21 18:12:11,2016-06-22 07:33:10,2016-06-21 18:36:13,2016-06-22 07:05:12,3.394722222222222,1287,5,1,12.483,0.40055555555555555,0.4661111111111111,20.62004325883201
2016-06-21 20:01:53,2016-06-22 08:58:31,2016-06-21 21:02:37,2016-06-22 08:13:32,1.8283333333333334,1087,5,1,11.182,1.0122222222222221,0.7497222222222222,19.441960293328563
2016-06-21 22:39:29,2016-06-22 10:27:17,2016-06-21 23:21:56,2016-06-22 09:47:12,2.6266666666666665,1233,5,1,10.421,0.7075,0.6680555555555555,23.663755877554937
2016-06-22 10:42:55,2016-06-22 16:44:00,2016-06-22 11:46:12,2016-06-22 14:58:20,12.057222222222222,178,3,0,3.202,1.0547222222222221,1.761111111111111,18.530085363314594
2016-06-22 11:56:17,2016-06-22 22:30:52,2016-06-22 13:54:06,2016-06-22 22:07:45,1.2227777777777777,510,3,0,8.228,1.9636111111111112,0.3852777777777778,20.66115702479339
2016-06-22 13:58:42,2016-06-23 04:03:03,2016-06-22 14:28:33,2016-06-23 02:32:19,2.040277777777778,688,3,0,12.063,0.4975,1.5122222222222221,19.011301776783
2016-06-22 14:51:23,2016-06-22 21:41:16,2016-06-22 15:07:50,2016-06-22 19:39:33,0.8780555555555556,264,3,0,4.529,0.27416666666666667,2.028611111111111,19.43033782291897
2016-06-22 15:13:48,2016-06-23 01:03:42,2016-06-22 15:36:19,2016-06-22 23:14:52,0.3736111111111111,356,3,0,7.643,0.37527777777777777,1.8138888888888889,15.526189541628506
2016-06-22 17:20:47,2016-06-23 04:29:50,2016-06-22 18:40:06,2016-06-23 04:08:03,2.116388888888889,269,2,0,9.466,1.3219444444444444,0.3630555555555556,14.208747094865837
2016-06-22 19:50:50,2016-06-23 03:41:54,2016-06-22 20:01:32,2016-06-23 02:50:38,2.5008333333333335,487,3,0,6.818,0.17833333333333334,0.8544444444444445,23.80952380952381
2016-06-22 21:35:02,2016-06-23 08:07:01,2016-06-22 22:12:45,2016-06-23 07:21:48,1.7366666666666666,309,2,0,9.151,0.6286111111111111,0.7536111111111111,16.883400721232654
2016-06-22 23:54:36,2016-06-23 15:23:25,2016-06-23 00:06:53,2016-06-23 15:02:56,2.326111111111111,1209,4,1,14.934,0.20472222222222222,0.3413888888888889,20.23905182804339
2016-06-23 06:40:56,2016-06-23 21:28:12,2016-06-23 09:13:55,2016-06-23 21:00:24,6.772222222222222,1476,6,1,11.775,2.549722222222222,0.4633333333333333,20.89171974522293
2016-06-23 07:33:05,2016-06-23 14:01:46,2016-06-23 08:05:11,2016-06-23 13:20:34,0.8691666666666666,197,3,0,5.256,0.535,0.6866666666666666,12.493658041603247
2016-06-23 14:01:18,2016-06-24 05:47:55,2016-06-23 16:25:44,2016-06-24 04:34:37,6.470277777777778,1452,5,1,12.148,2.4072222222222224,1.2216666666666667,23.905169575238723
2016-06-23 15:59:47,2016-06-24 06:19:59,2016-06-23 16:30:07,2016-06-24 05:47:25,1.9747222222222223,3137,8,3,13.288,0.5055555555555555,0.5427777777777778,29.509708007224564
2016-06-23 16:57:34,2016-06-24 10:27:00,2016-06-23 17:16:15,2016-06-24 10:06:51,0.9630555555555556,1110,5,1,16.843,0.3113888888888889,0.3358333333333333,13.180549783292761
2016-06-23 17:28:18,2016-06-24 05:10:42,2016-06-23 18:50:41,2016-06-24 03:43:53,0.5122222222222222,372,2,0,8.887,1.3730555555555555,1.4469444444444444,20.929447507595363
2016-06-23 19:54:23,2016-06-24 12:03:38,2016-06-23 20:51:26,2016-06-24 11:42:19,2.4347222222222222,1446,5,1,14.848,0.9508333333333333,0.3552777777777778,19.47737068965517
2016-06-23 21:59:16,2016-06-24 01:20:35,2016-06-23 22:16:43,2016-06-24 01:07:33,2.0813888888888887,163,4,0,2.847,0.29083333333333333,0.21722222222222223,14.313312258517739
2016-06-24 00:15:30,2016-06-24 17:29:15,2016-06-24 00:52:07,2016-06-24 17:16:50,2.2705555555555557,1112,5,1,16.412,0.6102777777777778,0.20694444444444443,13.551060199853765
2016-06-24 00:16:12,2016-06-25 00:47:29,2016-06-24 04:36:45,2016-06-25 00:18:00,0.011666666666666667,1296,4,1,19.688,4.3425,0.4913888888888889,16.45672490857375
2016-06-24 07:52:29,2016-06-24 18:03:34,2016-06-24 08:26:36,2016-06-24 17:42:12,7.604722222222223,1352,6,1,9.26,0.5686111111111111,0.3561111111111111,24.33405327573794
2016-06-24 10:39:50,2016-06-25 05:17:01,2016-06-24 14:31:38,2016-06-25 04:52:38,2.7891666666666666,1354,6,1,14.35,3.8633333333333333,0.4063888888888889,15.72590011614402
2016-06-24 13:18:23,2016-06-25 01:56:14,2016-06-24 13:34:21,2016-06-25 01:03:51,2.6425,794,3,0,11.492,0.26611111111111113,0.8730555555555556,23.030513980740224
2016-06-24 14:53:11,2016-06-25 13:58:06,2016-06-24 17:31:59,2016-06-25 13:20:38,1.58,1190,5,1,19.811,2.6466666666666665,0.6244444444444445,12.01352783806976
2016-06-24 18:09:31,2016-06-25 01:06:04,2016-06-24 18:45:36,2016-06-25 00:50:35,3.272222222222222,377,3,0,6.083,0.6013888888888889,0.25805555555555554,20.658666228286478
2016-06-24 19:46:48,2016-06-25 04:59:38,2016-06-24 20:39:36,2016-06-25 03:56:32,1.621388888888889,177,2,0,7.282,0.88,1.0516666666666667,12.15325460038451
2016-06-24 21:12:23,2016-06-25 16:36:57,2016-06-24 21:58:33,2016-06-25 16:17:17,1.426388888888889,1202,4,1,18.312,0.7694444444444445,0.3277777777777778,16.410004368719964
2016-06-24 22:18:18,2016-06-25 05:24:52,2016-06-24 22:41:39,2016-06-25 04:42:38,1.0986111111111112,511,4,0,6.016,0.38916666666666666,0.7038888888888889,21.23503989361702
2016-06-24 22:45:30,2016-06-26 04:41:38,2016-06-24 23:56:50,2016-06-26 03:52:01,0.4533333333333333,5370,8,5,27.92,1.1888888888888889,0.8269444444444445,24.041905444126073
2016-06-24 23:12:20,2016-06-25 07:00:19,2016-06-24 23:28:32,2016-06-25 06:18:36,0.44722222222222224,359,3,0,6.835,0.27,0.6952777777777778,17.50792489636674
2016-06-25 00:38:56,2016-06-25 05:50:52,2016-06-25 01:11:38,2016-06-25 05:24:57,1.4433333333333334,285,3,0,4.222,0.545,0.43194444444444446,22.501184272856467
2016-06-25 00:56:43,2016-06-25 04:17:09,2016-06-25 01:22:59,2016-06-25 02:50:43,0.29638888888888887,91,3,0,1.462,0.43777777777777777,1.4405555555555556,20.74783401732786
2016-06-25 01:41:08,2016-06-25 06:02:03,2016-06-25 02:15:59,2016-06-25 05:54:55,0.7402777777777778,162,3,0,3.649,0.5808333333333333,0.11888888888888889,14.798574952041657
2016-06-25 01:46:16,2016-06-25 17:40:52,2016-06-25 02:05:36,2016-06-25 16:57:19,0.08555555555555555,1348,5,1,14.862,0.32222222222222224,0.7258333333333333,18.140223388507604
2016-06-25 02:59:50,2016-06-26 01:04:11,2016-06-25 04:24:18,2016-06-25 23:53:42,1.2261111111111112,1456,5,1,19.49,1.4077777777777778,1.1747222222222222,14.940995382247308
2016-06-25 04:49:48,2016-06-25 16:51:21,2016-06-25 07:22:14,2016-06-25 16:03:13,1.8327777777777778,1203,7,1,8.683,2.5405555555555557,0.8022222222222222,19.792369325940673
2016-06-25 05:04:45,2016-06-25 13:23:34,2016-06-25 05:23:16,2016-06-25 09:59:27,0.24916666666666668,226,3,0,4.603,0.3086111111111111,3.4019444444444447,16.36613802592512
2016-06-25 05:39:53,2016-06-26 03:43:41,2016-06-25 06:03:34,2016-06-26 03:06:34,0.5855555555555556,1310,5,1,21.05,0.3947222222222222,0.6186111111111111,12.446555819477435
2016-06-25 10:21:26,2016-06-26 14:46:49,2016-06-25 10:29:35,2016-06-26 14:04:52,4.6925,2211,5,2,27.588,0.13583333333333333,0.6991666666666667,16.028708133971293
2016-06-25 10:54:03,2016-06-26 07:41:56,2016-06-25 11:05:19,2016-06-26 06:58:07,0.5436111111111112,2112,6,2,19.88,0.18777777777777777,0.7302777777777778,17.706237424547282
2016-06-25 12:11:26,2016-06-26 03:46:50,2016-06-25 12:42:48,2016-06-26 02:48:13,1.2897222222222222,2399,6,2,14.09,0.5227777777777778,0.9769444444444444,28.37709959782352
2016-06-25 14:04:40,2016-06-26 07:49:46,2016-06-25 14:27:15,2016-06-26 06:52:39,1.8872222222222221,2520,6,2,16.423,0.3763888888888889,0.9519444444444445,25.573890275832678
2016-06-25 20:17:18,2016-06-26 04:10:40,2016-06-25 20:38:32,2016-06-26 03:31:00,6.210555555555556,1132,6,1,6.875,0.35388888888888886,0.6611111111111111,27.44242424242424
2016-06-25 21:22:34,2016-06-27 06:12:59,2016-06-25 22:02:14,2016-06-26 21:55:44,1.0877777777777777,2377,6,2,23.891,0.6611111111111111,8.2875,16.582255521605067
2016-06-26 05:00:08,2016-06-27 05:57:23,2016-06-26 05:33:34,2016-06-27 05:37:10,7.626111111111111,3481,7,3,24.06,0.5572222222222222,0.33694444444444444,20.668566678541744
2016-06-26 06:19:47,2016-06-26 19:28:03,2016-06-26 07:33:24,2016-06-26 18:39:52,1.3275,427,2,0,11.108,1.2269444444444444,0.8030555555555555,19.220381706877927
2016-06-26 07:57:48,2016-06-27 10:02:16,2016-06-26 08:20:39,2016-06-27 09:03:37,1.6336111111111111,3473,7,3,24.716,0.38083333333333336,0.9775,20.073752109680253
2016-06-26 14:23:23,2016-06-27 02:47:05,2016-06-26 16:40:02,2016-06-27 02:37:34,6.426388888888889,1459,5,1,9.959,2.2775,0.15861111111111112,29.300130535194295
2016-06-26 16:45:24,2016-06-27 13:09:42,2016-06-26 17:10:53,2016-06-27 11:34:09,2.3669444444444445,2158,6,2,18.388,0.4247222222222222,1.5925,19.559857878326444
2016-06-26 20:47:42,2016-06-27 12:54:21,2016-06-26 21:40:13,2016-06-27 11:21:56,4.038333333333333,1120,5,1,13.695,0.8752777777777778,1.5402777777777779,16.356334428623587
2016-06-26 22:58:25,2016-06-27 13:46:49,2016-06-27 03:04:49,2016-06-27 13:35:01,2.178611111111111,1297,6,1,10.503,4.1066666666666665,0.19666666666666666,20.5814211812498
2016-06-26 23:43:48,2016-06-28 04:53:45,2016-06-26 23:56:09,2016-06-28 03:25:26,0.7563888888888889,2284,6,2,27.488,0.20583333333333334,1.4719444444444445,13.848467209934032
2016-06-26 23:44:21,2016-06-27 18:24:02,2016-06-27 00:57:13,2016-06-27 17:37:01,0.009166666666666667,2100,6,2,16.663,1.2144444444444444,0.7836111111111111,21.004621016623656
2016-06-27 01:03:37,2016-06-27 16:54:10,2016-06-27 02:15:22,2016-06-27 16:13:15,1.3211111111111111,3206,8,3,13.965,1.1958333333333333,0.6819444444444445,28.696741854636592
2016-06-27 01:39:07,2016-06-27 17:04:35,2016-06-27 01:51:42,2016-06-27 16:20:24,0.5916666666666667,1104,5,1,14.478,0.20972222222222223,0.7363888888888889,15.250725238292581
2016-06-27 04:23:00,2016-06-28 08:49:41,2016-06-27 04:34:16,2016-06-28 05:58:26,2.731388888888889,2268,6,2,25.403,0.18777777777777777,2.8541666666666665,14.88013226784238
2016-06-27 08:19:21,2016-06-27 18:53:30,2016-06-27 08:30:16,2016-06-27 17:44:42,3.9391666666666665,312,3,0,9.24,0.18194444444444444,1.1466666666666667,11.255411255411255
2016-06-27 08:53:17,2016-06-27 20:25:15,2016-06-27 09:28:02,2016-06-27 20:06:50,0.5655555555555556,1197,6,1,10.647,0.5791666666666667,0.30694444444444446,18.737672583826427
2016-06-27 10:36:55,2016-06-27 13:59:20,2016-06-27 11:20:50,2016-06-27 12:41:24,1.7272222222222222,69,3,0,1.343,0.7319444444444444,1.298888888888889,17.125837676842888
2016-06-27 12:17:23,2016-06-28 13:43:31,2016-06-27 13:33:33,2016-06-28 12:55:36,1.6744444444444444,1451,5,1,23.367,1.2694444444444444,0.7986111111111112,12.41922369153079
2016-06-27 19:05:15,2016-06-28 05:51:20,2016-06-27 23:57:57,2016-06-28 05:25:35,6.797777777777778,262,2,0,5.461,4.878333333333333,0.42916666666666664,23.988280534700603
2016-06-27 20:13:34,2016-06-29 09:45:05,2016-06-27 21:39:24,2016-06-29 09:11:00,1.138611111111111,2427,5,2,35.527,1.4305555555555556,0.5680555555555555,13.662847974779746
2016-06-27 20:46:40,2016-06-28 02:32:40,2016-06-27 21:56:57,2016-06-28 01:58:30,0.5516666666666666,181,3,0,4.026,1.1713888888888888,0.5694444444444444,14.985924821990396
2016-06-27 21:26:21,2016-06-28 12:23:06,2016-06-27 21:45:41,2016-06-28 11:26:47,0.6613888888888889,1047,5,1,13.685,0.32222222222222224,0.9386111111111111,15.301424917793204
2016-06-27 22:09:45,2016-06-28 01:55:23,2016-06-27 22:58:30,2016-06-28 01:29:17,0.7233333333333334,82,3,0,2.513,0.8125,0.435,10.87677410797188
2016-06-28 00:44:05,2016-06-28 19:26:20,2016-06-28 02:21:58,2016-06-28 16:35:17,2.5722222222222224,2081,7,2,14.222,1.631388888888889,2.8508333333333336,20.903228398658015
2016-06-28 02:00:23,2016-06-28 16:00:57,2016-06-28 02:08:26,2016-06-28 14:05:07,1.2716666666666667,1235,5,1,11.945,0.13416666666666666,1.9305555555555556,20.678107994976976
2016-06-28 05:14:04,2016-06-28 13:17:42,2016-06-28 07:01:05,2016-06-28 13:02:21,3.2280555555555557,378,3,0,6.021,1.783611111111111,0.25583333333333336,20.926756352765324
2016-06-28 08:56:33,2016-06-28 19:06:55,2016-06-28 09:17:35,2016-06-28 18:00:48,3.7080555555555557,1113,5,1,8.72,0.35055555555555556,1.1019444444444444,25.527522935779814
2016-06-28 11:15:18,2016-06-28 13:18:00,2016-06-28 11:32:18,2016-06-28 12:59:56,2.3125,142,4,0,1.46,0.2833333333333333,0.3011111111111111,24.315068493150687
2016-06-28 13:38:00,2016-06-29 11:51:24,2016-06-28 13:57:30,2016-06-29 11:30:16,2.3783333333333334,2476,6,2,21.546,0.325,0.3522222222222222,19.152820322410964
2016-06-28 15:22:00,2016-06-29 07:44:30,2016-06-28 15:36:41,2016-06-29 07:29:35,1.7333333333333334,1656,6,1,15.882,0.24472222222222223,0.24861111111111112,17.378163959199092
2016-06-28 18:06:04,2016-06-29 03:41:11,2016-06-28 18:32:37,2016-06-29 03:04:11,2.7344444444444442,309,3,0,8.526,0.4425,0.6166666666666667,12.080694346704199
2016-06-28 18:57:29,2016-07-01 01:04:39,2016-06-28 19:25:28,2016-07-01 00:38:36,0.8569444444444444,5216,7,5,53.219,0.4663888888888889,0.43416666666666665,14.001444167362354
2016-06-28 19:41:42,2016-06-29 07:38:44,2016-06-28 20:19:16,2016-06-29 04:36:30,0.7369444444444444,444,3,0,8.287,0.6261111111111111,3.0372222222222223,17.859297695185226
2016-06-28 20:27:43,2016-06-29 11:58:42,2016-06-28 21:14:52,2016-06-29 11:03:04,0.7669444444444444,609,2,0,13.803,0.7858333333333334,0.9272222222222222,22.06042164746794
2016-06-28 23:49:56,2016-06-29 07:27:02,2016-06-29 00:01:31,2016-06-29 06:15:31,3.370277777777778,401,3,0,6.233,0.19305555555555556,1.1919444444444445,21.444997058666242
2016-06-29 01:18:45,2016-06-29 16:18:19,2016-06-29 01:30:22,2016-06-29 15:33:48,1.4802777777777778,2207,7,2,14.057,0.19361111111111112,0.7419444444444444,22.42908972652161
2016-06-29 04:57:03,2016-06-29 07:28:56,2016-06-29 05:25:30,2016-06-29 07:05:58,3.638333333333333,85,3,0,1.674,0.4741666666666667,0.3827777777777778,16.92552767821585
2016-06-29 07:40:00,2016-06-29 13:06:35,2016-06-29 08:02:34,2016-06-29 11:28:11,2.7158333333333333,233,3,0,3.427,0.3761111111111111,1.64,22.663165061764417
2016-06-29 12:32:48,2016-06-29 14:13:21,2016-06-29 12:59:26,2016-06-29 13:51:22,4.88,48,3,0,0.866,0.4438888888888889,0.3663888888888889,18.475750577367208
2016-06-29 13:33:55,2016-06-30 00:47:32,2016-06-29 13:51:58,2016-06-29 23:21:26,1.0186111111111111,1252,5,1,9.491,0.30083333333333334,1.435,26.38288905278685
2016-06-29 15:18:47,2016-06-30 01:40:20,2016-06-29 15:50:07,2016-06-30 01:23:32,1.7477777777777779,1049,5,1,9.557,0.5222222222222223,0.28,21.9524955529978
2016-06-29 18:31:02,2016-06-30 10:59:38,2016-06-29 19:50:18,2016-06-30 09:00:09,3.2041666666666666,1099,5,1,13.164,1.3211111111111111,1.9913888888888889,16.69705256760863
2016-06-29 18:55:42,2016-06-30 18:28:38,2016-06-29 19:45:09,2016-06-30 17:44:07,0.4111111111111111,2532,5,2,21.983,0.8241666666666667,0.7419444444444444,23.035982349997724
2016-06-30 06:35:38,2016-06-30 22:07:06,2016-06-30 07:28:33,2016-06-30 20:44:00,11.665555555555555,1353,5,1,13.257,0.8819444444444444,1.385,20.411857886399638
2016-06-30 16:32:46,2016-07-01 10:20:59,2016-06-30 19:53:35,2016-07-01 07:44:23,9.952222222222222,494,3,0,11.847,3.3469444444444445,2.61,13.899440083284096
2016-07-01 01:35:18,2016-07-02 05:05:59,2016-07-01 01:55:50,2016-07-01 23:06:01,9.042222222222222,1153,4,1,21.17,0.3422222222222222,5.999444444444444,13.615965989607934
2016-07-01 01:47:50,2016-07-02 02:35:18,2016-07-01 02:11:09,2016-07-02 00:25:15,0.2088888888888889,2112,5,2,22.235,0.38861111111111113,2.1675,18.997076680908478
2016-07-01 02:25:38,2016-07-02 04:19:08,2016-07-01 02:32:12,2016-07-02 02:18:35,0.63,2461,5,2,23.773,0.10944444444444444,2.0091666666666668,20.70416018171876
2016-07-01 05:55:52,2016-07-01 14:14:38,2016-07-01 06:13:11,2016-07-01 13:43:59,3.503888888888889,439,3,0,7.513,0.2886111111111111,0.5108333333333334,19.477350370468965
2016-07-01 09:24:08,2016-07-01 14:39:45,2016-07-01 10:08:13,2016-07-01 14:17:16,3.471111111111111,206,2,0,4.151,0.7347222222222223,0.37472222222222223,24.81329800048181
2016-07-01 10:12:44,2016-07-01 13:44:58,2016-07-01 10:57:24,2016-07-01 13:10:46,0.81,166,3,0,2.223,0.7444444444444445,0.57,24.891288049182787
2016-07-01 12:12:27,2016-07-01 18:52:57,2016-07-01 13:26:06,2016-07-01 17:47:02,1.9952777777777777,287,3,0,4.349,1.2275,1.0986111111111112,21.99739403694336
2016-07-01 12:56:12,2016-07-02 09:43:44,2016-07-01 14:13:48,2016-07-02 08:28:05,0.7291666666666666,2099,6,2,18.238,1.2933333333333332,1.2608333333333333,19.181562305808384
2016-07-01 16:38:19,2016-07-02 05:15:21,2016-07-01 17:05:45,2016-07-02 04:07:38,3.7019444444444445,803,3,0,11.031,0.4572222222222222,1.128611111111111,24.26495029160245
2016-07-01 16:57:50,2016-07-02 11:05:04,2016-07-01 18:03:57,2016-07-02 09:15:21,0.3252777777777778,1483,5,1,15.19,1.1019444444444444,1.8286111111111112,19.526003949967084
2016-07-01 23:16:52,2016-07-02 08:35:51,2016-07-01 23:51:45,2016-07-02 08:00:04,6.317222222222222,337,2,0,8.139,0.5813888888888888,0.5963888888888889,20.702789040422658
2016-07-02 00:37:06,2016-07-02 09:56:22,2016-07-02 02:17:54,2016-07-02 09:01:25,1.3372222222222223,270,2,0,6.725,1.68,0.9158333333333334,20.074349442379184
2016-07-02 00:52:28,2016-07-02 21:28:50,2016-07-02 01:17:06,2016-07-02 19:36:25,0.2561111111111111,1503,5,1,18.322,0.41055555555555556,1.8736111111111111,16.406505839973804
2016-07-02 01:26:51,2016-07-02 23:24:12,2016-07-02 02:11:52,2016-07-02 22:35:47,0.5730555555555555,2534,6,2,20.398,0.7502777777777778,0.8069444444444445,20.704644246167923
2016-07-02 04:22:24,2016-07-03 07:24:05,2016-07-02 04:51:13,2016-07-03 06:55:05,2.9258333333333333,3549,8,3,26.064,0.4802777777777778,0.48333333333333334,17.020603130755063
2016-07-02 10:06:24,2016-07-02 15:33:40,2016-07-02 12:18:46,2016-07-02 14:25:26,5.733333333333333,211,4,0,2.111,2.206111111111111,1.1372222222222221,24.988157271435337
2016-07-02 10:38:47,2016-07-02 21:31:39,2016-07-02 11:07:55,2016-07-02 20:06:48,0.5397222222222222,1066,5,1,8.981,0.4855555555555556,1.4141666666666666,23.739004565193184
2016-07-02 13:21:57,2016-07-02 16:06:45,2016-07-02 13:28:03,2016-07-02 15:18:14,2.7194444444444446,149,3,0,1.836,0.10166666666666667,0.8086111111111111,27.051561365286855
2016-07-02 13:27:49,2016-07-02 21:24:47,2016-07-02 14:04:14,2016-07-02 20:34:18,0.09777777777777778,429,3,0,6.501,0.6069444444444444,0.8413888888888889,21.996615905245346
2016-07-02 17:39:35,2016-07-02 23:17:47,2016-07-02 17:57:39,2016-07-02 22:24:04,4.196111111111111,274,3,0,4.44,0.3011111111111111,0.8952777777777777,20.57057057057057
2016-07-02 21:24:43,2016-07-03 14:32:30,2016-07-02 22:32:58,2016-07-03 10:49:00,3.752222222222222,1242,5,1,12.267,1.1375,3.725,20.249449743213503
2016-07-03 00:51:30,2016-07-03 09:02:20,2016-07-03 01:01:04,2016-07-03 08:13:18,3.446388888888889,407,3,0,7.204,0.15944444444444444,0.8172222222222222,18.832130297982605
2016-07-03 00:56:53,2016-07-03 14:53:15,2016-07-03 03:51:54,2016-07-03 14:13:57,0.08972222222222222,1058,5,1,10.368,2.9169444444444443,0.655,20.40895061728395
2016-07-03 01:37:55,2016-07-03 16:38:49,2016-07-03 02:01:11,2016-07-03 13:41:30,0.6838888888888889,1387,5,1,11.672,0.3877777777777778,2.955277777777778,23.76627827278958
2016-07-03 01:57:35,2016-07-03 06:09:45,2016-07-03 03:02:52,2016-07-03 04:44:32,0.3277777777777778,61,2,0,1.695,1.0880555555555556,1.4202777777777778,17.99410029498525
2016-07-03 02:36:14,2016-07-03 07:32:51,2016-07-03 02:49:17,2016-07-03 06:56:16,0.6441666666666667,267,3,0,4.116,0.2175,0.6097222222222223,21.622934888241012
2016-07-03 04:32:55,2016-07-03 16:48:59,2016-07-03 05:00:45,2016-07-03 14:12:06,1.9447222222222222,1057,5,1,9.189,0.4638888888888889,2.6147222222222224,23.005767765806944
2016-07-03 11:57:10,2016-07-03 19:01:08,2016-07-03 13:05:18,2016-07-03 17:18:25,7.404166666666667,225,3,0,4.219,1.1355555555555557,1.7119444444444445,17.7767243422612
2016-07-03 12:27:53,2016-07-04 09:32:07,2016-07-03 12:38:23,2016-07-04 08:16:43,0.5119444444444444,1086,4,1,19.639,0.175,1.2566666666666666,13.824532817353226
2016-07-03 18:08:42,2016-07-04 07:04:28,2016-07-03 18:14:09,2016-07-04 06:32:54,5.6802777777777775,533,3,0,12.312,0.09083333333333334,0.5261111111111111,14.430366038553172
2016-07-03 19:13:28,2016-07-04 03:20:39,2016-07-03 19:44:22,2016-07-04 02:59:58,1.0794444444444444,1031,5,1,7.26,0.515,0.3447222222222222,28.402203856749313
2016-07-03 20:09:43,2016-07-04 03:52:46,2016-07-03 23:18:25,2016-07-04 01:05:57,0.9375,159,3,0,1.792,3.145,2.7802777777777776,29.575892857142854
2016-07-04 01:10:52,2016-07-04 18:25:40,2016-07-04 04:51:56,2016-07-04 17:45:16,5.019166666666667,439,3,0,12.889,3.6844444444444444,0.6733333333333333,11.353350402151705
2016-07-04 01:12:15,2016-07-04 23:25:25,2016-07-04 02:15:03,2016-07-04 22:49:44,0.023055555555555555,1500,6,1,20.578,1.0466666666666666,0.5947222222222223,12.148896880163282
2016-07-04 01:39:40,2016-07-05 06:06:18,2016-07-04 02:06:19,2016-07-05 04:07:54,0.45694444444444443,3136,6,3,26.026,0.44416666666666665,1.9733333333333334,20.08248162094316
2016-07-04 05:13:16,2016-07-04 13:11:16,2016-07-04 05:40:05,2016-07-04 12:46:33,3.56,415,3,0,7.108,0.4469444444444444,0.41194444444444445,19.46163946726693
2016-07-04 08:40:02,2016-07-04 23:20:51,2016-07-04 09:06:52,2016-07-04 22:13:18,3.446111111111111,1199,5,1,13.107,0.44722222222222224,1.1258333333333332,18.295567254139012
2016-07-04 10:02:25,2016-07-04 21:15:18,2016-07-04 10:20:12,2016-07-04 20:59:30,1.3730555555555555,1116,5,1,10.655,0.29638888888888887,0.2633333333333333,20.947911778507745
2016-07-04 11:20:01,2016-07-05 00:26:20,2016-07-04 11:30:26,2016-07-05 00:03:33,1.2933333333333332,1063,5,1,12.552,0.1736111111111111,0.37972222222222224,16.937539834289357
2016-07-04 12:43:50,2016-07-05 01:09:40,2016-07-04 14:53:58,2016-07-05 00:37:34,1.3969444444444445,588,3,0,9.727,2.168888888888889,0.535,20.150097666289707
2016-07-04 13:46:04,2016-07-04 21:10:25,2016-07-04 14:21:30,2016-07-04 20:10:19,1.0372222222222223,270,3,0,5.814,0.5905555555555555,1.0016666666666667,15.479876160990711
2016-07-04 15:01:14,2016-07-05 03:35:18,2016-07-04 15:25:21,2016-07-05 01:51:51,1.2527777777777778,486,3,0,10.442,0.40194444444444444,1.7241666666666666,15.514269297069527
2016-07-04 15:04:48,2016-07-05 01:04:45,2016-07-04 17:30:30,2016-07-05 00:21:49,0.059444444444444446,339,4,0,6.855,2.4283333333333332,0.7155555555555555,12.36323851203501
2016-07-04 16:32:59,2016-07-05 05:32:35,2016-07-04 17:48:37,2016-07-05 05:11:28,1.4697222222222222,1583,6,1,11.381,1.2605555555555557,0.35194444444444445,23.181911372755764
2016-07-04 22:35:01,2016-07-05 06:02:23,2016-07-04 22:55:42,2016-07-05 05:11:14,6.033888888888889,381,3,0,6.259,0.3447222222222222,0.8525,20.29078127496405
2016-07-04 23:18:02,2016-07-05 03:46:20,2016-07-04 23:29:16,2016-07-05 02:16:20,0.7169444444444445,163,3,0,2.784,0.18722222222222223,1.5,19.516283524904214
2016-07-04 23:29:17,2016-07-05 02:37:18,2016-07-04 23:44:32,2016-07-05 01:57:03,0.1875,85,2,0,2.208,0.25416666666666665,0.6708333333333333,19.2481884057971
2016-07-04 23:36:45,2016-07-05 05:17:35,2016-07-05 00:01:52,2016-07-05 04:17:42,0.12444444444444444,398,3,0,4.264,0.4186111111111111,0.9980555555555556,31.113195747342086
2016-07-05 01:05:50,2016-07-05 08:43:58,2016-07-05 01:39:58,2016-07-05 07:16:16,1.4847222222222223,1107,6,1,5.605,0.5688888888888889,1.4616666666666667,32.91703835860838
2016-07-05 02:30:03,2016-07-05 22:12:08,2016-07-05 03:43:15,2016-07-05 21:22:25,1.4036111111111111,1565,4,1,17.653,1.22,0.8286111111111111,22.163371664872827
2016-07-05 04:28:40,2016-07-05 11:28:53,2016-07-05 05:05:27,2016-07-05 09:53:58,1.9769444444444444,240,3,0,4.809,0.6130555555555556,1.5819444444444444,16.635475150758992
2016-07-05 04:37:48,2016-07-05 14:30:30,2016-07-05 05:05:53,2016-07-05 13:48:09,0.15222222222222223,373,3,0,8.704,0.46805555555555556,0.7058333333333333,14.284620098039214
2016-07-05 06:53:47,2016-07-06 00:22:47,2016-07-05 07:12:44,2016-07-05 23:59:47,2.266388888888889,605,2,0,16.784,0.31583333333333335,0.38333333333333336,18.023117254528124
2016-07-05 08:02:49,2016-07-05 20:41:10,2016-07-05 08:31:43,2016-07-05 17:52:56,1.1505555555555556,1376,6,1,9.354,0.4816666666666667,2.803888888888889,24.517140617204763
2016-07-05 08:46:49,2016-07-05 23:20:52,2016-07-05 09:00:53,2016-07-05 20:34:00,0.7333333333333333,1150,5,1,11.552,0.23444444444444446,2.781111111111111,19.909972299168977
2016-07-05 08:54:27,2016-07-05 22:42:21,2016-07-05 09:08:43,2016-07-05 22:18:17,0.1272222222222222,1449,5,1,13.159,0.23777777777777778,0.4011111111111111,22.022950072193936
2016-07-05 08:59:28,2016-07-06 03:04:35,2016-07-05 09:29:47,2016-07-06 01:45:19,0.08361111111111111,1682,5,1,16.259,0.5052777777777778,1.3211111111111111,20.690079340672856
2016-07-05 09:13:15,2016-07-05 13:21:33,2016-07-05 09:34:08,2016-07-05 12:16:53,0.22972222222222222,201,3,0,2.713,0.34805555555555556,1.0777777777777777,24.69590858827866
2016-07-05 12:33:10,2016-07-06 02:22:48,2016-07-05 12:54:29,2016-07-06 00:31:53,3.3319444444444444,1295,5,1,11.623,0.3552777777777778,1.8486111111111112,22.283403596317648
2016-07-05 12:48:35,2016-07-06 01:08:50,2016-07-05 13:39:51,2016-07-05 22:53:51,0.2569444444444444,1295,6,1,9.233,0.8544444444444445,2.249722222222222,23.37629517311094
2016-07-05 13:12:12,2016-07-05 15:45:27,2016-07-05 13:35:31,2016-07-05 14:24:19,0.39361111111111113,60,4,0,0.813,0.38861111111111113,1.3522222222222222,18.45018450184502
2016-07-05 20:48:04,2016-07-06 06:29:48,2016-07-05 21:28:24,2016-07-06 06:12:45,7.597777777777778,527,2,0,8.739,0.6722222222222223,0.2841666666666667,30.152191326238697
2016-07-05 20:52:11,2016-07-06 19:15:44,2016-07-05 22:24:59,2016-07-06 19:03:05,0.06861111111111111,2221,6,2,20.635,1.5466666666666666,0.21083333333333334,17.93877715854939
2016-07-06 00:22:36,2016-07-08 10:24:34,2016-07-06 00:58:28,2016-07-08 10:11:56,3.5069444444444446,7578,9,6,57.224,0.5977777777777777,0.21055555555555555,14.714105969523278
2016-07-06 00:41:23,2016-07-06 02:28:51,2016-07-06 00:55:25,2016-07-06 01:42:46,0.31305555555555553,68,4,0,0.789,0.2338888888888889,0.7680555555555556,21.546261089987325
2016-07-06 01:39:39,2016-07-07 07:02:04,2016-07-06 01:55:27,2016-07-07 05:12:51,0.9711111111111111,3158,7,3,27.29,0.2633333333333333,1.8202777777777779,16.531434853164424
2016-07-06 02:35:40,2016-07-06 08:03:11,2016-07-06 03:20:48,2016-07-06 06:33:33,0.9336111111111111,247,4,0,3.212,0.7522222222222222,1.4938888888888888,19.22478206724782
2016-07-06 08:11:04,2016-07-07 04:48:57,2016-07-06 08:31:04,2016-07-07 04:12:32,5.59,3304,8,3,19.691,0.3333333333333333,0.6069444444444444,20.974049057945255
2016-07-06 09:00:15,2016-07-06 17:15:15,2016-07-06 13:00:53,2016-07-06 16:45:16,0.8197222222222222,236,3,0,3.74,4.010555555555555,0.49972222222222223,21.03386809269162
2016-07-06 09:21:48,2016-07-06 13:15:08,2016-07-06 09:48:55,2016-07-06 12:10:11,0.3591666666666667,211,4,0,2.355,0.4519444444444444,1.0825,22.39915074309979
2016-07-06 10:25:54,2016-07-07 19:13:08,2016-07-06 10:43:44,2016-07-07 18:15:36,1.0683333333333334,3490,7,3,31.531,0.2972222222222222,0.9588888888888889,15.812103281577768
2016-07-06 11:39:58,2016-07-07 06:32:04,2016-07-06 12:06:13,2016-07-07 06:14:30,1.2344444444444445,1397,5,1,18.138,0.4375,0.2927777777777778,15.404123938692246
2016-07-06 14:01:07,2016-07-06 21:30:25,2016-07-06 15:57:20,2016-07-06 20:42:06,2.3525,358,3,0,4.746,1.9369444444444444,0.8052777777777778,25.143980896193284
2016-07-06 17:30:54,2016-07-07 00:14:50,2016-07-06 18:05:38,2016-07-06 22:13:06,3.4963888888888888,186,2,0,4.124,0.5788888888888889,2.028888888888889,22.550921435499518
2016-07-06 17:53:50,2016-07-08 00:28:04,2016-07-06 18:17:23,2016-07-07 20:40:22,0.38222222222222224,2276,5,2,26.383,0.3925,3.795,17.253534472956073
2016-07-06 18:12:39,2016-07-07 14:49:13,2016-07-06 19:34:15,2016-07-07 14:21:28,0.3136111111111111,1117,4,1,18.787,1.36,0.4625,14.864001703305478
2016-07-06 19:34:55,2016-07-07 09:26:30,2016-07-06 20:07:39,2016-07-07 07:09:27,1.3711111111111112,1090,5,1,11.03,0.5455555555555556,2.2841666666666667,19.76427923844062
2016-07-06 23:13:48,2016-07-08 01:19:55,2016-07-07 00:43:15,2016-07-07 23:49:26,3.6480555555555556,2045,6,2,23.103,1.4908333333333332,1.5080555555555555,14.7527738100391
2016-07-06 23:15:21,2016-07-07 05:52:10,2016-07-07 01:20:01,2016-07-07 05:25:18,0.025833333333333333,213,3,0,4.088,2.077777777777778,0.4477777777777778,17.367906066536204
2016-07-06 23:32:51,2016-07-07 08:11:48,2016-07-06 23:54:46,2016-07-07 07:57:44,0.2916666666666667,558,3,0,8.049,0.36527777777777776,0.23444444444444446,23.10846067834514
2016-07-07 01:35:46,2016-07-07 17:40:36,2016-07-07 01:53:46,2016-07-07 16:43:10,2.048611111111111,1186,4,1,14.823,0.3,0.9572222222222222,20.002698509073735
2016-07-07 02:03:20,2016-07-08 18:29:54,2016-07-07 02:18:30,2016-07-08 17:52:11,0.45944444444444443,3565,7,3,39.562,0.25277777777777777,0.6286111111111111,12.873103338701641
2016-07-07 03:55:54,2016-07-07 13:19:15,2016-07-07 04:41:04,2016-07-07 12:53:21,1.876111111111111,478,3,0,8.205,0.7527777777777778,0.43166666666666664,19.419053422709727
2016-07-07 12:22:14,2016-07-09 02:06:23,2016-07-07 13:12:05,2016-07-09 00:42:15,8.438888888888888,3428,6,3,35.503,0.8308333333333333,1.4022222222222223,16.09253678092931
2016-07-07 13:22:14,2016-07-07 17:00:40,2016-07-07 14:27:06,2016-07-07 16:07:39,1.0,80,3,0,1.676,1.0811111111111111,0.8836111111111111,15.910898965791569
2016-07-07 13:47:26,2016-07-08 10:51:06,2016-07-07 14:00:12,2016-07-08 10:13:23,0.42,2440,7,2,20.22,0.2127777777777778,0.6286111111111111,17.238943054966796
2016-07-07 13:49:47,2016-07-09 04:18:31,2016-07-07 15:26:53,2016-07-09 03:07:44,0.03916666666666667,4219,8,4,35.681,1.6183333333333334,1.1797222222222221,14.780275216501781
2016-07-07 16:44:55,2016-07-08 09:07:18,2016-07-07 17:31:43,2016-07-08 07:44:39,2.918888888888889,2185,7,2,14.215,0.78,1.3775,21.95869554293754
2016-07-07 17:19:46,2016-07-08 06:22:04,2016-07-07 17:44:05,2016-07-08 05:44:41,0.5808333333333333,1073,5,1,12.01,0.4052777777777778,0.6230555555555556,17.868442964196504
2016-07-07 19:24:42,2016-07-08 17:11:37,2016-07-07 20:05:14,2016-07-08 16:32:47,2.082222222222222,2192,5,2,20.459,0.6755555555555556,0.6472222222222223,21.428222298255047
2016-07-07 19:41:13,2016-07-08 10:31:22,2016-07-07 20:31:05,2016-07-08 09:35:04,0.2752777777777778,2129,6,2,13.066,0.8311111111111111,0.9383333333333334,27.156997806010512
2016-07-07 19:55:53,2016-07-08 06:35:29,2016-07-07 20:25:29,2016-07-08 05:21:15,0.24444444444444444,303,3,0,8.929,0.49333333333333335,1.2372222222222222,11.311457050061598
2016-07-07 20:20:51,2016-07-08 08:36:11,2016-07-07 20:28:23,2016-07-08 08:13:18,0.4161111111111111,1131,5,1,11.749,0.12555555555555556,0.3813888888888889,19.252702357647458
2016-07-07 21:31:24,2016-07-08 09:35:11,2016-07-07 21:46:17,2016-07-08 08:58:22,1.1758333333333333,412,2,0,11.201,0.24805555555555556,0.6136111111111111,18.391215070083028
2016-07-07 21:32:13,2016-07-08 21:32:50,2016-07-07 21:39:30,2016-07-08 21:26:14,0.01361111111111111,3337,6,3,23.779,0.1213888888888889,0.11,23.388984678357655
2016-07-07 22:35:53,2016-07-08 15:38:27,2016-07-07 23:03:43,2016-07-08 14:19:43,1.0611111111111111,2657,7,2,15.267,0.4638888888888889,1.3122222222222222,24.86221448689517
2016-07-07 23:25:59,2016-07-08 14:59:57,2016-07-08 00:00:29,2016-07-08 13:56:56,0.835,1399,6,1,13.941,0.575,1.0502777777777779,16.725246873729766
2016-07-08 03:19:04,2016-07-09 02:22:01,2016-07-08 04:01:57,2016-07-08 21:11:35,3.8847222222222224,405,2,0,17.16,0.7147222222222223,5.1738888888888885,11.8006993006993
2016-07-08 14:11:18,2016-07-08 23:43:03,2016-07-08 15:12:22,2016-07-08 21:01:40,10.870555555555555,250,3,0,5.822,1.0177777777777777,2.689722222222222,14.313523416924308
2016-07-08 15:16:22,2016-07-08 21:36:18,2016-07-08 16:29:58,2016-07-08 20:15:24,1.0844444444444445,235,3,0,3.757,1.2266666666666666,1.3483333333333334,20.84996894685476
2016-07-08 15:40:47,2016-07-08 19:18:46,2016-07-08 16:12:09,2016-07-08 18:25:50,0.40694444444444444,105,3,0,2.228,0.5227777777777778,0.8822222222222222,15.709156193895868
2016-07-08 16:04:14,2016-07-08 21:42:31,2016-07-08 17:50:05,2016-07-08 20:16:35,0.3908333333333333,205,4,0,2.442,1.7641666666666667,1.4322222222222223,20.986895986895984
2016-07-08 17:23:04,2016-07-09 13:08:09,2016-07-08 18:04:53,2016-07-09 11:55:41,1.3138888888888889,2160,6,2,17.847,0.6969444444444445,1.2077777777777778,20.171457387796266
2016-07-08 22:47:31,2016-07-09 05:48:33,2016-07-08 23:27:34,2016-07-09 05:28:56,5.4075,229,2,0,6.023,0.6675,0.3269444444444444,19.010459903702476
2016-07-09 07:05:58,2016-07-10 03:53:08,2016-07-09 08:02:07,2016-07-10 02:57:42,8.3075,2208,6,2,18.927,0.9358333333333333,0.9238888888888889,19.4431235800708
2016-07-09 07:09:11,2016-07-10 10:02:32,2016-07-09 07:28:35,2016-07-10 09:09:09,0.05361111111111111,2295,6,2,25.676,0.3233333333333333,0.8897222222222222,14.897180246144261
2016-07-09 08:29:26,2016-07-10 12:41:28,2016-07-09 10:31:55,2016-07-10 11:38:43,1.3375,2536,8,2,25.113,2.0413888888888887,1.0458333333333334,12.62294429180106
2016-07-09 08:31:18,2016-07-09 21:29:30,2016-07-09 09:06:18,2016-07-09 19:41:25,0.03111111111111111,1109,5,1,10.585,0.5833333333333334,1.801388888888889,20.954180444024562
2016-07-09 10:00:24,2016-07-09 19:52:59,2016-07-09 10:21:20,2016-07-09 19:00:36,1.485,378,4,0,8.654,0.3488888888888889,0.8730555555555556,10.919805870117864
2016-07-09 10:28:59,2016-07-09 15:34:53,2016-07-09 10:47:47,2016-07-09 12:53:05,0.47638888888888886,120,3,0,2.088,0.31333333333333335,2.6966666666666668,19.157088122605362
2016-07-09 11:23:22,2016-07-10 01:48:01,2016-07-09 11:52:51,2016-07-10 01:25:02,0.9063888888888889,1434,5,1,13.536,0.4913888888888889,0.38305555555555554,21.18794326241135
2016-07-09 11:38:55,2016-07-09 16:48:18,2016-07-09 12:32:33,2016-07-09 15:06:11,0.25916666666666666,251,4,0,2.56,0.8938888888888888,1.7019444444444445,24.51171875
2016-07-09 15:38:56,2016-07-10 04:58:23,2016-07-09 15:58:07,2016-07-10 03:15:12,4.000277777777778,1277,5,1,11.285,0.31972222222222224,1.7197222222222222,22.63181214000886
2016-07-09 17:48:53,2016-07-10 11:00:34,2016-07-09 18:36:57,2016-07-10 08:47:58,2.1658333333333335,1316,5,1,14.184,0.8011111111111111,2.21,18.556119571348
2016-07-09 19:13:41,2016-07-11 03:47:03,2016-07-09 19:18:35,2016-07-11 02:41:56,1.4133333333333333,3376,7,3,31.389,0.08166666666666667,1.0852777777777778,15.364800225738772
2016-07-09 22:56:58,2016-07-10 11:13:32,2016-07-09 23:52:13,2016-07-10 10:30:54,3.721388888888889,1310,5,1,10.645,0.9208333333333333,0.7105555555555556,24.612494128698923
2016-07-09 23:12:47,2016-07-10 14:06:47,2016-07-09 23:56:09,2016-07-10 13:41:27,0.26361111111111113,1294,5,1,13.755,0.7227777777777777,0.4222222222222222,18.81497637222828
2016-07-10 00:05:05,2016-07-10 15:46:04,2016-07-10 01:29:02,2016-07-10 14:59:27,0.8716666666666667,1468,4,1,13.507,1.3991666666666667,0.7769444444444444,27.171096468497815
2016-07-10 00:20:46,2016-07-11 06:55:17,2016-07-10 08:06:02,2016-07-11 05:42:46,0.2613888888888889,2440,7,2,21.612,7.754444444444444,1.208611111111111,16.12860580101002
2016-07-10 05:25:24,2016-07-10 20:06:47,2016-07-10 06:03:32,2016-07-10 19:36:40,5.077222222222222,1253,5,1,13.552,0.6355555555555555,0.5019444444444444,18.491735537190085
2016-07-10 07:01:57,2016-07-12 12:17:05,2016-07-10 07:58:51,2016-07-12 10:37:34,1.6091666666666666,6550,9,6,50.645,0.9483333333333334,1.658611111111111,14.37018023058106
2016-07-10 07:14:11,2016-07-10 11:09:55,2016-07-10 07:43:05,2016-07-10 10:33:35,0.2038888888888889,179,3,0,2.842,0.4816666666666667,0.6055555555555555,20.994604738447105
2016-07-10 07:44:10,2016-07-11 22:27:45,2016-07-10 07:54:44,2016-07-11 21:41:18,0.49972222222222223,4535,8,4,37.776,0.1761111111111111,0.7741666666666667,15.006220880982633
2016-07-10 07:50:04,2016-07-10 17:35:23,2016-07-10 09:21:02,2016-07-10 15:38:33,0.09833333333333333,373,3,0,6.292,1.5161111111111112,1.9472222222222222,19.76054248781522
2016-07-10 09:53:22,2016-07-11 15:18:13,2016-07-10 10:52:23,2016-07-11 13:07:45,2.055,5292,9,5,26.256,0.9836111111111111,2.1744444444444446,22.39488117001828
2016-07-10 11:24:20,2016-07-10 19:54:29,2016-07-10 11:31:56,2016-07-10 19:20:40,1.5161111111111112,381,3,0,7.812,0.12666666666666668,0.5636111111111111,16.25704045058884
2016-07-10 11:51:07,2016-07-11 06:35:50,2016-07-10 12:56:42,2016-07-11 06:00:51,0.4463888888888889,2295,6,2,17.069,1.0930555555555554,0.5830555555555555,22.409045638291644
2016-07-10 12:55:50,2016-07-10 18:22:28,2016-07-10 14:07:34,2016-07-10 17:09:45,1.0786111111111112,257,3,0,3.036,1.1955555555555555,1.2119444444444445,28.216952129995608
2016-07-10 15:38:00,2016-07-11 09:29:24,2016-07-10 16:09:04,2016-07-11 07:54:24,2.702777777777778,2365,6,2,15.756,0.5177777777777778,1.5833333333333333,25.016924769400017
2016-07-10 16:15:54,2016-07-11 10:34:52,2016-07-10 16:36:12,2016-07-11 06:36:06,0.6316666666666667,1403,5,1,13.998,0.3383333333333333,3.9794444444444443,20.04572081725961
2016-07-10 18:32:48,2016-07-11 14:53:44,2016-07-10 21:10:19,2016-07-11 14:25:46,2.2816666666666667,1474,5,1,17.257,2.625277777777778,0.4661111111111111,17.082922871878075
2016-07-10 18:34:19,2016-07-10 22:11:56,2016-07-10 18:41:40,2016-07-10 21:02:54,0.025277777777777777,172,4,0,2.354,0.1225,1.1505555555555556,18.26677994902294
2016-07-10 20:32:32,2016-07-11 16:05:27,2016-07-10 20:40:59,2016-07-11 15:30:31,1.9702777777777778,3203,8,3,18.825,0.14083333333333334,0.5822222222222222,21.268260292164676
2016-07-10 22:07:00,2016-07-11 17:16:18,2016-07-10 22:36:17,2016-07-11 16:55:30,1.5744444444444445,1467,5,1,18.32,0.4880555555555556,0.3466666666666667,16.015283842794762
2016-07-10 22:13:03,2016-07-11 13:28:08,2016-07-10 22:22:45,2016-07-11 12:51:29,0.10083333333333333,565,2,0,14.479,0.16166666666666665,0.6108333333333333,19.51101595414048
2016-07-11 00:09:40,2016-07-11 09:52:15,2016-07-11 00:34:00,2016-07-11 08:43:17,1.9436111111111112,439,4,0,8.155,0.40555555555555556,1.1494444444444445,13.45800122624157
2016-07-11 02:04:15,2016-07-12 04:07:44,2016-07-11 03:06:04,2016-07-12 03:53:41,1.9097222222222223,5043,8,5,24.794,1.0302777777777778,0.23416666666666666,25.424497862386062
2016-07-11 05:32:26,2016-07-11 13:49:17,2016-07-11 08:44:30,2016-07-11 13:28:14,3.4697222222222224,233,4,0,4.729,3.201111111111111,0.35083333333333333,12.317614717699302
2016-07-11 06:49:49,2016-07-11 12:06:42,2016-07-11 07:23:16,2016-07-11 11:41:59,1.2897222222222222,296,3,0,4.312,0.5575,0.41194444444444445,22.881880024737168
2016-07-11 07:07:56,2016-07-11 19:23:36,2016-07-11 07:23:22,2016-07-11 18:44:14,0.30194444444444446,498,3,0,11.348,0.25722222222222224,0.6561111111111111,14.628128304547054
2016-07-11 07:08:43,2016-07-11 14:23:09,2016-07-11 07:30:49,2016-07-11 13:56:50,0.013055555555555556,402,3,0,6.434,0.36833333333333335,0.4386111111111111,20.826857320484923
2016-07-11 12:03:58,2016-07-12 05:50:09,2016-07-11 12:16:36,2016-07-12 05:36:43,4.920833333333333,680,3,0,17.335,0.21055555555555555,0.2238888888888889,13.075665801365252
2016-07-11 16:21:36,2016-07-12 13:03:59,2016-07-11 16:44:46,2016-07-12 11:53:15,4.293888888888889,1139,6,1,19.141,0.3861111111111111,1.1788888888888889,9.917628824686973
2016-07-11 16:54:36,2016-07-11 20:25:02,2016-07-11 17:36:08,2016-07-11 20:00:47,0.55,192,4,0,2.411,0.6922222222222222,0.4041666666666667,19.908751555371214
2016-07-11 18:36:42,2016-07-12 01:14:40,2016-07-11 19:05:26,2016-07-11 23:30:14,1.7016666666666667,286,3,0,4.413,0.47888888888888886,1.7405555555555556,21.60284009366266
2016-07-11 19:28:36,2016-07-12 12:23:35,2016-07-11 20:21:17,2016-07-12 10:21:04,0.865,2361,7,2,13.996,0.8780555555555556,2.0419444444444443,24.098722083860693
2016-07-11 23:53:25,2016-07-13 02:07:23,2016-07-12 00:11:06,2016-07-13 01:06:39,4.413611111111111,3387,7,3,24.926,0.2947222222222222,1.0122222222222221,19.411744477940417
2016-07-12 06:31:49,2016-07-13 09:55:56,2016-07-12 06:44:44,2016-07-13 09:09:53,6.64,2638,5,2,26.419,0.2152777777777778,0.7675,19.97047579393618
2016-07-12 08:40:29,2016-07-13 01:07:41,2016-07-12 08:58:50,2016-07-13 00:26:15,2.1444444444444444,496,2,0,15.457,0.30583333333333335,0.6905555555555556,16.04451057773177
2016-07-12 08:44:42,2016-07-12 23:37:00,2016-07-12 10:15:24,2016-07-12 23:17:29,0.07027777777777777,1039,6,1,13.035,1.5116666666666667,0.3252777777777778,13.2847461961386
2016-07-12 08:54:53,2016-07-13 01:52:12,2016-07-12 09:01:11,2016-07-12 23:54:54,0.16972222222222222,1353,6,1,14.895,0.105,1.955,15.139308492782812
2016-07-12 09:18:48,2016-07-12 23:18:28,2016-07-12 10:41:44,2016-07-12 21:49:40,0.39861111111111114,504,2,0,11.132,1.3822222222222222,1.48,22.637441609773628
2016-07-12 14:17:53,2016-07-12 18:12:01,2016-07-12 14:46:59,2016-07-12 17:10:59,4.9847222222222225,155,3,0,2.4,0.485,1.0172222222222222,21.52777777777778
2016-07-12 16:36:59,2016-07-12 20:41:08,2016-07-12 17:03:42,2016-07-12 19:26:54,2.3183333333333334,206,4,0,2.387,0.4452777777777778,1.2372222222222222,21.575198994553833
2016-07-12 16:47:26,2016-07-12 20:01:33,2016-07-12 16:59:13,2016-07-12 19:27:44,0.17416666666666666,214,4,0,2.475,0.1963888888888889,0.5636111111111111,21.616161616161616
2016-07-12 20:30:12,2016-07-13 10:52:58,2016-07-12 21:33:39,2016-07-13 10:20:00,3.7127777777777777,366,3,0,12.773,1.0575,0.5494444444444444,9.551397479057385
2016-07-12 22:02:45,2016-07-13 18:08:33,2016-07-12 23:15:50,2016-07-13 17:25:29,1.5425,2004,5,2,18.161,1.2180555555555554,0.7177777777777777,22.0692693133638
2016-07-13 00:01:10,2016-07-13 11:53:40,2016-07-13 00:19:00,2016-07-13 10:26:07,1.9736111111111112,1223,5,1,10.119,0.2972222222222222,1.4591666666666667,24.172349046348454
2016-07-13 00:41:13,2016-07-13 13:52:55,2016-07-13 01:32:20,2016-07-13 13:29:03,0.6675,1191,5,1,11.945,0.8519444444444444,0.3977777777777778,19.94139807450816
2016-07-13 01:37:57,2016-07-13 20:20:19,2016-07-13 02:05:19,2016-07-13 19:45:49,0.9455555555555556,2550,6,2,17.675,0.45611111111111113,0.575,24.045261669024043
2016-07-13 02:12:55,2016-07-13 10:43:53,2016-07-13 02:35:47,2016-07-13 07:45:23,0.5827777777777777,349,3,0,5.16,0.3811111111111111,2.975,22.545219638242894
2016-07-13 02:31:40,2016-07-13 22:46:00,2016-07-13 02:54:39,2016-07-13 21:16:04,0.3125,1415,5,1,18.357,0.38305555555555554,1.498888888888889,15.416462384921283
2016-07-13 02:34:13,2016-07-13 07:48:30,2016-07-13 03:11:31,2016-07-13 07:07:13,0.0425,296,4,0,3.929,0.6216666666666667,0.6880555555555555,18.834308984474422
2016-07-13 05:18:19,2016-07-14 02:44:04,2016-07-13 05:43:10,2016-07-14 02:07:16,2.735,4360,8,4,20.402,0.4141666666666667,0.6133333333333333,26.713067346338594
2016-07-13 08:56:58,2016-07-13 16:03:37,2016-07-13 10:42:40,2016-07-13 15:05:24,3.6441666666666666,299,3,0,4.379,1.7616666666666667,0.9702777777777778,22.760143107254322
2016-07-13 12:20:27,2016-07-14 03:45:25,2016-07-13 12:39:27,2016-07-14 01:39:15,3.391388888888889,1179,5,1,12.997,0.31666666666666665,2.102777777777778,18.142648303454642
2016-07-13 17:23:17,2016-07-14 03:05:50,2016-07-13 17:58:07,2016-07-14 01:30:00,5.0472222222222225,454,3,0,7.531,0.5805555555555556,1.5972222222222223,20.094719603416987
2016-07-14 02:10:25,2016-07-14 10:35:43,2016-07-14 02:20:30,2016-07-14 09:30:36,8.785555555555556,380,3,0,7.168,0.16805555555555557,1.0852777777777778,17.671130952380953
2016-07-14 04:22:37,2016-07-15 06:18:00,2016-07-14 04:35:40,2016-07-15 05:43:41,2.203333333333333,2389,6,2,25.134,0.2175,0.5719444444444445,15.841754860613777
2016-07-14 07:40:50,2016-07-14 11:29:09,2016-07-14 08:13:32,2016-07-14 10:05:21,3.303611111111111,110,3,0,1.864,0.545,1.3966666666666667,19.670958512160226
2016-07-14 11:28:13,2016-07-14 15:56:45,2016-07-14 11:53:56,2016-07-14 15:04:54,3.789722222222222,209,3,0,3.183,0.4286111111111111,0.8641666666666666,21.887108597758928
2016-07-14 15:32:44,2016-07-16 01:54:20,2016-07-14 16:12:12,2016-07-16 01:25:53,4.075277777777778,3408,7,3,33.228,0.6577777777777778,0.4741666666666667,14.652014652014651
2016-07-14 17:29:16,2016-07-15 05:43:50,2016-07-14 17:48:35,2016-07-15 04:23:03,1.9422222222222223,1357,5,1,10.574,0.3219444444444444,1.3463888888888889,25.666729714393796
2016-07-15 00:45:09,2016-07-15 12:36:35,2016-07-15 01:10:17,2016-07-15 09:52:28,7.264722222222222,352,2,0,8.703,0.41888888888888887,2.7352777777777777,20.222911639664485
2016-07-15 02:27:24,2016-07-15 20:57:43,2016-07-15 04:35:05,2016-07-15 17:05:38,1.7041666666666666,1432,5,1,12.509,2.1280555555555556,3.8680555555555554,22.895515229035095
2016-07-15 02:50:01,2016-07-15 12:15:02,2016-07-15 03:03:42,2016-07-15 09:42:24,0.37694444444444447,449,3,0,6.645,0.22805555555555557,2.543888888888889,22.52320040130424
2016-07-15 05:32:12,2016-07-15 21:14:48,2016-07-15 06:30:02,2016-07-15 20:11:24,2.7030555555555558,1334,5,1,13.689,0.9638888888888889,1.0566666666666666,19.490101541383595
2016-07-15 06:08:14,2016-07-15 18:56:19,2016-07-15 07:20:08,2016-07-15 17:30:38,0.6005555555555555,1259,6,1,10.175,1.1983333333333333,1.4280555555555556,20.62244062244062
2016-07-15 06:11:31,2016-07-16 12:33:19,2016-07-15 07:58:29,2016-07-16 11:09:39,0.05472222222222222,3376,7,3,27.186,1.7827777777777778,1.3944444444444444,17.740223434330694
2016-07-15 06:57:35,2016-07-15 21:33:38,2016-07-15 07:37:15,2016-07-15 21:07:51,0.7677777777777778,2256,6,2,13.51,0.6611111111111111,0.4297222222222222,27.831236121391562
2016-07-15 09:27:44,2016-07-16 19:28:40,2016-07-15 10:23:41,2016-07-16 18:23:42,2.5025,2403,6,2,32.0,0.9325,1.0827777777777778,12.515625
2016-07-15 11:35:18,2016-07-15 17:25:09,2016-07-15 12:08:59,2016-07-15 15:12:28,2.1261111111111113,218,3,0,3.058,0.5613888888888889,2.211388888888889,23.76280793546981
2016-07-15 19:02:04,2016-07-17 03:20:51,2016-07-15 19:40:34,2016-07-17 02:23:43,7.446111111111111,4538,8,4,30.719,0.6416666666666667,0.9522222222222222,18.465770370129235
2016-07-15 20:03:13,2016-07-17 00:24:24,2016-07-15 20:20:29,2016-07-17 00:12:09,1.0191666666666668,2048,6,2,27.861,0.2877777777777778,0.20416666666666666,12.251295119821016
2016-07-15 22:32:29,2016-07-16 16:38:34,2016-07-15 23:14:14,2016-07-16 16:17:42,2.4877777777777776,2179,6,2,17.058,0.6958333333333333,0.3477777777777778,21.290108258099817
2016-07-16 01:07:18,2016-07-16 22:40:24,2016-07-16 01:19:47,2016-07-16 21:51:23,2.580277777777778,2260,6,2,20.527,0.20805555555555555,0.8169444444444445,18.349815689904354
2016-07-16 04:21:00,2016-07-16 05:38:40,2016-07-16 04:32:01,2016-07-16 05:09:46,3.2283333333333335,71,4,0,0.629,0.1836111111111111,0.4816666666666667,28.21939586645469
2016-07-16 05:19:50,2016-07-17 04:58:28,2016-07-16 06:46:34,2016-07-17 03:36:42,0.9805555555555555,1444,5,1,20.835,1.4455555555555555,1.3627777777777779,13.861291096712261
2016-07-16 05:49:24,2016-07-17 06:04:19,2016-07-16 06:25:52,2016-07-17 05:34:21,0.49277777777777776,3196,7,3,23.141,0.6077777777777778,0.49944444444444447,19.729978331594513
2016-07-16 05:53:12,2016-07-16 11:36:05,2016-07-16 06:13:10,2016-07-16 11:02:57,0.06333333333333334,380,3,0,4.829,0.3327777777777778,0.5522222222222222,26.23041347414924
2016-07-16 06:03:20,2016-07-16 11:09:46,2016-07-16 08:24:42,2016-07-16 10:17:31,0.1688888888888889,157,3,0,1.88,2.3561111111111113,0.8708333333333333,27.836879432624116
2016-07-16 07:13:30,2016-07-17 18:19:41,2016-07-16 07:16:17,2016-07-17 16:06:20,1.1694444444444445,1401,4,1,32.834,0.04638888888888889,2.2225,10.66729609551075
2016-07-16 07:36:25,2016-07-16 18:59:06,2016-07-16 08:22:02,2016-07-16 18:05:38,0.3819444444444444,1418,5,1,9.727,0.7602777777777778,0.8911111111111111,29.15595764367225
2016-07-16 08:08:58,2016-07-17 21:46:47,2016-07-16 08:30:11,2016-07-17 20:27:38,0.5425,2327,5,2,35.957,0.3536111111111111,1.3191666666666666,12.943237756208806
2016-07-16 09:13:01,2016-07-16 13:58:08,2016-07-16 09:41:56,2016-07-16 13:02:28,1.0675,180,3,0,3.342,0.48194444444444445,0.9277777777777778,17.953321364452425
2016-07-16 10:24:44,2016-07-16 23:58:54,2016-07-16 11:56:54,2016-07-16 22:44:49,1.1952777777777779,1184,5,1,10.799,1.5361111111111112,1.2347222222222223,21.927956292249284
2016-07-16 10:27:48,2016-07-17 11:25:20,2016-07-16 12:01:46,2016-07-17 11:07:32,0.051111111111111114,2178,5,2,23.096,1.566111111111111,0.2966666666666667,18.860408728784204
2016-07-16 10:41:17,2016-07-16 21:16:54,2016-07-16 12:53:43,2016-07-16 20:37:13,0.2247222222222222,365,3,0,7.725,2.207222222222222,0.6613888888888889,15.74973031283711
2016-07-16 11:30:57,2016-07-16 20:45:41,2016-07-16 11:52:27,2016-07-16 16:30:32,0.8277777777777777,244,3,0,4.635,0.35833333333333334,4.2525,17.54764473211075
2016-07-16 12:36:32,2016-07-16 19:51:29,2016-07-16 12:50:47,2016-07-16 19:24:00,1.0930555555555554,311,2,0,6.554,0.2375,0.45805555555555555,23.725968873970093
2016-07-16 14:17:28,2016-07-16 18:25:48,2016-07-16 14:42:56,2016-07-16 17:37:48,1.6822222222222223,100,3,0,2.915,0.42444444444444446,0.8,11.435105774728415
2016-07-16 15:07:32,2016-07-17 02:07:53,2016-07-16 15:44:15,2016-07-17 01:25:31,0.8344444444444444,454,3,0,9.688,0.6119444444444444,0.7061111111111111,15.620699146710708
2016-07-16 16:30:50,2016-07-17 15:06:26,2016-07-16 17:36:29,2016-07-17 14:04:09,1.3883333333333334,2203,7,2,20.461,1.0941666666666667,1.0380555555555555,15.381178129821894
2016-07-16 16:50:37,2016-07-17 08:45:44,2016-07-16 17:42:13,2016-07-17 08:21:57,0.32972222222222225,1381,5,1,14.662,0.86,0.3963888888888889,18.837812031100803
2016-07-16 19:19:46,2016-07-17 02:23:57,2016-07-16 19:42:22,2016-07-16 23:51:03,2.4858333333333333,401,5,0,4.145,0.37666666666666665,2.5483333333333333,19.34861278648975
2016-07-16 20:27:11,2016-07-17 01:20:09,2016-07-16 20:59:32,2016-07-17 00:18:43,1.1236111111111111,174,2,0,3.32,0.5391666666666667,1.0238888888888888,26.204819277108435
2016-07-17 00:36:50,2016-07-17 14:05:27,2016-07-17 01:00:26,2016-07-17 13:10:20,4.160833333333334,1181,4,1,12.165,0.3933333333333333,0.9186111111111112,24.270448006576245
2016-07-17 01:23:43,2016-07-17 09:02:32,2016-07-17 01:36:43,2016-07-17 07:06:48,0.7813888888888889,332,3,0,5.501,0.21666666666666667,1.9288888888888889,20.117554384051385
2016-07-17 03:10:56,2016-07-17 07:55:00,2016-07-17 03:29:45,2016-07-17 07:24:53,1.7869444444444444,241,3,0,3.919,0.3136111111111111,0.5019444444444444,20.498426469337417
2016-07-17 03:43:50,2016-07-17 11:04:41,2016-07-17 04:31:35,2016-07-17 10:45:08,0.5483333333333333,461,3,0,6.226,0.7958333333333333,0.3258333333333333,24.681443409358604
2016-07-17 07:24:42,2016-07-18 01:21:11,2016-07-17 07:40:26,2016-07-18 00:17:19,3.681111111111111,1229,5,1,16.615,0.26222222222222225,1.0644444444444445,14.793860969003914
2016-07-17 07:54:02,2016-07-17 13:27:11,2016-07-17 08:28:28,2016-07-17 13:06:27,0.4888888888888889,318,3,0,4.633,0.5738888888888889,0.34555555555555556,22.879343837686164
2016-07-17 10:27:27,2016-07-18 16:55:36,2016-07-17 11:30:15,2016-07-18 16:26:07,2.5569444444444445,4409,7,4,28.931,1.0466666666666666,0.4913888888888889,21.771011816291967
2016-07-17 15:12:53,2016-07-17 21:51:19,2016-07-17 15:38:21,2016-07-17 21:25:05,4.7572222222222225,201,2,0,5.779,0.42444444444444446,0.43722222222222223,17.390551998615678
2016-07-17 16:26:23,2016-07-17 17:39:00,2016-07-17 16:39:44,2016-07-17 17:12:25,1.225,46,4,0,0.545,0.2225,0.44305555555555554,21.10091743119266
2016-07-17 16:29:08,2016-07-18 04:00:47,2016-07-17 16:40:06,2016-07-18 02:44:34,0.04583333333333333,1154,5,1,10.074,0.1827777777777778,1.2702777777777778,22.910462576930716
2016-07-17 17:32:42,2016-07-18 00:54:18,2016-07-17 17:52:20,2016-07-18 00:01:01,1.0594444444444444,277,3,0,6.145,0.32722222222222225,0.8880555555555556,15.0257662055872
2016-07-17 17:36:32,2016-07-18 13:21:05,2016-07-17 20:44:56,2016-07-18 12:19:16,0.06388888888888888,1477,5,1,15.572,3.14,1.0302777777777778,18.96994605702543
2016-07-17 19:15:55,2016-07-18 19:23:09,2016-07-17 20:14:29,2016-07-18 16:55:02,1.656388888888889,2432,7,2,20.676,0.9761111111111112,2.468611111111111,16.803471243401596
2016-07-17 19:29:35,2016-07-19 12:42:46,2016-07-17 21:06:01,2016-07-19 11:24:20,0.22777777777777777,2348,4,2,38.305,1.6072222222222223,1.3072222222222223,15.324370186659705
2016-07-17 19:49:36,2016-07-18 17:05:55,2016-07-17 20:23:11,2016-07-18 14:01:11,0.33361111111111114,2211,6,2,17.633,0.5597222222222222,3.078888888888889,20.898315658140984
2016-07-17 21:42:48,2016-07-18 13:52:20,2016-07-17 21:55:31,2016-07-18 11:41:57,1.8866666666666667,587,2,0,13.774,0.21194444444444444,2.1730555555555555,21.308261942790768
2016-07-17 22:39:36,2016-07-18 07:12:09,2016-07-17 23:53:00,2016-07-18 03:51:41,0.9466666666666667,234,3,0,3.978,1.2233333333333334,3.341111111111111,19.6078431372549
2016-07-17 23:32:05,2016-07-18 10:16:04,2016-07-18 01:03:58,2016-07-18 08:57:06,0.8747222222222222,477,2,0,7.885,1.531388888888889,1.316111111111111,30.24730500951173
2016-07-18 02:59:45,2016-07-20 04:28:13,2016-07-18 04:52:01,2016-07-20 03:25:58,3.4611111111111112,2240,6,2,46.566,1.8711111111111112,1.0375,8.017294449455253
2016-07-18 03:23:09,2016-07-18 23:03:47,2016-07-18 16:30:21,2016-07-18 20:50:36,0.39,380,4,0,4.338,13.12,2.2197222222222224,21.8994928538497
2016-07-18 07:06:12,2016-07-18 13:08:13,2016-07-18 07:17:11,2016-07-18 12:37:09,3.7175,290,3,0,5.333,0.18305555555555555,0.5177777777777778,18.126132883305207
2016-07-18 08:55:59,2016-07-18 19:51:03,2016-07-18 09:27:41,2016-07-18 19:17:59,1.8297222222222222,1171,6,1,9.838,0.5283333333333333,0.5511111111111111,19.838042962661792
2016-07-18 11:12:39,2016-07-19 02:28:45,2016-07-18 11:51:48,2016-07-19 02:02:45,2.2777777777777777,1175,4,1,14.182,0.6525,0.43333333333333335,20.712875475955435
2016-07-18 11:42:42,2016-07-19 15:28:58,2016-07-18 12:04:21,2016-07-19 14:31:30,0.5008333333333334,3495,7,3,26.453,0.36083333333333334,0.9577777777777777,18.874445782546942
2016-07-18 12:00:53,2016-07-19 04:47:31,2016-07-18 12:11:51,2016-07-19 03:34:33,0.3030555555555556,1236,5,1,15.378,0.1827777777777778,1.2161111111111111,16.074912212251267
2016-07-18 12:09:03,2016-07-18 16:23:15,2016-07-18 12:26:40,2016-07-18 16:01:30,0.1361111111111111,320,4,0,3.581,0.2936111111111111,0.3625,22.340128455738622
2016-07-18 15:15:11,2016-07-19 12:31:23,2016-07-18 15:29:54,2016-07-19 11:34:08,3.102222222222222,2238,6,2,20.07,0.2452777777777778,0.9541666666666667,18.584952665670155
2016-07-18 19:16:48,2016-07-19 07:40:06,2016-07-18 22:09:24,2016-07-19 05:36:42,4.026944444444444,289,2,0,7.455,2.8766666666666665,2.0566666666666666,19.38296445338699
2016-07-18 20:22:32,2016-07-19 00:56:07,2016-07-18 20:35:31,2016-07-18 23:13:01,1.0955555555555556,151,3,0,2.625,0.21638888888888888,1.7183333333333333,19.174603174603174
2016-07-18 21:28:29,2016-07-19 02:17:53,2016-07-18 21:42:54,2016-07-19 01:08:50,1.0991666666666666,206,3,0,3.432,0.24027777777777778,1.1508333333333334,20.00777000777001
2016-07-18 21:32:44,2016-07-19 09:08:19,2016-07-18 23:18:02,2016-07-19 08:58:40,0.07083333333333333,1050,4,1,9.677,1.755,0.16083333333333333,27.1261754676036
2016-07-18 22:48:24,2016-07-19 14:01:40,2016-07-18 23:26:15,2016-07-19 12:19:12,1.261111111111111,1205,5,1,12.882,0.6308333333333334,1.7077777777777778,18.708275112560163
2016-07-19 01:18:26,2016-07-19 16:54:09,2016-07-19 09:32:48,2016-07-19 15:55:14,2.5005555555555556,267,2,0,6.374,8.239444444444445,0.9819444444444444,20.944461876372767
2016-07-19 05:31:16,2016-07-19 22:35:06,2016-07-19 05:56:53,2016-07-19 22:08:22,4.213888888888889,1384,5,1,16.191,0.42694444444444446,0.44555555555555554,17.095917485022543
2016-07-19 06:39:21,2016-07-20 13:04:54,2016-07-19 07:09:21,2016-07-20 12:14:22,1.1347222222222222,3621,6,3,29.084,0.5,0.8422222222222222,20.750240682162016
2016-07-19 06:59:40,2016-07-19 16:04:49,2016-07-19 08:40:10,2016-07-19 14:51:48,0.3386111111111111,382,4,0,6.194,1.675,1.2169444444444444,15.418146593477559
2016-07-19 08:08:49,2016-07-20 21:14:41,2016-07-19 09:31:48,2016-07-20 20:32:25,1.1525,4619,8,4,35.01,1.3830555555555555,0.7044444444444444,16.491716652385033
2016-07-19 10:44:46,2016-07-20 17:54:53,2016-07-19 11:36:32,2016-07-20 17:01:45,2.5991666666666666,2537,5,2,29.42,0.8627777777777778,0.8855555555555555,17.246770904146835
2016-07-19 16:27:48,2016-07-20 00:00:36,2016-07-19 17:08:29,2016-07-19 22:46:43,5.717222222222222,165,2,0,5.637,0.6780555555555555,1.2313888888888889,14.635444385311336
2016-07-19 19:40:01,2016-07-20 06:33:47,2016-07-19 20:27:52,2016-07-20 04:41:05,3.203611111111111,417,3,0,8.22,0.7975,1.8783333333333334,16.909975669099754
2016-07-19 22:15:10,2016-07-20 02:53:59,2016-07-19 23:18:46,2016-07-20 02:25:50,2.5858333333333334,82,3,0,3.118,1.06,0.4691666666666667,8.766303185802865
2016-07-20 10:32:28,2016-07-21 03:41:51,2016-07-20 11:24:25,2016-07-21 03:17:11,12.288333333333334,1098,4,1,15.879,0.8658333333333333,0.4111111111111111,17.28698280748158
2016-07-20 17:32:06,2016-07-21 16:50:05,2016-07-20 17:56:57,2016-07-21 15:16:39,6.993888888888889,1416,5,1,21.328,0.4141666666666667,1.5572222222222223,13.278319579894974
2016-07-20 19:29:19,2016-07-21 02:18:40,2016-07-20 20:04:32,2016-07-21 01:10:56,1.9536111111111112,228,3,0,5.107,0.5869444444444445,1.1288888888888888,14.881535147836301
2016-07-20 21:46:32,2016-07-21 05:58:01,2016-07-20 22:05:02,2016-07-21 03:26:16,2.2869444444444444,420,3,0,5.354,0.30833333333333335,2.529166666666667,26.14867388868136
2016-07-21 00:36:14,2016-07-21 07:47:32,2016-07-21 01:01:54,2016-07-21 06:06:34,2.828333333333333,384,4,0,5.078,0.42777777777777776,1.6827777777777777,18.905080740448994
2016-07-21 04:02:17,2016-07-21 08:26:02,2016-07-21 04:17:06,2016-07-21 07:56:31,3.4341666666666666,209,3,0,3.657,0.24694444444444444,0.49194444444444446,19.05022331601495
2016-07-21 05:17:03,2016-07-21 20:19:06,2016-07-21 05:51:20,2016-07-21 19:53:53,1.2461111111111112,1074,3,1,14.042,0.5713888888888888,0.42027777777777775,25.494943740207948
2016-07-21 08:39:50,2016-07-23 09:31:38,2016-07-21 09:06:59,2016-07-23 08:32:31,3.379722222222222,6071,8,6,47.426,0.4525,0.9852777777777778,16.001244043351747
2016-07-21 09:36:09,2016-07-22 03:43:34,2016-07-21 09:39:53,2016-07-22 02:38:39,0.9386111111111111,1216,5,1,16.979,0.06222222222222222,1.0819444444444444,14.323576182342896
2016-07-21 13:27:31,2016-07-21 23:08:27,2016-07-21 13:55:55,2016-07-21 21:35:22,3.8561111111111113,453,3,0,7.658,0.47333333333333333,1.551388888888889,19.717942021415514
2016-07-21 14:18:56,2016-07-22 10:16:40,2016-07-21 15:07:32,2016-07-22 09:25:07,0.8569444444444444,2484,6,2,18.293,0.81,0.8591666666666666,22.631607718799543
2016-07-21 15:02:24,2016-07-22 18:03:21,2016-07-21 15:43:12,2016-07-22 17:33:50,0.7244444444444444,2514,5,2,25.844,0.68,0.49194444444444446,19.455192694629314
2016-07-21 17:16:59,2016-07-23 00:37:44,2016-07-21 18:27:08,2016-07-23 00:07:00,2.2430555555555554,2413,6,2,29.665,1.1691666666666667,0.5122222222222222,13.556941401202314
2016-07-21 18:56:04,2016-07-22 02:31:44,2016-07-21 20:30:07,2016-07-22 01:31:01,1.6513888888888888,324,3,0,5.015,1.5675,1.0119444444444445,21.53539381854437
2016-07-21 19:15:36,2016-07-22 11:50:53,2016-07-21 20:51:16,2016-07-22 10:38:22,0.32555555555555554,2143,6,2,13.785,1.5944444444444446,1.208611111111111,25.909805343972916
2016-07-21 20:05:34,2016-07-22 12:30:08,2016-07-21 22:04:14,2016-07-22 11:55:34,0.8327777777777777,1197,4,1,13.856,1.9777777777777779,0.5761111111111111,21.597142032332563
2016-07-21 22:01:03,2016-07-22 02:42:30,2016-07-21 22:21:56,2016-07-22 02:10:15,1.9247222222222222,169,2,0,3.805,0.34805555555555556,0.5375,22.207621550591327
2016-07-21 22:52:47,2016-07-22 05:56:43,2016-07-21 23:37:54,2016-07-22 04:36:55,0.8622222222222222,417,4,0,4.984,0.7519444444444444,1.33,20.9169341894061
2016-07-22 00:46:18,2016-07-22 17:13:36,2016-07-22 01:21:08,2016-07-22 16:38:53,1.8919444444444444,445,2,0,15.296,0.5805555555555556,0.5786111111111111,14.546286610878662
2016-07-22 05:11:19,2016-07-22 23:22:13,2016-07-22 05:17:22,2016-07-22 21:15:35,4.416944444444445,1270,4,1,15.97,0.10083333333333333,2.1105555555555555,19.881026925485283
2016-07-22 06:47:45,2016-07-22 19:57:22,2016-07-22 09:00:38,2016-07-22 18:13:15,1.6072222222222223,1071,5,1,9.21,2.214722222222222,1.7352777777777777,23.25732899022801
2016-07-22 07:22:30,2016-07-22 18:19:45,2016-07-22 08:27:54,2016-07-22 17:25:58,0.5791666666666667,401,2,0,8.968,1.09,0.8963888888888889,22.35727029438002
2016-07-22 10:00:18,2016-07-23 06:21:04,2016-07-22 11:27:15,2016-07-23 06:02:01,2.63,3093,7,3,18.579,1.4491666666666667,0.3175,23.78261170445895
2016-07-22 14:53:39,2016-07-24 01:20:20,2016-07-22 16:21:26,2016-07-23 23:36:55,4.889166666666667,1549,5,1,31.258,1.4630555555555556,1.7236111111111112,9.91106276793141
2016-07-22 14:58:03,2016-07-23 07:04:53,2016-07-22 15:33:21,2016-07-23 06:14:31,0.07333333333333333,1054,5,1,14.686,0.5883333333333334,0.8394444444444444,14.353806346180034
2016-07-22 15:10:07,2016-07-22 19:49:09,2016-07-22 15:31:20,2016-07-22 19:27:11,0.2011111111111111,274,3,0,3.931,0.3536111111111111,0.3661111111111111,23.234121936742138
2016-07-22 17:12:37,2016-07-22 23:39:09,2016-07-22 17:32:15,2016-07-22 22:50:44,2.0416666666666665,351,3,0,5.308,0.32722222222222225,0.8069444444444445,22.042200452147704
2016-07-22 19:27:12,2016-07-23 09:51:59,2016-07-22 19:44:51,2016-07-23 08:49:39,2.2430555555555554,1091,5,1,13.08,0.2941666666666667,1.038888888888889,16.68195718654434
2016-07-22 19:39:55,2016-07-23 02:53:40,2016-07-22 20:37:38,2016-07-23 01:54:32,0.21194444444444444,347,3,0,5.282,0.9619444444444445,0.9855555555555555,21.89827085699861
2016-07-22 21:45:36,2016-07-23 12:49:33,2016-07-22 21:53:40,2016-07-23 12:11:38,2.0947222222222224,1229,5,1,14.299,0.13444444444444445,0.6319444444444444,17.19001328764249
2016-07-22 21:50:16,2016-07-23 02:15:29,2016-07-22 23:37:14,2016-07-23 00:52:07,0.07777777777777778,96,4,0,1.248,1.7827777777777778,1.3894444444444445,19.23076923076923
2016-07-22 23:15:47,2016-07-23 15:22:51,2016-07-23 00:05:13,2016-07-23 13:57:13,1.4252777777777779,1050,5,1,13.867,0.8238888888888889,1.4272222222222222,15.14386673397274
2016-07-23 01:13:34,2016-07-23 06:16:45,2016-07-23 01:34:54,2016-07-23 04:59:02,1.9630555555555556,183,3,0,3.402,0.35555555555555557,1.2952777777777778,17.930629041740154
2016-07-23 02:23:23,2016-07-23 16:31:01,2016-07-23 02:50:56,2016-07-23 15:31:46,1.1636111111111112,2349,7,2,12.681,0.45916666666666667,0.9875,26.46253675352327
2016-07-23 03:11:26,2016-07-23 13:06:24,2016-07-23 03:43:52,2016-07-23 12:46:06,0.8008333333333333,1221,6,1,9.037,0.5405555555555556,0.3383333333333333,22.518534912028326
2016-07-23 05:44:33,2016-07-23 22:34:18,2016-07-23 08:51:11,2016-07-23 21:53:02,2.5519444444444446,1615,5,1,13.031,3.1105555555555555,0.6877777777777778,24.787046274269052
2016-07-23 06:00:37,2016-07-23 11:25:05,2016-07-23 06:28:58,2016-07-23 10:38:00,0.2677777777777778,403,4,0,4.15,0.4725,0.7847222222222222,24.277108433734938
2016-07-23 07:28:14,2016-07-23 13:03:49,2016-07-23 07:58:28,2016-07-23 09:39:25,1.4602777777777778,147,4,0,1.682,0.5038888888888889,3.4066666666666667,21.84898929845422
2016-07-23 10:32:32,2016-07-24 00:49:02,2016-07-23 11:05:10,2016-07-24 00:12:32,3.0716666666666668,1159,4,1,13.123,0.5438888888888889,0.6083333333333333,22.07955497980645
2016-07-23 12:11:09,2016-07-23 15:45:15,2016-07-23 12:30:19,2016-07-23 14:29:36,1.6436111111111111,91,2,0,1.988,0.3194444444444444,1.2608333333333333,22.887323943661972
2016-07-23 12:16:48,2016-07-23 21:45:00,2016-07-23 12:34:41,2016-07-23 21:14:30,0.09416666666666666,1111,6,1,8.663,0.2980555555555556,0.5083333333333333,21.37442764246412
2016-07-23 12:23:44,2016-07-23 22:48:01,2016-07-23 13:30:42,2016-07-23 22:06:10,0.11555555555555555,202,3,0,8.591,1.116111111111111,0.6975,7.837659566212705
2016-07-23 12:56:40,2016-07-23 18:01:59,2016-07-23 13:41:00,2016-07-23 17:02:01,0.5488888888888889,343,4,0,3.35,0.7388888888888889,0.9994444444444445,25.597014925373134
2016-07-23 17:07:48,2016-07-25 05:55:41,2016-07-23 17:14:19,2016-07-25 04:55:15,4.185555555555555,7133,9,6,35.682,0.10861111111111112,1.0072222222222222,22.21163487348118
2016-07-23 18:46:34,2016-07-24 01:44:25,2016-07-23 18:59:15,2016-07-24 00:41:33,1.646111111111111,137,2,0,5.705,0.21138888888888888,1.0477777777777777,12.00701139351446
2016-07-23 18:50:10,2016-07-24 14:02:09,2016-07-23 18:55:04,2016-07-24 12:39:40,0.06,1172,5,1,17.743,0.08166666666666667,1.3747222222222222,13.210843713013585
2016-07-23 22:55:41,2016-07-24 11:59:27,2016-07-23 23:20:07,2016-07-24 11:21:24,4.091944444444445,1242,5,1,12.021,0.4072222222222222,0.6341666666666667,20.66383828300474
2016-07-24 00:08:34,2016-07-24 05:36:47,2016-07-24 00:39:43,2016-07-24 05:13:04,1.2147222222222223,355,4,0,4.556,0.5191666666666667,0.3952777777777778,19.47980684811238
2016-07-24 00:19:46,2016-07-24 17:04:56,2016-07-24 00:29:51,2016-07-24 16:27:24,0.18666666666666668,1547,5,1,15.959,0.16805555555555557,0.6255555555555555,19.38717964784761
2016-07-24 02:40:29,2016-07-24 12:49:29,2016-07-24 03:20:08,2016-07-24 11:54:16,2.3452777777777776,1163,5,1,8.569,0.6608333333333334,0.9202777777777778,27.14435756797759
2016-07-24 04:40:55,2016-07-24 23:43:49,2016-07-24 05:41:05,2016-07-24 23:04:59,2.007222222222222,3127,8,3,17.398,1.0027777777777778,0.6472222222222223,22.4666628348086
2016-07-24 09:08:37,2016-07-24 12:43:26,2016-07-24 09:33:40,2016-07-24 12:15:54,4.461666666666667,126,3,0,2.704,0.4175,0.4588888888888889,15.532544378698224
2016-07-24 12:40:38,2016-07-25 12:02:56,2016-07-24 12:42:44,2016-07-25 09:26:31,3.533611111111111,1381,5,1,20.73,0.035,2.6069444444444443,13.323685479980703
2016-07-24 12:56:35,2016-07-25 04:57:36,2016-07-24 13:14:35,2016-07-25 03:12:18,0.2658333333333333,1233,5,1,13.962,0.3,1.755,17.66222604211431
2016-07-24 14:34:54,2016-07-25 12:55:19,2016-07-24 15:15:58,2016-07-25 11:08:43,1.638611111111111,1497,5,1,19.879,0.6844444444444444,1.7766666666666666,15.06111977463655
2016-07-24 16:16:01,2016-07-24 19:39:52,2016-07-24 17:18:52,2016-07-24 18:43:29,1.6852777777777779,103,4,0,1.41,1.0475,0.9397222222222222,18.26241134751773
2016-07-24 16:40:06,2016-07-24 21:35:32,2016-07-24 17:45:59,2016-07-24 20:58:42,0.4013888888888889,192,3,0,3.212,1.0980555555555556,0.6138888888888889,19.9252801992528
2016-07-24 21:18:27,2016-07-25 04:13:53,2016-07-24 22:47:22,2016-07-25 03:00:46,4.639166666666667,234,3,0,4.223,1.4819444444444445,1.218611111111111,18.47028179019654
2016-07-24 23:49:57,2016-07-25 12:16:00,2016-07-25 01:21:53,2016-07-25 11:49:49,2.525,1315,6,1,10.466,1.5322222222222222,0.4363888888888889,20.94082425632206
2016-07-25 00:14:19,2016-07-25 14:53:35,2016-07-25 00:24:44,2016-07-25 13:33:47,0.4061111111111111,1249,5,1,13.151,0.1736111111111111,1.33,18.99475325070337
2016-07-25 06:17:19,2016-07-25 09:23:57,2016-07-25 06:26:46,2016-07-25 08:12:59,6.05,84,2,0,1.77,0.1575,1.1827777777777777,23.728813559322035
2016-07-25 06:17:58,2016-07-26 09:37:23,2016-07-25 07:01:17,2016-07-26 06:56:51,0.010833333333333334,4470,8,4,23.926,0.7219444444444445,2.6755555555555555,23.353255872272843
2016-07-25 07:54:33,2016-07-26 00:55:04,2016-07-25 08:00:59,2016-07-26 00:03:51,1.6097222222222223,1355,5,1,16.048,0.10722222222222222,0.8536111111111111,16.886839481555334
2016-07-25 08:53:09,2016-07-26 00:33:31,2016-07-25 09:16:26,2016-07-25 23:38:59,0.9766666666666667,2282,6,2,14.376,0.38805555555555554,0.9088888888888889,26.456130588017064
2016-07-25 13:58:46,2016-07-26 03:34:36,2016-07-25 15:07:23,2016-07-26 02:32:14,5.0936111111111115,1410,5,1,11.414,1.1436111111111111,1.0394444444444444,24.706500788505345
2016-07-25 14:08:26,2016-07-25 20:51:10,2016-07-25 14:14:10,2016-07-25 19:51:16,0.16111111111111112,566,4,0,5.618,0.09555555555555556,0.9983333333333333,25.186899252402988
2016-07-25 16:53:37,2016-07-26 09:59:58,2016-07-25 17:36:21,2016-07-26 07:59:44,2.7530555555555556,1395,5,1,14.39,0.7122222222222222,2.003888888888889,19.388464211257816
2016-07-25 21:15:14,2016-07-27 06:31:15,2016-07-25 21:45:48,2016-07-27 03:51:41,4.360277777777778,5323,8,5,30.098,0.5094444444444445,2.6594444444444445,22.106950627948702
2016-07-25 22:44:12,2016-07-26 01:21:13,2016-07-25 22:58:11,2016-07-26 00:32:40,1.4827777777777778,88,4,0,1.575,0.23305555555555554,0.8091666666666667,13.968253968253968
2016-07-25 23:09:51,2016-07-27 01:49:09,2016-07-26 00:40:48,2016-07-27 01:29:15,0.4275,2199,6,2,24.807,1.5158333333333334,0.33166666666666667,14.774055710081834
2016-07-26 08:53:39,2016-07-26 15:36:18,2016-07-26 11:29:05,2016-07-26 15:07:12,9.73,271,4,0,3.635,2.5905555555555555,0.485,18.63823933975241
2016-07-26 10:02:58,2016-07-27 20:32:43,2016-07-26 10:27:08,2016-07-27 18:59:26,1.1552777777777778,3267,7,3,32.538,0.4027777777777778,1.5547222222222221,14.343668501883513
2016-07-26 10:21:03,2016-07-26 22:40:00,2016-07-26 10:41:56,2016-07-26 22:14:51,0.3013888888888889,676,3,0,11.549,0.34805555555555556,0.4191666666666667,19.5110687794037
2016-07-26 11:20:57,2016-07-27 12:38:34,2016-07-26 11:46:51,2016-07-27 09:12:20,0.9983333333333333,3325,7,3,21.425,0.43166666666666664,3.437222222222222,22.170361726954493
2016-07-26 13:28:10,2016-07-27 09:58:55,2016-07-26 13:36:00,2016-07-27 09:13:09,2.120277777777778,2621,6,2,19.619,0.13055555555555556,0.7627777777777778,22.265830742307628
2016-07-26 13:59:08,2016-07-26 21:29:13,2016-07-26 14:21:01,2016-07-26 19:47:00,0.5161111111111111,323,4,0,5.433,0.3647222222222222,1.7036111111111112,14.862875023007547
2016-07-26 16:04:10,2016-07-27 11:11:48,2016-07-26 16:23:30,2016-07-27 08:31:13,2.0838888888888887,1267,5,1,16.128,0.32222222222222224,2.676388888888889,15.711805555555555
2016-07-26 21:24:01,2016-07-27 14:43:32,2016-07-26 21:50:04,2016-07-27 14:09:05,5.3308333333333335,1127,5,1,16.317,0.43416666666666665,0.5741666666666667,13.813813813813812
2016-07-27 01:16:56,2016-07-27 23:05:09,2016-07-27 01:56:09,2016-07-27 21:55:26,3.8819444444444446,1220,5,1,19.988,0.6536111111111111,1.1619444444444444,12.207324394636782
2016-07-27 01:19:20,2016-07-27 16:42:39,2016-07-27 02:07:24,2016-07-27 14:38:02,0.04,1316,5,1,12.511,0.8011111111111111,2.0769444444444445,21.037487011429945
2016-07-27 03:39:20,2016-07-27 14:33:40,2016-07-27 04:42:06,2016-07-27 13:29:25,2.3333333333333335,346,2,0,8.789,1.0461111111111112,1.0708333333333333,19.683695528501538
2016-07-27 05:52:59,2016-07-27 12:36:43,2016-07-27 06:17:31,2016-07-27 11:20:54,2.2275,271,3,0,5.056,0.4088888888888889,1.263611111111111,17.8665611814346
2016-07-27 06:22:44,2016-07-28 05:32:59,2016-07-27 06:50:16,2016-07-28 04:26:57,0.49583333333333335,3222,7,3,21.611,0.4588888888888889,1.1005555555555555,21.29867726091871
2016-07-27 07:35:22,2016-07-27 12:27:42,2016-07-27 08:16:36,2016-07-27 11:10:38,1.2105555555555556,190,4,0,2.901,0.6872222222222222,1.2844444444444445,16.37366425370562
2016-07-27 07:58:16,2016-07-28 05:09:29,2016-07-27 08:36:02,2016-07-28 04:31:01,0.38166666666666665,1499,4,1,19.917,0.6294444444444445,0.6411111111111111,18.815584676407088
2016-07-27 10:31:32,2016-07-27 15:26:05,2016-07-27 10:48:09,2016-07-27 14:33:48,2.5544444444444445,267,4,0,3.761,0.27694444444444444,0.8713888888888889,17.747939377825045
2016-07-27 12:25:13,2016-07-28 18:14:32,2016-07-27 12:35:40,2016-07-28 17:42:45,1.8947222222222222,4255,7,4,29.118,0.17416666666666666,0.5297222222222222,20.875648837734147
2016-07-27 21:11:34,2016-07-28 03:19:20,2016-07-27 21:23:48,2016-07-28 02:18:55,8.7725,322,3,0,4.918,0.2038888888888889,1.0069444444444444,21.82458994171072
2016-07-27 23:08:34,2016-07-29 01:56:48,2016-07-27 23:18:38,2016-07-29 01:34:18,1.95,1666,4,1,26.261,0.16777777777777778,0.375,15.860020562811775
2016-07-27 23:26:09,2016-07-28 10:15:38,2016-07-28 00:44:28,2016-07-28 09:14:27,0.29305555555555557,293,2,0,8.499,1.3052777777777778,1.0197222222222222,17.23732203788681
2016-07-28 03:08:36,2016-07-28 09:02:33,2016-07-28 03:45:00,2016-07-28 08:26:52,3.7075,343,4,0,4.698,0.6066666666666667,0.5947222222222223,18.252447850148997
2016-07-28 03:23:00,2016-07-29 00:02:51,2016-07-28 05:13:26,2016-07-28 22:41:06,0.24,2315,6,2,17.461,1.8405555555555555,1.3625,22.09686348624554
2016-07-28 12:22:56,2016-07-29 03:15:00,2016-07-28 13:21:41,2016-07-29 02:57:51,8.998888888888889,1104,4,1,13.603,0.9791666666666666,0.28583333333333333,20.289641990737337
2016-07-28 17:04:29,2016-07-29 00:46:12,2016-07-28 19:09:37,2016-07-28 23:37:21,4.6925,271,3,0,4.462,2.0855555555555556,1.1475,20.245032123113702
2016-07-28 19:05:20,2016-07-29 10:16:51,2016-07-28 19:56:37,2016-07-29 09:38:16,2.0141666666666667,1234,5,1,13.694,0.8547222222222223,0.6430555555555556,18.02249160216153
2016-07-28 19:11:49,2016-07-30 00:23:52,2016-07-28 20:29:01,2016-07-29 23:17:59,0.10805555555555556,1306,5,1,26.816,1.2866666666666666,1.0980555555555556,9.740453460620527
2016-07-28 19:43:29,2016-07-29 09:45:46,2016-07-28 20:58:36,2016-07-29 08:31:36,0.5277777777777778,1053,5,1,11.55,1.2519444444444445,1.2361111111111112,18.233766233766232
2016-07-28 21:21:47,2016-07-30 01:20:26,2016-07-28 21:29:00,2016-07-30 00:37:57,1.6383333333333334,3342,6,3,27.149,0.12027777777777778,0.7080555555555555,20.51640944417842
2016-07-28 22:14:38,2016-07-29 07:18:59,2016-07-28 23:11:03,2016-07-29 06:46:21,0.8808333333333334,1166,6,1,7.588,0.9402777777777778,0.5438888888888889,25.610613248989633
2016-07-29 00:51:53,2016-07-29 17:58:18,2016-07-29 01:20:41,2016-07-29 15:54:16,2.620833333333333,547,2,0,14.56,0.48,2.067222222222222,18.784340659340657
2016-07-29 03:44:38,2016-07-29 23:07:58,2016-07-29 03:51:20,2016-07-29 22:25:10,2.879166666666667,1550,5,1,18.564,0.11166666666666666,0.7133333333333334,16.698987287222582
2016-07-29 04:10:13,2016-07-29 19:28:01,2016-07-29 05:11:04,2016-07-29 18:49:34,0.4263888888888889,578,3,0,13.642,1.0141666666666667,0.6408333333333334,14.123051360993012
2016-07-29 10:03:02,2016-07-29 17:50:21,2016-07-29 12:22:55,2016-07-29 17:16:47,5.880277777777778,270,3,0,4.898,2.3313888888888887,0.5594444444444444,18.37484687627603
2016-07-29 13:25:37,2016-07-29 19:35:52,2016-07-29 15:19:58,2016-07-29 18:02:07,3.376388888888889,205,4,0,2.702,1.9058333333333333,1.5625,18.967431532198372
2016-07-29 14:54:26,2016-07-30 06:33:14,2016-07-29 15:02:20,2016-07-30 04:44:38,1.4802777777777778,1112,4,1,13.705,0.13166666666666665,1.81,20.284567676030644
2016-07-29 20:48:22,2016-07-30 07:17:37,2016-07-29 21:10:38,2016-07-30 06:47:44,5.898888888888889,506,3,0,9.618,0.3711111111111111,0.49805555555555553,17.53656338809177
2016-07-30 06:02:13,2016-07-31 03:04:14,2016-07-30 07:38:49,2016-07-31 02:45:00,9.230833333333333,3621,8,3,19.103,1.61,0.32055555555555554,23.693922420562213
2016-07-30 06:05:30,2016-07-30 13:22:27,2016-07-30 08:13:39,2016-07-30 11:58:42,0.05472222222222222,273,3,0,3.751,2.1358333333333333,1.3958333333333333,24.26019728072514
2016-07-30 07:29:33,2016-07-30 20:27:21,2016-07-30 07:47:38,2016-07-30 19:19:00,1.4008333333333334,401,2,0,11.523,0.3013888888888889,1.1391666666666667,17.399982643408833
2016-07-30 07:54:04,2016-07-30 23:21:02,2016-07-30 09:10:15,2016-07-30 22:32:54,0.4086111111111111,1116,5,1,13.377,1.2697222222222222,0.8022222222222222,16.685355460865665
2016-07-30 09:03:14,2016-07-31 04:52:39,2016-07-30 09:59:29,2016-07-31 03:41:46,1.1527777777777777,2058,6,2,17.705,0.9375,1.1813888888888888,19.373058458062697
2016-07-30 14:53:19,2016-07-30 23:57:37,2016-07-30 16:18:46,2016-07-30 23:22:04,5.834722222222222,254,3,0,7.055,1.4241666666666666,0.5925,12.000944956295772
2016-07-30 15:04:55,2016-07-31 03:24:39,2016-07-30 15:44:34,2016-07-31 03:17:00,0.19333333333333333,374,3,0,11.541,0.6608333333333334,0.1275,10.802067989486757
2016-07-30 16:42:13,2016-08-01 09:30:35,2016-07-30 17:28:38,2016-08-01 08:28:03,1.6216666666666666,3368,7,3,38.99,0.7736111111111111,1.0422222222222222,12.34016048070934
2016-07-31 03:48:05,2016-07-31 07:42:13,2016-07-31 04:47:39,2016-07-31 06:04:59,11.097777777777777,60,3,0,1.289,0.9927777777777778,1.6205555555555555,15.515903801396432
2016-07-31 07:16:22,2016-07-31 23:33:20,2016-07-31 08:21:05,2016-07-31 22:02:47,3.471388888888889,1571,5,1,13.695,1.0786111111111112,1.5091666666666668,22.94267981014969
2016-07-31 10:20:58,2016-07-31 14:57:51,2016-07-31 10:43:19,2016-07-31 14:16:29,3.0766666666666667,257,3,0,3.553,0.3725,0.6894444444444444,24.11107983863402
2016-07-31 10:37:50,2016-08-01 18:36:36,2016-07-31 11:52:16,2016-08-01 17:36:56,0.2811111111111111,3162,6,3,29.744,1.2405555555555556,0.9944444444444445,17.71785906401291
2016-07-31 14:23:51,2016-08-01 01:17:11,2016-07-31 15:09:24,2016-08-01 00:48:55,3.7669444444444444,1031,5,1,9.659,0.7591666666666667,0.4711111111111111,21.34796562791179
2016-07-31 14:28:32,2016-07-31 16:03:43,2016-07-31 14:49:05,2016-07-31 15:35:41,0.07805555555555556,64,4,0,0.777,0.3425,0.4672222222222222,20.592020592020592
2016-07-31 14:58:01,2016-07-31 20:32:51,2016-07-31 16:03:23,2016-07-31 20:04:56,0.4913888888888889,358,4,0,4.026,1.0894444444444444,0.4652777777777778,22.23050173869846
2016-07-31 16:24:17,2016-07-31 20:00:05,2016-07-31 17:05:33,2016-07-31 19:08:35,1.4377777777777778,128,3,0,2.051,0.6877777777777778,0.8583333333333333,20.802860393304076
2016-07-31 19:38:31,2016-08-02 02:02:25,2016-07-31 19:53:18,2016-08-02 01:17:12,3.237222222222222,3222,7,3,29.398,0.24638888888888888,0.7536111111111111,15.65704178126792
2016-07-31 21:22:03,2016-08-01 11:08:51,2016-07-31 21:47:34,2016-08-01 10:08:42,1.7255555555555555,1253,5,1,12.352,0.42527777777777775,1.0025,20.28821243523316
2016-07-31 22:59:24,2016-08-01 04:49:07,2016-07-31 23:23:20,2016-08-01 03:27:41,1.6225,223,3,0,4.072,0.3988888888888889,1.3572222222222223,18.254747871643744
2016-07-31 23:42:17,2016-08-01 10:42:19,2016-08-01 00:00:45,2016-08-01 10:01:11,0.7147222222222223,1205,5,1,10.007,0.30777777777777776,0.6855555555555556,24.083141800739483
2016-08-01 00:11:27,2016-08-01 07:26:29,2016-08-01 01:17:08,2016-08-01 06:34:16,0.4861111111111111,262,2,0,5.286,1.0947222222222222,0.8702777777777778,24.78244419220583
2016-08-01 04:11:41,2016-08-01 08:25:22,2016-08-01 04:44:13,2016-08-01 08:05:45,4.003888888888889,300,4,0,3.359,0.5422222222222223,0.3269444444444444,22.32807383149747
2016-08-01 06:41:41,2016-08-01 23:33:09,2016-08-01 07:06:14,2016-08-01 23:03:10,2.5,2261,7,2,15.949,0.4091666666666667,0.49972222222222223,20.252053420277132
2016-08-01 07:51:20,2016-08-01 11:57:19,2016-08-01 08:08:19,2016-08-01 09:58:17,1.1608333333333334,159,4,0,1.833,0.28305555555555556,1.9838888888888888,21.685761047463174
2016-08-01 12:39:23,2016-08-01 20:44:08,2016-08-01 12:57:14,2016-08-01 20:07:36,4.800833333333333,1037,6,1,7.173,0.2975,0.6088888888888889,24.09498582647893
2016-08-01 14:22:37,2016-08-01 19:30:06,2016-08-01 15:39:31,2016-08-01 18:32:00,1.7205555555555556,199,4,0,2.875,1.2816666666666667,0.9683333333333334,17.304347826086957
2016-08-01 14:36:39,2016-08-02 11:32:34,2016-08-01 14:48:47,2016-08-02 09:39:22,0.2338888888888889,1109,5,1,18.843,0.20222222222222222,1.8866666666666667,11.770949424189354
2016-08-01 17:58:51,2016-08-02 22:19:39,2016-08-01 18:43:15,2016-08-02 21:20:15,3.37,2030,7,2,26.617,0.74,0.99,10.895292482248186
2016-08-01 19:30:16,2016-08-02 22:11:08,2016-08-01 20:01:43,2016-08-02 21:43:13,1.523611111111111,3214,7,3,25.692,0.5241666666666667,0.4652777777777778,17.87104379350993
2016-08-01 22:59:21,2016-08-02 20:43:37,2016-08-02 04:26:23,2016-08-02 19:25:25,3.484722222222222,2083,5,2,14.984,5.450555555555556,1.3033333333333332,27.802989855846235
2016-08-01 22:59:43,2016-08-02 16:53:48,2016-08-01 23:08:35,2016-08-02 14:54:20,0.006111111111111111,1154,5,1,15.763,0.14777777777777779,1.991111111111111,14.641882890312758
2016-08-02 13:39:00,2016-08-03 10:46:10,2016-08-02 14:42:38,2016-08-03 10:18:32,14.654722222222222,1509,5,1,19.598,1.0605555555555555,0.46055555555555555,15.399530564343301
2016-08-02 13:51:47,2016-08-03 12:10:07,2016-08-02 14:19:31,2016-08-03 11:55:53,0.21305555555555555,2214,6,2,21.606,0.4622222222222222,0.23722222222222222,17.07858928075534
2016-08-02 15:40:26,2016-08-02 19:00:41,2016-08-02 16:34:37,2016-08-02 18:02:41,1.8108333333333333,140,4,0,1.468,0.9030555555555555,0.9666666666666667,23.841961852861036
2016-08-02 17:11:22,2016-08-03 14:18:01,2016-08-02 17:35:35,2016-08-03 13:09:35,1.5155555555555555,2077,6,2,19.567,0.4036111111111111,1.1405555555555555,17.691351084308614
2016-08-03 00:06:32,2016-08-03 12:07:44,2016-08-03 00:49:55,2016-08-03 09:44:51,6.919444444444444,453,3,0,8.916,0.7230555555555556,2.381388888888889,16.93584567070435
2016-08-03 01:55:45,2016-08-03 20:30:46,2016-08-03 02:13:29,2016-08-03 19:57:59,1.8202777777777779,1290,5,1,17.742,0.29555555555555557,0.5463888888888889,14.541765302671624
2016-08-03 02:55:46,2016-08-03 05:23:06,2016-08-03 04:18:19,2016-08-03 04:46:02,1.0002777777777778,25,3,0,0.462,1.3758333333333332,0.6177777777777778,18.037518037518037
2016-08-03 06:14:23,2016-08-03 20:45:03,2016-08-03 06:33:05,2016-08-03 20:03:20,3.310277777777778,1246,4,1,13.504,0.31166666666666665,0.6952777777777778,23.067239336492893
2016-08-03 10:44:02,2016-08-04 00:46:22,2016-08-03 11:09:11,2016-08-03 22:09:54,4.494166666666667,1413,6,1,11.012,0.4191666666666667,2.6077777777777778,21.385760988013075
2016-08-03 12:42:37,2016-08-04 18:56:24,2016-08-03 13:01:10,2016-08-04 18:36:25,1.976388888888889,3082,7,3,29.588,0.30916666666666665,0.33305555555555555,14.880550029934914
2016-08-03 19:29:14,2016-08-04 01:36:41,2016-08-03 19:48:59,2016-08-03 23:58:51,6.776944444444444,212,3,0,4.165,0.32916666666666666,1.6305555555555555,16.966786714685874
2016-08-03 20:13:53,2016-08-04 06:33:31,2016-08-03 20:50:13,2016-08-04 06:03:03,0.7441666666666666,1547,6,1,9.214,0.6055555555555555,0.5077777777777778,27.982779827798275
2016-08-03 22:03:22,2016-08-04 04:22:13,2016-08-04 00:06:10,2016-08-04 03:38:01,1.8247222222222221,261,4,0,3.531,2.046666666666667,0.7366666666666667,18.479184367034833
2016-08-04 00:01:30,2016-08-04 05:04:43,2016-08-04 00:48:35,2016-08-04 04:13:50,1.968888888888889,294,3,0,3.421,0.7847222222222222,0.8480555555555556,28.646594562993275
2016-08-04 01:16:28,2016-08-04 14:15:08,2016-08-04 01:44:30,2016-08-04 13:25:19,1.2494444444444444,1227,6,1,11.68,0.4672222222222222,0.8302777777777778,17.508561643835616
2016-08-04 05:13:57,2016-08-04 23:46:13,2016-08-04 05:47:18,2016-08-04 22:38:46,3.9580555555555557,2484,6,2,16.858,0.5558333333333333,1.1241666666666668,24.55807331830585
2016-08-04 05:30:31,2016-08-05 09:08:36,2016-08-04 08:04:39,2016-08-05 08:09:33,0.2761111111111111,2436,6,2,24.082,2.568888888888889,0.9841666666666666,16.859064861722445
2016-08-04 10:23:11,2016-08-04 15:38:02,2016-08-04 10:40:10,2016-08-04 13:33:54,4.877777777777778,235,4,0,2.895,0.28305555555555556,2.068888888888889,20.293609671848014
2016-08-04 11:32:48,2016-08-05 06:14:45,2016-08-04 11:35:26,2016-08-05 05:10:54,1.1602777777777777,2113,7,2,17.591,0.04388888888888889,1.0641666666666667,17.159748897569372
2016-08-04 12:20:24,2016-08-04 19:08:21,2016-08-04 12:50:21,2016-08-04 16:02:41,0.7933333333333333,187,3,0,3.205,0.49916666666666665,3.0944444444444446,19.448777951118043
2016-08-04 18:03:18,2016-08-05 07:36:04,2016-08-04 18:48:10,2016-08-05 07:18:08,5.715,1248,5,1,12.499,0.7477777777777778,0.29888888888888887,19.969597567805422
2016-08-04 21:11:51,2016-08-05 00:07:10,2016-08-04 21:39:40,2016-08-04 23:09:49,3.1425,96,3,0,1.503,0.4636111111111111,0.9558333333333333,21.290751829673987
2016-08-05 02:11:09,2016-08-05 12:38:20,2016-08-05 02:54:15,2016-08-05 12:25:23,4.988333333333333,1174,6,1,9.519,0.7183333333333334,0.21583333333333332,20.5553804671359
2016-08-05 02:15:31,2016-08-05 20:20:54,2016-08-05 02:58:11,2016-08-05 19:48:07,0.07277777777777777,2088,7,2,16.832,0.7111111111111111,0.5463888888888889,17.721347093970667
2016-08-05 02:32:01,2016-08-05 07:18:34,2016-08-05 03:41:35,2016-08-05 06:47:41,0.275,210,3,0,3.102,1.1594444444444445,0.5147222222222222,22.566086395873633
2016-08-05 04:33:25,2016-08-05 07:37:10,2016-08-05 04:55:50,2016-08-05 05:51:43,2.0233333333333334,95,4,0,0.931,0.3736111111111111,1.7575,25.51020408163265
2016-08-05 05:05:30,2016-08-06 04:49:51,2016-08-05 05:33:19,2016-08-06 04:36:40,0.5347222222222222,1331,4,1,23.056,0.4636111111111111,0.21972222222222224,14.432251908396946
2016-08-05 09:10:20,2016-08-05 13:32:49,2016-08-05 11:19:06,2016-08-05 12:52:42,4.080555555555556,100,3,0,1.56,2.1461111111111113,0.6686111111111112,21.36752136752137
2016-08-05 10:49:57,2016-08-06 01:56:34,2016-08-05 11:38:47,2016-08-05 21:07:50,1.6602777777777777,1147,6,1,9.484,0.8138888888888889,4.812222222222222,20.156755236890202
2016-08-05 11:31:49,2016-08-05 22:56:49,2016-08-05 11:54:38,2016-08-05 21:46:39,0.6977777777777778,1383,6,1,9.867,0.38027777777777777,1.1694444444444445,23.36069727374075
2016-08-05 11:48:31,2016-08-05 22:04:03,2016-08-05 12:25:18,2016-08-05 20:08:10,0.2783333333333333,1216,6,1,7.714,0.6130555555555556,1.9313888888888888,26.272577996715924
2016-08-05 14:28:46,2016-08-07 00:58:31,2016-08-05 15:16:45,2016-08-07 00:10:04,2.6708333333333334,4463,8,4,32.889,0.7997222222222222,0.8075,16.96235823527623
2016-08-05 17:13:20,2016-08-06 02:06:31,2016-08-05 17:29:31,2016-08-06 01:53:04,2.742777777777778,316,2,0,8.392,0.2697222222222222,0.22416666666666665,18.82745471877979
2016-08-05 18:12:29,2016-08-06 10:14:54,2016-08-05 19:02:33,2016-08-06 09:19:51,0.9858333333333333,2254,7,2,14.288,0.8344444444444444,0.9175,22.53639417693169
2016-08-05 21:24:22,2016-08-06 08:21:15,2016-08-05 21:37:19,2016-08-06 08:04:31,3.1980555555555554,302,2,0,10.453,0.21583333333333332,0.2788888888888889,14.445613699416436
2016-08-05 21:46:32,2016-08-06 01:45:52,2016-08-05 22:10:23,2016-08-06 01:07:03,0.36944444444444446,215,4,0,2.945,0.3975,0.6469444444444444,18.251273344651953
2016-08-06 00:33:22,2016-08-06 08:58:15,2016-08-06 01:22:42,2016-08-06 08:15:31,2.7805555555555554,280,2,0,6.88,0.8222222222222222,0.7122222222222222,20.348837209302324
2016-08-06 02:27:29,2016-08-06 16:27:13,2016-08-06 02:39:39,2016-08-06 14:45:45,1.9019444444444444,1396,5,1,12.102,0.20277777777777778,1.691111111111111,23.0705668484548
2016-08-06 03:07:44,2016-08-06 06:54:29,2016-08-06 03:13:55,2016-08-06 06:27:02,0.6708333333333333,86,3,0,3.219,0.10305555555555555,0.4575,8.90545718131925
2016-08-06 03:41:54,2016-08-06 18:30:44,2016-08-06 04:00:13,2016-08-06 15:14:43,0.5694444444444444,1245,5,1,11.242,0.30527777777777776,3.2669444444444444,22.149083792919406
2016-08-06 04:06:08,2016-08-07 00:56:43,2016-08-06 04:33:36,2016-08-06 23:56:00,0.4038888888888889,2111,6,2,19.373,0.4577777777777778,1.0119444444444445,18.161014470310914
2016-08-06 05:51:23,2016-08-06 09:57:56,2016-08-06 07:09:45,2016-08-06 09:31:11,1.7541666666666667,113,3,0,2.357,1.306111111111111,0.44583333333333336,15.980766511101681
2016-08-06 06:56:20,2016-08-06 12:47:07,2016-08-06 07:11:43,2016-08-06 11:13:28,1.0825,251,3,0,4.029,0.2563888888888889,1.5608333333333333,20.76611235211384
2016-08-06 10:16:48,2016-08-06 15:34:14,2016-08-06 10:26:02,2016-08-06 15:00:38,3.341111111111111,129,3,0,4.577,0.15388888888888888,0.56,9.39480008739349
2016-08-06 10:38:25,2016-08-06 17:28:08,2016-08-06 12:33:53,2016-08-06 17:05:43,0.36027777777777775,370,3,0,4.531,1.9244444444444444,0.3736111111111111,27.219892591775178
2016-08-06 14:53:40,2016-08-06 23:41:29,2016-08-06 15:46:42,2016-08-06 21:54:56,4.254166666666666,424,3,0,6.137,0.8838888888888888,1.7758333333333334,23.029710499158114
2016-08-06 19:24:56,2016-08-07 00:17:42,2016-08-06 19:46:26,2016-08-07 00:01:00,4.521111111111111,291,3,0,4.243,0.35833333333333334,0.2783333333333333,22.8611831251473
2016-08-06 19:38:10,2016-08-07 07:34:47,2016-08-06 19:59:23,2016-08-07 05:52:58,0.22055555555555556,571,3,0,9.893,0.3536111111111111,1.6969444444444444,19.23919269517167
2016-08-06 22:52:18,2016-08-08 10:54:08,2016-08-06 23:56:48,2016-08-08 09:00:59,3.2355555555555555,3261,6,3,33.07,1.075,1.8858333333333333,16.43483519806471
2016-08-06 23:46:54,2016-08-07 05:12:27,2016-08-07 00:12:16,2016-08-07 02:52:35,0.91,268,4,0,2.672,0.42277777777777775,2.331111111111111,25.074850299401195
2016-08-07 01:08:44,2016-08-07 05:16:19,2016-08-07 01:28:25,2016-08-07 04:18:36,1.363888888888889,191,4,0,2.836,0.32805555555555554,0.9619444444444445,16.837094499294782
2016-08-07 01:20:43,2016-08-07 18:01:23,2016-08-07 02:24:38,2016-08-07 15:57:49,0.19972222222222222,1276,5,1,13.553,1.0652777777777778,2.0594444444444444,18.829779384638087
2016-08-07 04:34:16,2016-08-07 07:53:09,2016-08-07 04:47:24,2016-08-07 06:20:53,3.2258333333333336,83,3,0,1.558,0.21888888888888888,1.5377777777777777,17.75780915703894
2016-08-07 08:39:26,2016-08-07 11:28:52,2016-08-07 09:07:46,2016-08-07 11:02:56,4.086111111111111,55,2,0,1.919,0.4722222222222222,0.43222222222222223,14.330380406461698
2016-08-07 11:13:14,2016-08-08 13:57:35,2016-08-07 11:54:37,2016-08-08 12:39:26,2.5633333333333335,2208,5,2,24.747,0.6897222222222222,1.3025,17.84458722269366
2016-08-07 15:57:41,2016-08-08 14:46:43,2016-08-07 16:28:14,2016-08-08 13:58:07,4.740833333333334,3274,7,3,21.498,0.5091666666666667,0.81,21.75617665430671
2016-08-07 16:47:52,2016-08-08 02:29:20,2016-08-07 17:53:33,2016-08-08 01:28:28,0.8363888888888888,293,3,0,7.582,1.0947222222222222,1.0144444444444445,12.881385738151764
2016-08-08 05:12:51,2016-08-09 00:07:44,2016-08-08 07:26:52,2016-08-08 22:49:23,12.41638888888889,407,2,0,15.375,2.233611111111111,1.3058333333333334,13.235772357723578
2016-08-08 06:10:27,2016-08-08 07:38:41,2016-08-08 06:22:10,2016-08-08 06:55:29,0.96,30,4,0,0.555,0.19527777777777777,0.72,13.513513513513512
2016-08-08 07:53:03,2016-08-08 21:23:59,2016-08-08 08:00:02,2016-08-08 21:14:21,1.71,1406,5,1,13.238,0.11638888888888889,0.16055555555555556,21.24187943798157
2016-08-08 09:16:40,2016-08-09 00:28:51,2016-08-08 10:06:05,2016-08-08 23:18:27,1.3936111111111111,1204,6,1,13.206,0.8236111111111111,1.1733333333333333,15.195113332323693
2016-08-08 13:40:05,2016-08-08 18:31:51,2016-08-08 15:10:22,2016-08-08 18:13:16,4.3902777777777775,181,3,0,3.048,1.5047222222222223,0.30972222222222223,19.79440069991251
2016-08-08 18:38:25,2016-08-08 20:43:29,2016-08-08 18:59:06,2016-08-08 19:32:29,4.972222222222222,28,3,0,0.556,0.3447222222222222,1.1833333333333333,16.786570743405274
2016-08-08 19:47:47,2016-08-09 03:40:47,2016-08-08 20:15:23,2016-08-09 03:23:50,1.156111111111111,200,2,0,7.141,0.46,0.2825,14.003640946646128
2016-08-08 19:48:11,2016-08-09 03:22:26,2016-08-08 20:31:27,2016-08-09 02:40:55,0.006666666666666667,248,2,0,6.158,0.7211111111111111,0.6919444444444445,20.13640792465086
2016-08-08 20:51:56,2016-08-09 16:55:34,2016-08-08 21:09:05,2016-08-09 14:49:04,1.0625,634,2,0,17.667,0.28583333333333333,2.1083333333333334,17.943057678157015
2016-08-08 22:53:41,2016-08-09 21:43:56,2016-08-09 01:08:21,2016-08-09 21:23:33,2.029166666666667,1483,5,1,20.253,2.2444444444444445,0.3397222222222222,14.644743988544906
2016-08-09 06:48:43,2016-08-10 12:23:36,2016-08-09 07:45:35,2016-08-10 07:44:34,7.917222222222223,3282,6,3,23.983,0.9477777777777778,4.650555555555556,22.807822207396907
2016-08-09 09:45:51,2016-08-09 22:23:16,2016-08-09 10:23:41,2016-08-09 20:10:18,2.9522222222222223,674,3,0,9.777,0.6305555555555555,2.216111111111111,22.97910061027582
2016-08-09 11:16:15,2016-08-09 16:21:09,2016-08-09 12:14:03,2016-08-09 14:17:39,1.5066666666666666,119,3,0,2.06,0.9633333333333334,2.058333333333333,19.255663430420714
2016-08-09 12:39:46,2016-08-10 11:15:09,2016-08-09 13:18:13,2016-08-10 10:39:19,1.3919444444444444,3215,7,3,21.352,0.6408333333333334,0.5972222222222222,21.510196435262003
2016-08-09 14:27:48,2016-08-10 08:25:54,2016-08-09 15:03:48,2016-08-10 07:54:13,1.8005555555555555,2282,6,2,16.84,0.6,0.5280555555555555,22.58511480601742
2016-08-09 14:36:15,2016-08-09 21:39:24,2016-08-09 14:46:34,2016-08-09 21:08:26,0.14083333333333334,207,3,0,6.364,0.17194444444444446,0.5161111111111111,10.842237586423634
2016-08-09 14:48:36,2016-08-09 20:51:41,2016-08-09 15:34:17,2016-08-09 17:26:07,0.20583333333333334,200,4,0,1.864,0.7613888888888889,3.426111111111111,26.824034334763947
2016-08-09 20:38:10,2016-08-10 12:06:02,2016-08-09 21:11:30,2016-08-10 10:16:36,5.8261111111111115,520,2,0,13.085,0.5555555555555556,1.823888888888889,19.87008024455483
2016-08-09 21:17:28,2016-08-10 05:10:30,2016-08-09 21:42:25,2016-08-10 04:21:38,0.655,458,3,0,6.654,0.41583333333333333,0.8144444444444444,22.943592826370104
2016-08-09 23:47:15,2016-08-10 16:48:09,2016-08-10 00:26:09,2016-08-10 16:07:48,2.4963888888888888,2355,6,2,15.694,0.6483333333333333,0.6725,25.009557792787053
2016-08-10 00:05:55,2016-08-10 17:24:13,2016-08-10 02:47:17,2016-08-10 16:25:26,0.3111111111111111,343,4,0,13.636,2.6894444444444443,0.9797222222222223,6.288501026694045
2016-08-10 01:32:19,2016-08-10 10:37:31,2016-08-10 01:37:40,2016-08-10 09:30:49,1.44,323,2,0,7.886,0.08916666666666667,1.1116666666666666,20.47933045904134
2016-08-10 04:40:17,2016-08-10 18:01:05,2016-08-10 05:11:09,2016-08-10 17:27:22,3.1327777777777777,1557,6,1,12.27,0.5144444444444445,0.5619444444444445,21.149144254278728
2016-08-10 05:12:08,2016-08-11 03:22:52,2016-08-10 05:52:00,2016-08-11 02:46:33,0.5308333333333334,2224,6,2,20.909,0.6644444444444444,0.6052777777777778,17.72761330846366
2016-08-10 07:04:10,2016-08-10 13:50:43,2016-08-10 07:49:30,2016-08-10 13:21:09,1.8672222222222221,535,4,0,5.528,0.7555555555555555,0.49277777777777776,24.195007235890017
2016-08-10 07:47:43,2016-08-10 16:43:54,2016-08-10 08:04:56,2016-08-10 16:18:41,0.7258333333333333,1143,5,1,8.229,0.28694444444444445,0.42027777777777775,27.779803135253374
2016-08-10 08:58:43,2016-08-10 19:41:41,2016-08-10 10:51:39,2016-08-10 16:52:05,1.1833333333333333,338,3,0,6.007,1.8822222222222222,2.8266666666666667,18.755895899228676
2016-08-10 09:59:45,2016-08-11 02:12:07,2016-08-10 11:59:13,2016-08-11 00:44:45,1.0172222222222222,1151,4,1,12.759,1.991111111111111,1.4561111111111111,22.55270789246806
2016-08-10 10:16:47,2016-08-11 01:59:24,2016-08-10 10:55:52,2016-08-11 00:04:55,0.2838888888888889,1261,4,1,13.151,0.6513888888888889,1.9080555555555556,23.97156109801536
2016-08-10 14:15:08,2016-08-11 07:21:50,2016-08-10 15:52:58,2016-08-11 06:25:24,3.9725,1418,5,1,14.54,1.6305555555555555,0.9405555555555556,19.504814305364516
2016-08-10 18:31:57,2016-08-11 00:38:02,2016-08-10 18:45:53,2016-08-10 23:42:40,4.280277777777778,239,3,0,4.947,0.23222222222222222,0.9227777777777778,16.10403611616468
2016-08-10 19:01:25,2016-08-11 03:39:28,2016-08-10 19:32:00,2016-08-11 01:12:04,0.4911111111111111,285,2,0,5.668,0.5097222222222222,2.4566666666666666,25.141143260409315
2016-08-10 19:12:32,2016-08-11 19:18:33,2016-08-10 19:22:26,2016-08-11 18:39:13,0.1852777777777778,1503,6,1,23.28,0.165,0.6555555555555556,10.760309278350515
2016-08-10 20:51:02,2016-08-11 12:40:11,2016-08-10 21:00:03,2016-08-11 12:16:36,1.6416666666666666,3142,8,3,15.276,0.1502777777777778,0.39305555555555555,25.710264467137996
2016-08-10 21:02:12,2016-08-12 23:38:39,2016-08-10 21:25:34,2016-08-12 23:16:29,0.18611111111111112,7394,9,6,49.848,0.3894444444444444,0.36944444444444446,16.481214001676207
2016-08-10 23:05:49,2016-08-11 20:20:37,2016-08-10 23:29:21,2016-08-11 19:39:44,2.060277777777778,1424,5,1,20.173,0.39222222222222225,0.6813888888888889,14.117880335101374
2016-08-11 00:36:04,2016-08-11 05:08:21,2016-08-11 01:02:23,2016-08-11 03:56:54,1.5041666666666667,154,3,0,2.908,0.4386111111111111,1.1908333333333334,17.652453003209537
2016-08-11 03:56:08,2016-08-11 09:40:47,2016-08-11 04:24:08,2016-08-11 08:37:01,3.3344444444444443,219,3,0,4.215,0.4666666666666667,1.0627777777777778,17.319098457888494
2016-08-11 05:59:21,2016-08-11 08:58:17,2016-08-11 06:29:55,2016-08-11 07:20:16,2.053611111111111,42,3,0,0.839,0.5094444444444445,1.6336111111111111,16.6865315852205
2016-08-11 07:56:11,2016-08-11 12:41:04,2016-08-11 08:08:14,2016-08-11 11:17:26,1.9472222222222222,188,3,0,3.153,0.20083333333333334,1.393888888888889,19.87525108362406
2016-08-11 09:41:26,2016-08-11 13:24:57,2016-08-11 10:32:13,2016-08-11 12:28:14,1.7541666666666667,88,3,0,1.934,0.8463888888888889,0.9452777777777778,15.167183729748364
2016-08-11 10:23:15,2016-08-11 20:07:03,2016-08-11 11:47:45,2016-08-11 19:06:06,0.6969444444444445,360,3,0,7.306,1.4083333333333334,1.0158333333333334,16.42485628250753
2016-08-11 10:48:17,2016-08-12 01:50:36,2016-08-11 11:10:36,2016-08-11 21:59:30,0.4172222222222222,1071,6,1,10.815,0.37194444444444447,3.8516666666666666,16.50485436893204
2016-08-11 11:16:07,2016-08-11 20:10:37,2016-08-11 11:29:19,2016-08-11 18:47:14,0.4638888888888889,1257,6,1,7.299,0.22,1.3897222222222223,28.702561994793804
2016-08-11 11:19:48,2016-08-12 07:31:59,2016-08-11 11:29:33,2016-08-12 06:34:06,0.06138888888888889,1336,5,1,19.076,0.1625,0.9647222222222223,14.007129377227931
2016-08-11 12:57:58,2016-08-12 07:13:22,2016-08-11 13:34:57,2016-08-12 06:46:22,1.636111111111111,668,3,0,17.19,0.6163888888888889,0.45,12.953267403529182
2016-08-11 14:24:39,2016-08-12 18:12:08,2016-08-11 16:24:51,2016-08-12 15:30:16,1.4447222222222222,3455,7,3,23.09,2.0033333333333334,2.6977777777777776,21.375982181525707
2016-08-11 16:54:22,2016-08-12 14:55:34,2016-08-11 17:22:34,2016-08-12 12:56:04,2.495277777777778,2464,6,2,19.558,0.47,1.9916666666666667,20.99737532808399
2016-08-11 17:26:35,2016-08-11 23:45:44,2016-08-11 17:49:40,2016-08-11 22:59:10,0.5369444444444444,308,3,0,5.158,0.38472222222222224,0.7761111111111111,19.904355693421223
2016-08-11 17:57:58,2016-08-12 20:30:21,2016-08-11 18:20:43,2016-08-12 19:24:36,0.5230555555555556,3208,7,3,25.065,0.37916666666666665,1.0958333333333334,18.28389045624234
2016-08-11 19:18:36,2016-08-13 05:51:32,2016-08-11 19:48:31,2016-08-13 05:34:47,1.343888888888889,2699,5,2,33.771,0.4986111111111111,0.2791666666666667,15.984128394184358
2016-08-11 21:12:40,2016-08-12 15:31:41,2016-08-11 22:27:05,2016-08-12 15:02:38,1.9011111111111112,1139,5,1,16.592,1.2402777777777778,0.4841666666666667,13.729508196721312
2016-08-11 21:36:57,2016-08-12 09:39:30,2016-08-11 22:19:09,2016-08-12 08:34:31,0.4047222222222222,1184,6,1,10.256,0.7033333333333334,1.0830555555555557,19.24076963078523
2016-08-12 01:32:49,2016-08-12 20:45:11,2016-08-12 03:02:53,2016-08-12 20:06:02,3.931111111111111,1191,5,1,17.052,1.501111111111111,0.6525,13.969035890218157
2016-08-12 02:39:49,2016-08-12 06:53:18,2016-08-12 03:33:24,2016-08-12 06:14:41,1.1166666666666667,123,3,0,2.688,0.8930555555555556,0.6436111111111111,15.25297619047619
2016-08-12 04:13:32,2016-08-12 23:51:28,2016-08-12 04:48:49,2016-08-12 23:11:00,1.5619444444444444,1186,5,1,18.37,0.5880555555555556,0.6744444444444444,12.91235710397387
2016-08-12 07:38:51,2016-08-12 22:45:47,2016-08-12 09:21:58,2016-08-12 21:19:42,3.4219444444444442,1322,5,1,11.962,1.718611111111111,1.4347222222222222,22.103327202808895
2016-08-12 12:05:58,2016-08-12 16:30:32,2016-08-12 12:30:29,2016-08-12 15:40:25,4.451944444444444,234,3,0,3.165,0.4086111111111111,0.8352777777777778,24.644549763033172
2016-08-12 16:29:35,2016-08-13 09:55:15,2016-08-12 16:37:38,2016-08-13 08:08:55,4.393611111111111,1213,5,1,15.521,0.13416666666666666,1.7722222222222221,15.630436183235615
2016-08-12 18:00:21,2016-08-12 23:27:04,2016-08-12 18:17:56,2016-08-12 22:55:08,1.5127777777777778,221,3,0,4.62,0.29305555555555557,0.5322222222222223,15.945165945165947
2016-08-12 18:11:49,2016-08-13 00:09:37,2016-08-12 21:02:58,2016-08-12 23:27:16,0.19111111111111112,164,4,0,2.405,2.8525,0.7058333333333333,17.04781704781705
2016-08-12 19:34:50,2016-08-13 02:52:36,2016-08-12 19:45:48,2016-08-13 01:09:16,1.3836111111111111,237,3,0,5.391,0.1827777777777778,1.7222222222222223,14.654053051381931
2016-08-12 22:36:51,2016-08-13 05:38:56,2016-08-13 01:11:51,2016-08-13 04:44:37,3.033611111111111,213,2,0,3.546,2.5833333333333335,0.9052777777777777,30.033840947546533
2016-08-12 22:59:25,2016-08-13 07:54:40,2016-08-12 23:29:48,2016-08-13 06:43:50,0.3761111111111111,342,3,0,7.234,0.5063888888888889,1.1805555555555556,15.758916228918995
2016-08-13 00:46:28,2016-08-13 20:49:09,2016-08-13 00:55:45,2016-08-13 20:08:51,1.7841666666666667,1420,4,1,19.218,0.15472222222222223,0.6716666666666666,18.47226558434801
2016-08-13 01:56:34,2016-08-13 09:22:43,2016-08-13 02:44:12,2016-08-13 08:03:24,1.1683333333333332,438,3,0,5.32,0.7938888888888889,1.3219444444444444,27.44360902255639
2016-08-13 04:08:18,2016-08-13 23:27:22,2016-08-13 04:38:28,2016-08-13 22:33:10,2.1955555555555555,2177,6,2,17.912,0.5027777777777778,0.9033333333333333,20.256438886407622
2016-08-13 06:29:26,2016-08-13 18:23:14,2016-08-13 07:13:53,2016-08-13 17:45:56,2.352222222222222,1405,6,1,10.534,0.7408333333333333,0.6216666666666667,22.229605721156886
2016-08-13 07:25:14,2016-08-14 16:07:24,2016-08-13 08:07:53,2016-08-14 15:17:42,0.93,3346,6,3,31.164,0.7108333333333333,0.8283333333333334,17.89457921533393
2016-08-13 10:21:50,2016-08-14 09:15:40,2016-08-13 10:43:43,2016-08-14 08:43:58,2.9433333333333334,1449,4,1,22.004,0.3647222222222222,0.5283333333333333,16.46291583348482
2016-08-13 11:04:25,2016-08-14 15:44:36,2016-08-13 11:49:32,2016-08-14 14:36:32,0.7097222222222223,3148,7,3,26.783,0.7519444444444444,1.1344444444444444,16.791034824862255
2016-08-13 19:56:23,2016-08-14 04:19:27,2016-08-13 20:01:18,2016-08-14 03:48:59,8.866111111111111,423,3,0,7.795,0.08194444444444444,0.5077777777777778,18.088518280949327
2016-08-13 21:10:35,2016-08-14 08:09:29,2016-08-13 21:40:17,2016-08-14 06:11:32,1.2366666666666666,1099,5,1,8.521,0.495,1.9658333333333333,25.795094472479754
2016-08-14 02:20:21,2016-08-14 20:03:49,2016-08-14 03:50:04,2016-08-14 19:04:48,5.1627777777777775,1229,5,1,15.245,1.4952777777777777,0.9836111111111111,16.123319121023286
2016-08-14 02:23:13,2016-08-14 14:25:38,2016-08-14 03:34:54,2016-08-14 11:33:28,0.04777777777777778,1017,6,1,7.976,1.1947222222222222,2.8694444444444445,21.251253761283852
2016-08-14 03:45:14,2016-08-14 18:41:01,2016-08-14 04:15:01,2016-08-14 16:00:14,1.3669444444444445,393,2,0,11.754,0.4963888888888889,2.6797222222222223,16.717713118938235
2016-08-14 04:29:32,2016-08-15 08:16:51,2016-08-14 05:48:56,2016-08-15 07:09:39,0.7383333333333333,372,1,0,25.345,1.3233333333333333,1.12,14.67745117380154
2016-08-14 09:12:04,2016-08-14 14:51:22,2016-08-14 10:13:31,2016-08-14 13:30:00,4.708888888888889,221,3,0,3.275,1.0241666666666667,1.356111111111111,22.493638676844785
2016-08-14 10:29:42,2016-08-14 18:36:50,2016-08-14 11:06:51,2016-08-14 17:15:18,1.2938888888888889,380,4,0,6.141,0.6191666666666666,1.3588888888888888,15.469793193290995
2016-08-14 17:33:01,2016-08-15 06:31:49,2016-08-14 17:46:31,2016-08-15 03:33:48,7.0552777777777775,1589,6,1,9.788,0.225,2.9669444444444446,27.056940471325433
2016-08-14 17:45:38,2016-08-15 17:31:01,2016-08-14 18:02:50,2016-08-15 16:59:16,0.21027777777777779,723,2,0,22.94,0.2866666666666667,0.5291666666666667,15.75850043591979
2016-08-14 17:56:31,2016-08-15 02:02:41,2016-08-14 18:21:17,2016-08-15 01:19:37,0.18138888888888888,339,3,0,6.972,0.4127777777777778,0.7177777777777777,16.207687894434883
2016-08-14 21:21:51,2016-08-15 10:44:01,2016-08-14 22:19:59,2016-08-15 10:10:07,3.422222222222222,1173,5,1,11.836,0.9688888888888889,0.565,19.820885434268334
2016-08-14 23:10:28,2016-08-15 13:32:15,2016-08-14 23:25:04,2016-08-15 10:44:13,1.8102777777777779,1454,6,1,11.319,0.24333333333333335,2.8005555555555555,21.40942957269488
2016-08-15 00:06:45,2016-08-15 16:24:39,2016-08-15 00:36:38,2016-08-15 15:06:52,0.9380555555555555,1029,5,1,14.504,0.49805555555555553,1.2963888888888888,14.18918918918919
2016-08-15 00:52:25,2016-08-15 08:21:17,2016-08-15 01:13:41,2016-08-15 06:49:32,0.7611111111111111,318,3,0,5.598,0.35444444444444445,1.5291666666666666,18.93533404787424
2016-08-15 02:44:58,2016-08-15 07:12:50,2016-08-15 04:35:57,2016-08-15 06:42:28,1.8758333333333332,155,3,0,2.109,1.8497222222222223,0.5061111111111111,24.498182392919237
2016-08-15 04:14:24,2016-08-17 03:48:31,2016-08-15 04:48:46,2016-08-17 03:22:11,1.4905555555555556,2593,5,2,46.557,0.5727777777777778,0.4388888888888889,11.139033872457416
2016-08-15 04:15:49,2016-08-15 08:57:36,2016-08-15 05:47:35,2016-08-15 08:11:20,0.02361111111111111,208,3,0,2.396,1.5294444444444444,0.7711111111111111,28.937117417918756
2016-08-15 07:45:55,2016-08-15 19:18:09,2016-08-15 08:10:42,2016-08-15 16:07:12,3.5016666666666665,1074,6,1,7.941,0.41305555555555556,3.1825,22.541241657222013
2016-08-15 10:51:07,2016-08-16 01:03:35,2016-08-15 11:15:33,2016-08-16 00:23:11,3.0866666666666664,1270,4,1,13.127,0.4072222222222222,0.6733333333333333,24.186790584291916
2016-08-15 16:40:31,2016-08-16 14:37:19,2016-08-15 17:33:09,2016-08-16 14:04:36,5.823333333333333,2303,6,2,20.524,0.8772222222222222,0.5452777777777778,18.70168258299227
2016-08-15 20:44:16,2016-08-16 18:30:17,2016-08-15 21:29:41,2016-08-16 17:58:46,4.0625,2087,7,2,20.485,0.7569444444444444,0.5252777777777777,14.554203424108234
2016-08-15 22:24:58,2016-08-16 21:28:17,2016-08-16 00:41:05,2016-08-16 19:57:16,1.6783333333333332,2564,7,2,19.27,2.268611111111111,1.5169444444444444,19.008080658314185
2016-08-15 22:55:02,2016-08-16 13:19:53,2016-08-15 23:07:46,2016-08-16 12:32:30,0.5011111111111111,2222,7,2,13.412,0.21222222222222223,0.7897222222222222,23.66750458012015
2016-08-15 23:33:56,2016-08-16 02:05:28,2016-08-15 23:55:11,2016-08-16 01:13:05,0.6483333333333333,104,3,0,1.298,0.3541666666666667,0.8730555555555556,26.70775552131484
2016-08-16 00:16:02,2016-08-17 11:26:55,2016-08-16 00:47:06,2016-08-17 11:08:18,0.7016666666666667,4441,8,4,34.353,0.5177777777777778,0.31027777777777776,16.159432946176462
2016-08-16 00:49:31,2016-08-16 21:56:57,2016-08-16 01:38:41,2016-08-16 21:05:15,0.5580555555555555,2146,6,2,19.443,0.8194444444444444,0.8616666666666667,18.39565224845274
2016-08-16 02:11:36,2016-08-16 16:41:06,2016-08-16 02:26:20,2016-08-16 15:06:01,1.3680555555555556,2208,7,2,12.661,0.24555555555555555,1.5847222222222221,24.91340110801449
2016-08-16 02:37:40,2016-08-16 09:20:54,2016-08-16 03:14:53,2016-08-16 07:36:16,0.43444444444444447,306,3,0,4.356,0.6202777777777778,1.7438888888888888,23.415977961432507
2016-08-16 02:41:05,2016-08-16 21:55:45,2016-08-16 04:56:07,2016-08-16 20:04:28,0.05694444444444444,1491,4,1,15.139,2.2505555555555556,1.8547222222222222,24.6218376378889
2016-08-16 03:03:33,2016-08-17 03:10:33,2016-08-16 06:29:37,2016-08-17 02:02:43,0.37444444444444447,1122,5,1,19.552,3.4344444444444444,1.1305555555555555,11.477086743044191
2016-08-16 04:55:08,2016-08-16 13:40:17,2016-08-16 05:46:47,2016-08-16 13:25:11,1.8597222222222223,441,3,0,7.64,0.8608333333333333,0.25166666666666665,19.24083769633508
2016-08-16 07:14:59,2016-08-17 05:55:54,2016-08-16 09:29:02,2016-08-17 03:11:26,2.3308333333333335,2353,6,2,17.707,2.234166666666667,2.741111111111111,22.147549933171437
2016-08-16 12:51:41,2016-08-17 07:44:44,2016-08-16 13:14:36,2016-08-17 03:08:48,5.611666666666666,1485,5,1,13.903,0.3819444444444444,4.598888888888889,21.362295907358124
2016-08-16 17:06:04,2016-08-16 23:18:27,2016-08-16 19:26:59,2016-08-16 22:27:45,4.239722222222222,131,3,0,3.013,2.348611111111111,0.845,14.492753623188406
2016-08-16 19:28:54,2016-08-17 20:00:11,2016-08-16 20:51:04,2016-08-17 19:33:45,2.3805555555555555,3137,6,3,22.711,1.3694444444444445,0.44055555555555553,23.021149809930577
2016-08-16 19:59:14,2016-08-17 07:59:40,2016-08-16 20:10:28,2016-08-17 06:46:57,0.5055555555555555,1305,5,1,10.608,0.18722222222222223,1.2119444444444445,24.60407239819004
2016-08-16 20:12:21,2016-08-17 04:24:57,2016-08-16 22:17:05,2016-08-17 03:54:00,0.21861111111111112,254,3,0,5.615,2.078888888888889,0.5158333333333334,15.078658355595133
2016-08-16 20:22:43,2016-08-18 00:32:03,2016-08-16 21:42:25,2016-08-17 23:26:21,0.17277777777777778,2251,6,2,25.732,1.3283333333333334,1.095,14.579770972589253
2016-08-16 23:10:42,2016-08-17 11:51:18,2016-08-17 00:17:43,2016-08-17 10:48:45,2.799722222222222,1247,5,1,10.517,1.1169444444444445,1.0425,23.713986878387377
2016-08-16 23:53:08,2016-08-17 17:04:34,2016-08-17 01:16:10,2016-08-17 16:37:02,0.7072222222222222,1151,6,1,15.348,1.383888888888889,0.4588888888888889,12.49891408218226
2016-08-17 00:42:28,2016-08-17 08:33:54,2016-08-17 01:08:46,2016-08-17 07:42:36,0.8222222222222222,326,3,0,6.564,0.43833333333333335,0.855,16.554946171033922
2016-08-17 00:55:21,2016-08-17 04:22:31,2016-08-17 01:20:21,2016-08-17 03:56:12,0.21472222222222223,202,3,0,2.597,0.4166666666666667,0.4386111111111111,25.927352072904633
2016-08-17 01:27:31,2016-08-17 05:13:36,2016-08-17 02:02:00,2016-08-17 04:56:16,0.5361111111111111,167,3,0,2.904,0.5747222222222222,0.28888888888888886,19.168962350780532
2016-08-17 02:30:14,2016-08-17 16:00:58,2016-08-17 02:48:53,2016-08-17 15:13:10,1.0452777777777778,1295,5,1,12.405,0.31083333333333335,0.7966666666666666,20.878677952438533
2016-08-17 05:18:41,2016-08-17 18:13:17,2016-08-17 05:22:36,2016-08-17 16:40:39,2.8075,740,4,0,11.301,0.06527777777777778,1.5438888888888889,16.370232722767895
2016-08-17 07:24:17,2016-08-17 21:17:17,2016-08-17 07:45:57,2016-08-17 20:51:04,2.0933333333333333,1224,5,1,13.085,0.3611111111111111,0.43694444444444447,18.708444784103932
2016-08-17 10:27:21,2016-08-17 18:50:35,2016-08-17 12:28:22,2016-08-17 18:12:27,3.051111111111111,209,2,0,5.735,2.0169444444444444,0.6355555555555555,18.221447253705318
2016-08-17 11:44:30,2016-08-18 02:41:25,2016-08-17 12:42:47,2016-08-18 02:11:16,1.2858333333333334,1369,5,1,13.475,0.9713888888888889,0.5025,20.319109461966605
2016-08-17 17:35:44,2016-08-17 21:33:58,2016-08-17 18:26:16,2016-08-17 20:58:43,5.853888888888889,128,3,0,2.541,0.8422222222222222,0.5875,16.791289518562248
2016-08-17 17:44:53,2016-08-18 14:09:42,2016-08-17 18:04:43,2016-08-18 12:04:04,0.1525,2172,6,2,17.989,0.33055555555555555,2.093888888888889,20.12340874979154
2016-08-17 17:59:00,2016-08-18 09:12:04,2016-08-17 18:40:41,2016-08-18 08:48:32,0.23527777777777778,1081,5,1,14.131,0.6947222222222222,0.39222222222222225,15.299695704479513
2016-08-18 00:37:49,2016-08-18 15:03:26,2016-08-18 00:56:56,2016-08-18 13:45:25,6.646944444444444,1249,5,1,12.808,0.3186111111111111,1.3002777777777779,19.503435352904436
2016-08-18 00:45:52,2016-08-18 18:08:14,2016-08-18 01:04:58,2016-08-18 15:23:33,0.13416666666666666,2256,7,2,14.309,0.31833333333333336,2.7447222222222223,22.523287042121343
2016-08-18 04:11:38,2016-08-18 15:49:42,2016-08-18 07:47:04,2016-08-18 13:56:18,3.4294444444444445,511,3,0,6.154,3.5905555555555555,1.89,27.678474704799047
2016-08-18 04:42:20,2016-08-19 00:10:34,2016-08-18 04:52:31,2016-08-18 22:42:18,0.5116666666666667,2397,7,2,17.83,0.16972222222222222,1.471111111111111,19.205191891675348
2016-08-18 11:53:29,2016-08-20 12:22:57,2016-08-18 12:59:37,2016-08-20 11:30:03,7.185833333333333,1446,4,1,46.507,1.1022222222222222,0.8816666666666667,7.773023415829876
2016-08-18 13:24:06,2016-08-19 15:42:25,2016-08-18 16:03:07,2016-08-19 15:14:20,1.5102777777777778,4076,7,4,23.187,2.6502777777777777,0.46805555555555556,25.11259387957538
2016-08-18 13:38:45,2016-08-19 05:37:12,2016-08-18 14:27:18,2016-08-19 05:11:45,0.24416666666666667,1132,5,1,14.741,0.8091666666666667,0.4241666666666667,15.358523845058002
2016-08-18 23:51:50,2016-08-19 20:32:58,2016-08-19 02:27:00,2016-08-19 19:37:01,10.218055555555555,1028,5,1,17.167,2.5861111111111112,0.9325,11.976466476379098
2016-08-19 03:37:40,2016-08-19 10:25:32,2016-08-19 06:56:44,2016-08-19 09:36:12,3.763888888888889,120,2,0,2.658,3.3177777777777777,0.8222222222222222,22.573363431151243
2016-08-19 04:30:24,2016-08-19 13:26:08,2016-08-19 04:53:29,2016-08-19 11:49:01,0.8788888888888889,438,3,0,6.926,0.38472222222222224,1.618611111111111,21.079988449321398
2016-08-19 04:52:46,2016-08-19 13:23:34,2016-08-19 05:23:16,2016-08-19 12:01:56,0.37277777777777776,509,3,0,6.645,0.5083333333333333,1.3605555555555555,25.532982192124408
2016-08-19 06:39:32,2016-08-19 11:09:56,2016-08-19 09:03:11,2016-08-19 10:57:26,1.7794444444444444,95,3,0,1.904,2.3941666666666666,0.20833333333333334,16.631652661064425
2016-08-19 07:27:17,2016-08-19 22:41:46,2016-08-19 07:43:35,2016-08-19 22:13:33,0.7958333333333333,2187,7,2,14.499,0.27166666666666667,0.4702777777777778,21.54828411811652
2016-08-19 09:40:47,2016-08-19 18:18:08,2016-08-19 11:41:22,2016-08-19 18:11:10,2.225,475,3,0,6.497,2.0097222222222224,0.11611111111111111,24.37022215381458
2016-08-19 12:03:29,2016-08-19 19:31:55,2016-08-19 12:28:17,2016-08-19 19:02:50,2.3783333333333334,343,3,0,6.576,0.41333333333333333,0.4847222222222222,17.38645579886456
2016-08-19 13:58:43,2016-08-20 08:38:14,2016-08-19 14:36:13,2016-08-20 07:24:28,1.9205555555555556,1383,5,1,16.804,0.625,1.2294444444444443,16.460366579385862
2016-08-19 14:27:13,2016-08-20 03:10:02,2016-08-19 14:50:31,2016-08-20 02:18:57,0.475,1012,5,1,11.474,0.3883333333333333,0.8513888888888889,17.63988147115217
2016-08-19 16:46:52,2016-08-19 20:08:58,2016-08-19 17:04:59,2016-08-19 19:17:32,2.3275,151,3,0,2.209,0.30194444444444446,0.8572222222222222,22.78557416628942
2016-08-19 18:10:31,2016-08-20 15:38:04,2016-08-19 18:47:24,2016-08-20 13:14:16,1.3941666666666668,1284,4,1,18.448,0.6147222222222222,2.3966666666666665,17.40026019080659
2016-08-19 22:05:16,2016-08-20 05:09:38,2016-08-19 22:17:54,2016-08-20 04:12:17,3.9125,221,2,0,5.906,0.21055555555555555,0.9558333333333333,18.709786657636304
2016-08-19 22:15:12,2016-08-20 11:54:48,2016-08-19 23:08:50,2016-08-20 11:30:17,0.16555555555555557,1464,5,1,12.358,0.8938888888888888,0.4086111111111111,23.693154232076385
2016-08-19 22:41:25,2016-08-20 11:34:19,2016-08-20 06:17:56,2016-08-20 08:01:53,0.43694444444444447,96,3,0,1.733,7.608611111111111,3.5405555555555557,18.465089440276977
2016-08-19 23:23:53,2016-08-20 18:39:18,2016-08-20 00:04:12,2016-08-20 17:16:44,0.7077777777777777,1256,6,1,17.209,0.6719444444444445,1.376111111111111,12.164177658976893
2016-08-20 03:39:22,2016-08-20 13:59:35,2016-08-20 05:24:36,2016-08-20 13:04:51,4.258055555555556,221,2,0,7.671,1.7538888888888888,0.9122222222222223,14.404901577369312
2016-08-20 04:24:11,2016-08-21 00:36:50,2016-08-20 04:35:49,2016-08-21 00:14:22,0.7469444444444444,1108,4,1,19.642,0.1938888888888889,0.37444444444444447,14.102433560737197
2016-08-20 05:35:00,2016-08-20 10:05:31,2016-08-20 06:15:43,2016-08-20 09:30:54,1.1802777777777778,196,4,0,3.253,0.6786111111111112,0.5769444444444445,15.063018751921303
2016-08-20 06:05:43,2016-08-20 10:57:20,2016-08-20 06:19:49,2016-08-20 09:55:06,0.5119444444444444,223,4,0,3.588,0.235,1.0372222222222223,15.537904124860646
2016-08-20 07:59:41,2016-08-20 21:16:05,2016-08-20 08:34:48,2016-08-20 20:11:18,1.8994444444444445,1234,5,1,11.608,0.5852777777777778,1.0797222222222222,21.261199172984146
2016-08-20 09:02:29,2016-08-21 02:29:26,2016-08-20 10:08:03,2016-08-21 01:49:02,1.0466666666666666,2356,7,2,15.683,1.0927777777777778,0.6733333333333333,21.46090853608548
2016-08-20 11:29:12,2016-08-21 03:16:58,2016-08-20 12:05:46,2016-08-21 01:37:40,2.4452777777777777,1460,4,1,13.531,0.6094444444444445,1.655,26.975094228068876
2016-08-20 12:27:38,2016-08-21 05:31:05,2016-08-20 12:43:21,2016-08-21 05:02:33,0.9738888888888889,1085,4,1,16.32,0.2619444444444444,0.47555555555555556,16.620710784313726
2016-08-20 13:19:04,2016-08-21 09:56:40,2016-08-20 13:38:27,2016-08-21 09:31:37,0.8572222222222222,525,3,0,19.886,0.32305555555555554,0.4175,8.800160917228201
2016-08-20 13:38:46,2016-08-20 23:12:03,2016-08-20 14:37:44,2016-08-20 21:43:26,0.3283333333333333,489,3,0,7.095,0.9827777777777778,1.4769444444444444,22.973925299506696
2016-08-20 17:23:00,2016-08-22 12:38:58,2016-08-20 17:46:11,2016-08-22 12:06:36,3.737222222222222,2645,6,2,42.34,0.3863888888888889,0.5394444444444444,10.411746181703668
2016-08-20 17:43:55,2016-08-20 23:35:07,2016-08-20 18:26:55,2016-08-20 20:53:13,0.3486111111111111,83,2,0,2.438,0.7166666666666667,2.6983333333333333,17.022149302707135
2016-08-20 19:17:46,2016-08-21 11:15:24,2016-08-20 20:34:46,2016-08-21 10:52:06,1.5641666666666667,1364,5,1,14.289,1.2833333333333334,0.3883333333333333,19.091608929946116
2016-08-20 19:34:49,2016-08-21 07:21:23,2016-08-20 20:11:16,2016-08-21 04:46:58,0.2841666666666667,1238,5,1,8.595,0.6075,2.573611111111111,28.80744618964514
2016-08-20 19:40:43,2016-08-22 07:12:14,2016-08-20 20:16:12,2016-08-22 06:40:03,0.09833333333333333,1606,4,1,34.397,0.5913888888888889,0.5363888888888889,11.672529581068117
2016-08-20 22:07:14,2016-08-21 13:23:31,2016-08-20 22:24:49,2016-08-21 11:35:26,2.4419444444444443,1153,5,1,13.177,0.29305555555555557,1.801388888888889,17.50018972452
2016-08-21 03:13:32,2016-08-21 18:50:47,2016-08-21 03:49:24,2016-08-21 18:30:30,5.105,2079,6,2,14.685,0.5977777777777777,0.33805555555555555,23.59550561797753
2016-08-21 04:08:48,2016-08-21 08:00:54,2016-08-21 04:43:26,2016-08-21 07:07:38,0.9211111111111111,279,5,0,2.403,0.5772222222222222,0.8877777777777778,23.220973782771534
2016-08-21 05:33:56,2016-08-21 18:22:38,2016-08-21 07:04:15,2016-08-21 17:53:25,1.4188888888888889,1032,6,1,10.82,1.5052777777777777,0.48694444444444446,15.89648798521257
2016-08-21 05:42:46,2016-08-21 17:33:15,2016-08-21 06:53:11,2016-08-21 15:07:05,0.14722222222222223,476,3,0,8.232,1.1736111111111112,2.436111111111111,19.27437641723356
2016-08-21 05:46:02,2016-08-23 00:24:59,2016-08-21 07:07:42,2016-08-22 23:36:34,0.05444444444444444,1232,4,1,40.481,1.3611111111111112,0.8069444444444445,7.60850769496801
2016-08-21 07:32:54,2016-08-21 14:53:17,2016-08-21 08:08:55,2016-08-21 12:41:28,1.781111111111111,241,3,0,4.542,0.6002777777777778,2.1969444444444446,17.68677528254807
2016-08-21 08:44:07,2016-08-21 14:08:33,2016-08-21 10:05:24,2016-08-21 13:33:29,1.1869444444444444,124,2,0,3.468,1.3547222222222222,0.5844444444444444,17.87773933102653
2016-08-21 09:06:44,2016-08-21 20:22:52,2016-08-21 09:31:20,2016-08-21 19:17:40,0.37694444444444447,1071,4,1,9.772,0.41,1.0866666666666667,27.39971346704871
2016-08-21 10:49:15,2016-08-22 04:47:54,2016-08-21 10:53:25,2016-08-22 04:30:04,1.708611111111111,799,3,0,17.611,0.06944444444444445,0.2972222222222222,15.12312380519751
2016-08-21 11:01:45,2016-08-22 00:16:16,2016-08-21 11:09:46,2016-08-21 23:56:26,0.20833333333333334,1336,5,1,12.778,0.13361111111111112,0.33055555555555555,20.910940679292533
2016-08-21 14:11:08,2016-08-22 00:43:34,2016-08-21 14:43:09,2016-08-21 22:59:13,3.156388888888889,422,3,0,8.268,0.5336111111111111,1.7391666666666667,17.013384937913237
2016-08-21 14:53:25,2016-08-21 22:43:45,2016-08-21 15:01:51,2016-08-21 21:05:21,0.7047222222222222,349,3,0,6.058,0.14055555555555554,1.64,19.203257400682293
2016-08-21 15:43:51,2016-08-21 19:29:05,2016-08-21 16:08:17,2016-08-21 18:20:18,0.8405555555555555,198,4,0,2.2,0.4072222222222222,1.146388888888889,22.499999999999996
2016-08-21 17:35:42,2016-08-21 23:33:54,2016-08-21 18:29:59,2016-08-21 22:51:31,1.8641666666666667,339,3,0,4.359,0.9047222222222222,0.7063888888888888,25.92337692131223
2016-08-21 17:42:59,2016-08-22 15:50:46,2016-08-21 18:38:41,2016-08-22 13:15:21,0.1213888888888889,2107,6,2,18.611,0.9283333333333333,2.5902777777777777,18.86876936578726
2016-08-21 21:11:19,2016-08-22 07:19:14,2016-08-21 21:35:50,2016-08-22 06:28:07,3.4722222222222223,537,3,0,8.871,0.4086111111111111,0.8519444444444444,20.178108443242024
2016-08-22 02:43:29,2016-08-22 11:57:35,2016-08-22 02:54:53,2016-08-22 10:41:07,5.536111111111111,334,3,0,7.77,0.19,1.2744444444444445,14.328614328614329
2016-08-22 03:24:57,2016-08-22 12:22:01,2016-08-22 03:28:40,2016-08-22 12:04:27,0.6911111111111111,344,2,0,8.596,0.06194444444444445,0.2927777777777778,20.009306654257795
2016-08-22 04:08:06,2016-08-22 09:22:32,2016-08-22 05:09:15,2016-08-22 09:03:17,0.7191666666666666,217,3,0,3.9,1.0191666666666668,0.32083333333333336,18.54700854700855
2016-08-22 07:46:22,2016-08-22 13:13:55,2016-08-22 08:32:26,2016-08-22 12:29:42,3.637777777777778,382,4,0,3.954,0.7677777777777778,0.7369444444444444,24.152756702073848
2016-08-22 11:52:42,2016-08-24 12:58:51,2016-08-22 12:42:19,2016-08-24 10:59:07,4.105555555555555,4162,8,4,46.28,0.8269444444444445,1.9955555555555555,11.241356957649092
2016-08-22 14:00:13,2016-08-24 01:59:45,2016-08-22 14:08:31,2016-08-24 01:30:50,2.125277777777778,3253,8,3,35.372,0.13833333333333334,0.48194444444444445,11.495674544837724
2016-08-22 14:12:49,2016-08-22 18:02:09,2016-08-22 15:15:49,2016-08-22 17:42:23,0.21,191,3,0,2.443,1.05,0.32944444444444443,26.060854141083365
2016-08-22 17:08:52,2016-08-23 14:31:55,2016-08-22 18:10:54,2016-08-23 13:39:41,2.9341666666666666,2298,6,2,19.48,1.0338888888888889,0.8705555555555555,19.661190965092402
2016-08-22 21:19:50,2016-08-23 06:06:44,2016-08-22 21:43:52,2016-08-23 05:17:01,4.182777777777778,478,3,0,7.553,0.40055555555555555,0.8286111111111111,21.095370492960857
2016-08-23 01:23:00,2016-08-23 05:15:14,2016-08-23 02:27:52,2016-08-23 04:07:14,4.052777777777778,90,3,0,1.656,1.0811111111111111,1.1333333333333333,18.115942028985508
2016-08-23 09:38:20,2016-08-23 14:34:28,2016-08-23 10:43:12,2016-08-23 14:20:40,8.255555555555556,131,2,0,3.625,1.0811111111111111,0.23,18.06896551724138
2016-08-23 11:31:28,2016-08-24 16:24:52,2016-08-23 12:34:03,2016-08-24 14:40:38,1.8855555555555557,2375,6,2,26.11,1.0430555555555556,1.7372222222222222,15.160219583812077
2016-08-23 13:29:32,2016-08-24 01:42:09,2016-08-23 14:35:32,2016-08-24 00:46:44,1.9677777777777778,389,3,0,10.187,1.1,0.9236111111111112,12.72864107849874
2016-08-23 13:48:50,2016-08-24 16:19:58,2016-08-23 14:06:27,2016-08-24 15:01:31,0.32166666666666666,3150,6,3,24.918,0.2936111111111111,1.3075,21.0691066698772
2016-08-23 15:31:53,2016-08-24 04:45:59,2016-08-23 16:17:55,2016-08-24 04:20:36,1.7175,1332,5,1,12.045,0.7672222222222222,0.4230555555555556,22.11706102117061
2016-08-23 17:56:14,2016-08-24 10:14:43,2016-08-23 18:15:36,2016-08-24 09:43:07,2.4058333333333333,1408,5,1,15.459,0.3227777777777778,0.5266666666666666,18.215925997800632
2016-08-23 19:41:46,2016-08-24 06:42:19,2016-08-23 20:46:20,2016-08-24 06:21:55,1.758888888888889,625,3,0,9.593,1.076111111111111,0.34,21.71722436498836
2016-08-23 23:34:36,2016-08-24 10:38:09,2016-08-24 00:01:55,2016-08-24 09:24:14,3.8805555555555555,582,2,0,9.372,0.4552777777777778,1.2319444444444445,31.049935979513446
2016-08-23 23:50:02,2016-08-24 07:25:20,2016-08-24 00:24:50,2016-08-24 06:51:11,0.25722222222222224,326,3,0,6.439,0.58,0.5691666666666667,16.87632655174199
2016-08-24 01:00:09,2016-08-24 23:46:40,2016-08-24 01:17:51,2016-08-24 22:52:07,1.168611111111111,2071,6,2,21.571,0.295,0.9091666666666667,16.001421661799018
2016-08-24 05:37:26,2016-08-24 08:27:56,2016-08-24 05:56:42,2016-08-24 06:14:22,4.621388888888889,20,3,0,0.294,0.3211111111111111,2.226111111111111,22.67573696145125
2016-08-24 07:43:12,2016-08-24 11:18:01,2016-08-24 07:59:26,2016-08-24 10:59:41,2.096111111111111,218,3,0,3.004,0.27055555555555555,0.3055555555555556,24.189968930315136
2016-08-24 08:26:03,2016-08-24 13:59:09,2016-08-24 09:10:26,2016-08-24 13:29:17,0.7141666666666666,215,3,0,4.314,0.7397222222222222,0.49777777777777776,16.612579199505486
2016-08-24 08:34:57,2016-08-24 14:23:09,2016-08-24 08:59:39,2016-08-24 14:00:25,0.14833333333333334,401,3,0,5.013,0.4116666666666667,0.3788888888888889,26.664006915353415
2016-08-24 09:36:48,2016-08-25 04:39:02,2016-08-24 09:55:34,2016-08-25 03:46:54,1.0308333333333333,1200,4,1,17.856,0.31277777777777777,0.8688888888888889,16.801075268817204
2016-08-24 11:24:24,2016-08-24 18:01:03,2016-08-24 13:01:31,2016-08-24 16:52:01,1.7933333333333332,287,4,0,3.841,1.618611111111111,1.1505555555555556,18.680031241864096
2016-08-24 12:43:44,2016-08-24 22:14:08,2016-08-24 15:03:52,2016-08-24 21:18:57,1.3222222222222222,296,3,0,6.251,2.3355555555555556,0.9197222222222222,15.784141204074015
2016-08-24 12:47:55,2016-08-25 04:00:21,2016-08-24 13:15:45,2016-08-25 03:18:52,0.06972222222222223,1608,6,1,14.052,0.4638888888888889,0.6913888888888889,19.072018218047255
2016-08-24 13:07:19,2016-08-25 03:37:57,2016-08-24 13:50:02,2016-08-25 03:23:59,0.3233333333333333,552,2,0,13.566,0.7119444444444445,0.23277777777777778,20.344980097302077
2016-08-24 14:53:54,2016-08-25 11:20:21,2016-08-24 15:23:35,2016-08-25 10:30:28,1.7763888888888888,1349,5,1,19.115,0.49472222222222223,0.8313888888888888,14.114569709652107
2016-08-24 15:38:53,2016-08-25 11:50:34,2016-08-24 17:03:58,2016-08-25 10:06:50,0.7497222222222222,330,1,0,17.048,1.4180555555555556,1.728888888888889,19.35710933833881
2016-08-24 15:49:03,2016-08-24 20:19:59,2016-08-24 16:44:10,2016-08-24 18:04:18,0.16944444444444445,101,3,0,1.336,0.9186111111111112,2.261388888888889,25.199600798403193
2016-08-24 18:54:25,2016-08-26 13:13:28,2016-08-24 19:01:28,2016-08-26 12:29:59,3.0894444444444447,2429,6,2,41.475,0.1175,0.7247222222222223,9.760900140646974
2016-08-24 20:50:01,2016-08-26 04:07:08,2016-08-24 20:59:46,2016-08-26 03:41:51,1.9266666666666667,2354,6,2,30.701,0.1625,0.42138888888888887,12.779171145348142
2016-08-24 21:32:03,2016-08-25 21:53:21,2016-08-24 23:16:43,2016-08-25 21:07:24,0.7005555555555556,2535,7,2,21.845,1.7444444444444445,0.7658333333333334,16.577837360625185
2016-08-25 00:50:10,2016-08-25 22:07:21,2016-08-25 01:06:34,2016-08-25 21:13:58,3.3019444444444446,2244,7,2,20.123,0.2733333333333333,0.8897222222222222,15.930598249337997
2016-08-25 01:14:14,2016-08-26 02:30:14,2016-08-25 01:50:45,2016-08-26 01:59:28,0.4011111111111111,2241,5,2,24.145,0.6086111111111111,0.5127777777777778,18.56284945123214
2016-08-25 07:08:30,2016-08-26 14:26:00,2016-08-25 09:03:08,2016-08-26 12:49:17,5.904444444444445,3279,8,3,27.769,1.9105555555555556,1.6119444444444444,14.760164211890958
2016-08-25 07:21:54,2016-08-25 10:16:18,2016-08-25 07:52:07,2016-08-25 09:53:47,0.22333333333333333,179,3,0,2.028,0.5036111111111111,0.37527777777777777,29.421433267587116
2016-08-25 10:27:27,2016-08-25 15:34:13,2016-08-25 11:27:05,2016-08-25 15:03:34,3.0925,212,3,0,3.608,0.9938888888888889,0.5108333333333334,19.58610495195861
2016-08-25 11:55:44,2016-08-26 04:20:53,2016-08-25 12:00:40,2016-08-26 01:42:09,1.4713888888888889,597,3,0,13.691,0.08222222222222222,2.6455555555555557,14.535096048499014
2016-08-25 13:40:33,2016-08-26 13:49:45,2016-08-25 15:08:54,2016-08-26 13:19:11,1.7469444444444444,3695,7,3,22.171,1.4725,0.5094444444444445,23.808449905603844
2016-08-25 14:40:45,2016-08-26 02:31:12,2016-08-25 16:57:14,2016-08-26 01:38:28,1.0033333333333334,370,3,0,8.687,2.274722222222222,0.8788888888888889,14.197459805840145
2016-08-25 19:44:25,2016-08-26 00:26:27,2016-08-25 20:04:03,2016-08-25 23:55:48,5.061111111111111,235,3,0,3.863,0.32722222222222225,0.5108333333333334,20.277849685046164
2016-08-25 20:42:50,2016-08-26 05:48:33,2016-08-25 21:55:33,2016-08-26 05:38:06,0.9736111111111111,238,2,0,7.709,1.2119444444444445,0.17416666666666666,15.436502788947983
2016-08-25 22:19:13,2016-08-26 01:04:42,2016-08-25 22:51:47,2016-08-26 00:29:03,1.6063888888888889,100,3,0,1.621,0.5427777777777778,0.5941666666666666,20.56343820686819
2016-08-25 22:47:10,2016-08-26 13:31:17,2016-08-25 23:33:38,2016-08-26 12:36:52,0.4658333333333333,2093,7,2,13.054,0.7744444444444445,0.9069444444444444,22.90485674888923
2016-08-26 00:42:59,2016-08-26 06:53:16,2016-08-26 00:55:12,2016-08-26 05:20:24,1.9302777777777778,227,3,0,4.42,0.2036111111111111,1.5477777777777777,17.11915535444947
2016-08-26 04:51:35,2016-08-26 16:14:45,2016-08-26 05:28:23,2016-08-26 15:05:39,4.1433333333333335,1133,6,1,9.621,0.6133333333333333,1.1516666666666666,19.627204379309152
2016-08-26 05:59:05,2016-08-28 00:03:24,2016-08-26 06:13:44,2016-08-27 22:33:05,1.125,4645,7,4,40.323,0.24416666666666667,1.5052777777777777,16.456400282008495
2016-08-26 06:02:54,2016-08-27 12:43:43,2016-08-26 06:23:54,2016-08-27 12:33:15,0.0636111111111111,7709,10,6,30.156,0.35,0.17444444444444446,25.56373524340098
2016-08-26 08:54:25,2016-08-27 02:32:10,2016-08-26 09:50:12,2016-08-27 01:10:55,2.858611111111111,1212,5,1,15.345,0.9297222222222222,1.3541666666666667,15.79667644183773
2016-08-26 10:38:48,2016-08-26 22:36:54,2016-08-26 10:56:17,2016-08-26 21:45:48,1.7397222222222222,403,2,0,10.825,0.29138888888888886,0.8516666666666667,18.61431870669746
2016-08-26 18:39:37,2016-08-27 12:27:51,2016-08-26 21:11:38,2016-08-27 10:51:22,8.01361111111111,1555,5,1,13.662,2.533611111111111,1.6080555555555556,22.763870589957545
2016-08-26 19:06:05,2016-08-27 19:46:26,2016-08-26 19:56:49,2016-08-27 19:21:31,0.4411111111111111,1026,5,1,23.411,0.8455555555555555,0.4152777777777778,8.765110418179487
2016-08-26 19:12:00,2016-08-27 15:38:15,2016-08-26 19:47:43,2016-08-27 14:16:06,0.09861111111111111,1243,4,1,18.473,0.5952777777777778,1.3691666666666666,16.82184810263628
2016-08-26 19:38:29,2016-08-27 13:49:26,2016-08-26 19:54:53,2016-08-27 13:10:51,0.4413888888888889,2410,6,2,17.266,0.2733333333333333,0.6430555555555556,23.263446465114484
2016-08-26 21:23:00,2016-08-27 09:46:15,2016-08-26 21:53:01,2016-08-27 06:56:21,1.7419444444444445,463,3,0,9.056,0.5002777777777778,2.8316666666666666,17.042108362779743
2016-08-26 22:15:48,2016-08-27 07:40:59,2016-08-26 22:55:38,2016-08-27 06:09:49,0.88,367,3,0,7.236,0.6638888888888889,1.5194444444444444,16.906209692279344
2016-08-26 22:50:21,2016-08-27 08:45:47,2016-08-26 23:07:04,2016-08-27 08:22:05,0.5758333333333333,448,2,0,9.25,0.2786111111111111,0.395,24.216216216216218
2016-08-27 00:01:45,2016-08-28 01:06:57,2016-08-27 01:11:49,2016-08-27 23:23:36,1.19,1178,5,1,22.197,1.1677777777777778,1.7225,10.614046943280623
2016-08-27 02:07:52,2016-08-27 20:06:00,2016-08-27 02:23:15,2016-08-27 17:52:46,2.1019444444444444,1268,5,1,15.492,0.2563888888888889,2.2205555555555554,16.369739220242703
2016-08-27 05:22:05,2016-08-28 07:13:58,2016-08-27 05:53:15,2016-08-28 06:09:09,3.2369444444444446,1080,4,1,24.265,0.5194444444444445,1.0802777777777777,11.12713785287451
2016-08-27 07:34:59,2016-08-28 09:23:51,2016-08-27 07:59:06,2016-08-28 06:16:12,2.215,3134,8,3,22.285,0.40194444444444444,3.1275,17.579089073367737
2016-08-27 08:03:22,2016-08-27 23:13:40,2016-08-27 09:32:07,2016-08-27 22:36:27,0.47305555555555556,2033,6,2,13.072,1.4791666666666667,0.6202777777777778,25.92054263565892
2016-08-27 12:33:51,2016-08-27 17:25:08,2016-08-27 12:48:44,2016-08-27 16:49:58,4.508055555555556,387,4,0,4.021,0.24805555555555556,0.5861111111111111,24.061178811240985
2016-08-27 14:56:38,2016-08-28 16:12:58,2016-08-27 15:24:23,2016-08-28 15:40:05,2.379722222222222,6049,9,6,24.261,0.4625,0.5480555555555555,27.703355637076424
2016-08-27 16:11:37,2016-08-28 06:23:34,2016-08-27 16:24:39,2016-08-28 03:20:20,1.2497222222222222,1457,6,1,10.928,0.21722222222222223,3.053888888888889,22.22120546608101
2016-08-27 17:21:56,2016-08-28 02:17:50,2016-08-27 17:53:46,2016-08-28 01:33:29,1.1719444444444445,390,3,0,7.662,0.5305555555555556,0.7391666666666666,16.96684938658314
2016-08-27 18:26:21,2016-08-28 12:08:11,2016-08-27 19:28:05,2016-08-28 08:34:38,1.073611111111111,2298,7,2,13.109,1.028888888888889,3.5591666666666666,25.042773231040833
2016-08-27 19:59:22,2016-08-28 05:49:25,2016-08-27 20:20:38,2016-08-28 05:01:39,1.5502777777777779,253,2,0,8.684,0.35444444444444445,0.7961111111111111,14.567019806540765
2016-08-27 22:45:10,2016-08-28 19:50:57,2016-08-27 23:29:32,2016-08-28 14:19:16,2.763333333333333,3034,7,3,14.829,0.7394444444444445,5.5280555555555555,29.228442337890044
2016-08-28 02:15:41,2016-08-28 18:15:44,2016-08-28 02:46:45,2016-08-28 17:25:57,3.508611111111111,1404,5,1,14.653,0.5177777777777778,0.8297222222222222,19.163311267317273
2016-08-28 02:21:07,2016-08-29 12:06:15,2016-08-28 03:28:30,2016-08-29 11:06:54,0.09055555555555556,4261,8,4,31.64,1.1230555555555555,0.9891666666666666,16.83391276864728
2016-08-28 06:30:16,2016-08-29 04:19:53,2016-08-28 06:42:42,2016-08-29 04:00:25,4.1525,3301,8,3,21.295,0.20722222222222222,0.3244444444444444,19.37661422869218
2016-08-28 08:23:01,2016-08-28 19:48:51,2016-08-28 09:29:42,2016-08-28 18:24:40,1.8791666666666667,374,3,0,8.916,1.111388888888889,1.4030555555555555,13.982353820846418
2016-08-28 10:09:00,2016-08-28 16:50:46,2016-08-28 10:27:55,2016-08-28 13:35:48,1.7663888888888888,190,3,0,3.131,0.31527777777777777,3.2494444444444444,20.227829234536358
2016-08-28 10:10:24,2016-08-29 02:52:43,2016-08-28 10:33:56,2016-08-29 02:25:27,0.023333333333333334,2167,7,2,15.859,0.39222222222222225,0.45444444444444443,19.520236368713572
2016-08-28 10:25:10,2016-08-28 23:11:58,2016-08-28 10:55:49,2016-08-28 22:32:27,0.2461111111111111,703,4,0,11.611,0.5108333333333334,0.6586111111111111,15.136508483334769
2016-08-28 13:20:21,2016-08-29 04:55:02,2016-08-28 13:56:41,2016-08-29 03:14:50,2.919722222222222,583,3,0,13.303,0.6055555555555555,1.67,14.608233731739706
2016-08-28 13:49:17,2016-08-29 07:15:37,2016-08-28 14:26:25,2016-08-29 05:10:49,0.4822222222222222,1111,5,1,14.74,0.6188888888888889,2.08,15.074626865671641
2016-08-28 16:36:03,2016-08-28 22:08:15,2016-08-28 16:54:35,2016-08-28 21:05:40,2.7794444444444446,261,3,0,4.185,0.3088888888888889,1.0430555555555556,20.788530465949822
2016-08-28 16:54:01,2016-08-29 01:26:46,2016-08-28 17:10:56,2016-08-29 01:15:34,0.29944444444444446,1074,5,1,8.077,0.28194444444444444,0.18666666666666668,26.594032437786307
2016-08-28 20:42:41,2016-08-29 08:49:04,2016-08-28 21:02:53,2016-08-29 07:48:38,3.811111111111111,1177,5,1,10.763,0.33666666666666667,1.0072222222222222,21.871225494750536
2016-08-28 22:57:35,2016-08-29 06:29:18,2016-08-28 23:26:06,2016-08-29 06:01:06,2.2483333333333335,269,2,0,6.583,0.4752777777777778,0.47,20.431414248822726
2016-08-28 23:33:34,2016-08-29 15:55:44,2016-08-28 23:46:56,2016-08-29 15:39:05,0.5997222222222223,165,2,0,15.869,0.22277777777777777,0.2775,5.198815300270969
2016-08-29 00:13:32,2016-08-29 13:52:31,2016-08-29 01:26:53,2016-08-29 13:25:24,0.6661111111111111,1257,6,1,11.975,1.2225,0.4519444444444444,17.494780793319418
2016-08-29 02:03:46,2016-08-29 12:05:19,2016-08-29 02:33:47,2016-08-29 11:07:28,1.8372222222222223,371,3,0,8.561,0.5002777777777778,0.9641666666666666,14.44535295720905
2016-08-29 03:31:54,2016-08-29 16:20:20,2016-08-29 04:26:55,2016-08-29 15:23:30,1.468888888888889,1312,5,1,10.943,0.9169444444444445,0.9472222222222222,23.978799232386002
2016-08-29 03:55:47,2016-08-30 00:31:25,2016-08-29 04:59:07,2016-08-29 23:51:04,0.39805555555555555,1077,5,1,18.866,1.0555555555555556,0.6725,11.417364571186262
2016-08-29 05:13:31,2016-08-30 07:08:46,2016-08-29 05:21:04,2016-08-30 05:59:09,1.2955555555555556,1125,6,1,24.635,0.12583333333333332,1.1602777777777777,7.61112238684798
2016-08-29 05:34:57,2016-08-30 04:28:40,2016-08-29 05:48:08,2016-08-30 03:51:50,0.3572222222222222,2282,6,2,22.062,0.21972222222222224,0.6138888888888889,17.239295319251802
2016-08-29 06:42:19,2016-08-29 09:45:57,2016-08-29 07:20:53,2016-08-29 08:38:39,1.1227777777777779,75,3,0,1.296,0.6427777777777778,1.1216666666666666,19.290123456790123
2016-08-29 07:51:26,2016-08-29 22:07:00,2016-08-29 08:23:33,2016-08-29 21:51:30,1.1519444444444444,1164,5,1,13.466,0.5352777777777777,0.25833333333333336,17.287984553690777
2016-08-29 08:02:24,2016-08-30 05:21:57,2016-08-29 08:56:17,2016-08-30 03:11:59,0.1827777777777778,2240,6,2,18.262,0.8980555555555556,2.1661111111111113,20.443178914321177
2016-08-29 10:34:12,2016-08-30 06:44:42,2016-08-29 11:10:56,2016-08-30 05:56:31,2.53,2176,6,2,18.76,0.6122222222222222,0.8030555555555555,19.3319118692253
2016-08-29 12:37:44,2016-08-30 02:22:39,2016-08-29 13:10:34,2016-08-30 01:32:21,2.0588888888888888,1354,5,1,12.363,0.5472222222222223,0.8383333333333334,21.904068591765753
2016-08-29 13:43:02,2016-08-30 10:24:49,2016-08-29 16:07:17,2016-08-30 09:50:14,1.0883333333333334,1299,4,1,17.716,2.404166666666667,0.5763888888888888,18.330887333483854
2016-08-29 14:27:29,2016-08-30 03:18:38,2016-08-29 17:02:25,2016-08-30 02:06:17,0.7408333333333333,1150,6,1,9.065,2.582222222222222,1.2058333333333333,21.143592572164
2016-08-29 16:12:07,2016-08-29 17:49:31,2016-08-29 16:31:33,2016-08-29 17:12:14,1.7438888888888888,43,3,0,0.678,0.3238888888888889,0.6213888888888889,21.140609636184855
2016-08-29 16:41:53,2016-08-30 22:59:21,2016-08-29 20:48:09,2016-08-30 21:57:03,0.4961111111111111,4562,8,4,25.148,4.104444444444445,1.0383333333333333,22.675759503737872
2016-08-29 21:02:12,2016-08-30 04:03:34,2016-08-29 21:17:17,2016-08-30 03:35:38,4.338611111111111,368,3,0,6.306,0.2513888888888889,0.46555555555555556,19.452373400993764
2016-08-29 22:16:25,2016-08-30 02:17:17,2016-08-29 23:54:29,2016-08-30 01:30:47,1.2369444444444444,68,3,0,1.605,1.6344444444444444,0.775,14.122533748701974
2016-08-29 23:24:57,2016-08-30 09:39:35,2016-08-29 23:41:22,2016-08-30 09:08:27,1.1422222222222222,342,2,0,9.451,0.27361111111111114,0.5188888888888888,18.093323457835147
2016-08-30 02:34:39,2016-08-31 08:40:22,2016-08-30 05:07:15,2016-08-31 07:02:43,3.1616666666666666,2066,6,2,25.925,2.5433333333333334,1.6275,13.281902925104466
2016-08-30 02:37:17,2016-08-30 10:23:57,2016-08-30 03:07:03,2016-08-30 07:31:29,0.04388888888888889,388,3,0,4.407,0.4961111111111111,2.8744444444444444,29.34725058618864
2016-08-30 04:40:10,2016-08-31 02:20:41,2016-08-30 05:16:20,2016-08-31 01:03:57,2.0480555555555555,1416,4,1,19.794,0.6027777777777777,1.278888888888889,17.88420733555623
2016-08-30 05:35:19,2016-08-31 04:36:16,2016-08-30 06:27:52,2016-08-31 03:38:27,0.9191666666666667,3112,6,3,21.176,0.8758333333333334,0.9636111111111111,24.493136884523363
2016-08-30 05:40:38,2016-08-30 20:52:32,2016-08-30 05:59:39,2016-08-30 20:29:49,0.08861111111111111,1205,5,1,14.503,0.3169444444444444,0.3786111111111111,16.617251603116596
2016-08-30 08:01:09,2016-08-30 23:20:14,2016-08-30 08:27:28,2016-08-30 21:36:27,2.3419444444444446,1339,5,1,13.15,0.4386111111111111,1.7297222222222222,20.365019011406844
2016-08-30 08:23:25,2016-08-30 20:45:29,2016-08-30 08:48:38,2016-08-30 20:37:50,0.3711111111111111,1330,5,1,11.82,0.42027777777777775,0.1275,22.504230118443317
2016-08-30 08:23:30,2016-08-30 22:47:07,2016-08-30 09:07:57,2016-08-30 18:38:53,0.001388888888888889,626,3,0,9.515,0.7408333333333333,4.137222222222222,21.930285514100543
2016-08-30 12:49:46,2016-08-31 02:37:29,2016-08-30 14:36:33,2016-08-31 02:08:52,4.437777777777778,1163,4,1,11.539,1.7797222222222222,0.47694444444444445,25.197157465984922
2016-08-30 13:15:43,2016-08-31 16:07:54,2016-08-30 14:20:32,2016-08-31 15:30:45,0.4325,1322,5,1,25.17,1.0802777777777777,0.6191666666666666,10.50456893126738
2016-08-30 14:59:14,2016-08-30 21:18:48,2016-08-30 15:53:02,2016-08-30 20:10:58,1.7252777777777777,266,3,0,4.299,0.8966666666666666,1.1305555555555555,20.62495153911762
2016-08-30 16:20:36,2016-08-31 18:51:36,2016-08-30 16:43:35,2016-08-31 18:22:35,1.356111111111111,2474,6,2,25.65,0.38305555555555554,0.4836111111111111,16.07537361923327
2016-08-30 19:33:18,2016-08-31 13:38:31,2016-08-30 20:17:16,2016-08-31 12:59:10,3.2116666666666664,1447,5,1,16.698,0.7327777777777778,0.6558333333333334,17.331416936160018
2016-08-30 19:51:03,2016-08-31 22:16:59,2016-08-30 20:27:50,2016-08-31 20:36:58,0.29583333333333334,2233,6,2,24.152,0.6130555555555556,1.6669444444444443,15.409351882521806
2016-08-30 20:58:45,2016-09-02 02:25:52,2016-08-30 21:16:01,2016-09-02 01:41:41,1.1283333333333334,4468,9,4,52.428,0.2877777777777778,0.7363888888888889,9.469070810338836
2016-08-30 23:23:54,2016-08-31 06:23:31,2016-08-31 00:03:07,2016-08-31 04:42:22,2.4191666666666665,308,3,0,4.654,0.6536111111111111,1.6858333333333333,22.059876808480162
2016-08-31 02:28:24,2016-08-31 11:07:11,2016-08-31 02:57:34,2016-08-31 09:41:26,3.075,438,3,0,6.731,0.4861111111111111,1.4291666666666667,21.690684890803745
2016-08-31 04:24:24,2016-08-31 20:53:57,2016-08-31 04:47:40,2016-08-31 19:40:36,1.9333333333333333,1623,5,1,14.882,0.3877777777777778,1.2225,21.811584464453702
2016-08-31 09:11:21,2016-08-31 15:20:03,2016-08-31 09:44:38,2016-08-31 12:05:04,4.7825,145,3,0,2.341,0.5547222222222222,3.249722222222222,20.646447387156485
2016-08-31 09:52:39,2016-09-01 15:17:10,2016-08-31 11:30:12,2016-09-01 13:50:25,0.6883333333333334,3350,8,3,26.337,1.6258333333333332,1.4458333333333333,15.89968485400767
2016-08-31 11:02:19,2016-08-31 15:39:53,2016-08-31 12:03:51,2016-08-31 15:14:16,1.1611111111111112,299,4,0,3.174,1.0255555555555556,0.42694444444444446,23.55072463768116
2016-08-31 13:21:46,2016-09-01 20:42:39,2016-08-31 14:01:31,2016-09-01 19:19:17,2.3241666666666667,174,2,0,29.296,0.6625,1.3894444444444445,2.9696886947023486
2016-08-31 18:10:51,2016-09-01 14:32:05,2016-08-31 19:05:25,2016-09-01 12:51:24,4.8180555555555555,1130,4,1,17.766,0.9094444444444445,1.6780555555555556,15.901159518180796
2016-08-31 20:52:47,2016-09-01 01:24:09,2016-08-31 21:46:36,2016-09-01 00:03:15,2.698888888888889,122,3,0,2.277,0.8969444444444444,1.3483333333333334,17.859756990191773
2016-09-01 02:56:53,2016-09-02 20:58:26,2016-09-01 03:49:50,2016-09-02 18:58:42,6.068333333333333,2435,5,2,39.148,0.8825,1.9955555555555555,12.43997139062021
2016-09-01 03:11:37,2016-09-01 17:43:27,2016-09-01 04:40:48,2016-09-01 17:21:07,0.24555555555555555,1248,5,1,12.672,1.486388888888889,0.37222222222222223,19.696969696969695
2016-09-01 06:37:36,2016-09-02 17:26:44,2016-09-01 06:51:03,2016-09-02 13:29:18,3.4330555555555557,1165,5,1,30.638,0.22416666666666665,3.957222222222222,7.604935047979633
2016-09-01 07:24:19,2016-09-01 22:12:53,2016-09-01 08:04:47,2016-09-01 21:22:39,0.7786111111111111,1177,4,1,13.298,0.6744444444444444,0.8372222222222222,22.12738757707926
2016-09-01 12:59:06,2016-09-02 02:13:26,2016-09-01 13:02:55,2016-09-02 00:14:37,5.579722222222222,724,4,0,11.195,0.0636111111111111,1.9802777777777778,16.167932112550247
2016-09-01 16:31:40,2016-09-01 20:51:32,2016-09-01 16:50:36,2016-09-01 18:35:17,3.542777777777778,117,3,0,1.745,0.31555555555555553,2.2708333333333335,22.349570200573066
2016-09-01 23:24:37,2016-09-02 11:52:44,2016-09-02 01:23:30,2016-09-02 10:40:18,6.8825,2081,7,2,9.28,1.9813888888888889,1.2072222222222222,32.03509852216749
2016-09-01 23:51:39,2016-09-04 19:59:00,2016-09-02 00:48:08,2016-09-04 18:54:36,0.45055555555555554,9007,9,6,66.108,0.9413888888888889,1.0733333333333333,15.138527527345826
2016-09-02 00:41:54,2016-09-02 04:52:57,2016-09-02 00:51:17,2016-09-02 03:59:07,0.8375,126,3,0,3.131,0.15638888888888888,0.8972222222222223,13.414244650271481
2016-09-02 00:59:31,2016-09-02 06:30:34,2016-09-02 01:56:35,2016-09-02 05:13:37,0.2936111111111111,343,4,0,3.284,0.9511111111111111,1.2825,26.111449451887943
2016-09-02 02:25:20,2016-09-02 21:21:22,2016-09-02 02:55:17,2016-09-02 20:20:10,1.4302777777777778,2434,6,2,17.415,0.49916666666666665,1.02,23.294095128720453
2016-09-02 04:55:59,2016-09-02 22:46:08,2016-09-02 05:04:41,2016-09-02 22:13:47,2.5108333333333333,1184,5,1,17.152,0.145,0.5391666666666667,13.80597014925373
2016-09-02 08:40:12,2016-09-02 22:05:03,2016-09-02 09:52:03,2016-09-02 21:54:20,3.7369444444444446,1336,5,1,12.038,1.1975,0.1786111111111111,22.196378135902975
2016-09-02 11:50:57,2016-09-02 16:11:33,2016-09-02 12:21:33,2016-09-02 15:31:40,3.1791666666666667,372,4,0,3.169,0.51,0.6647222222222222,29.346797096875985
2016-09-02 13:06:37,2016-09-02 19:08:40,2016-09-02 13:26:12,2016-09-02 18:10:07,1.261111111111111,256,3,0,4.732,0.3263888888888889,0.9758333333333333,18.03324880247957
2016-09-02 14:28:42,2016-09-03 04:10:31,2016-09-02 16:20:28,2016-09-03 02:28:31,1.3680555555555556,1439,5,1,10.134,1.8627777777777779,1.7,28.399447404776
2016-09-02 15:10:29,2016-09-02 21:08:47,2016-09-02 15:43:51,2016-09-02 20:41:56,0.6963888888888888,398,3,0,4.968,0.5561111111111111,0.4475,26.704240472356414
2016-09-02 15:15:35,2016-09-03 10:55:32,2016-09-02 15:25:58,2016-09-03 09:14:46,0.085,1444,5,1,17.813,0.17305555555555555,1.6794444444444445,16.212878234996914
2016-09-02 22:02:46,2016-09-03 13:39:25,2016-09-03 00:15:06,2016-09-03 12:02:25,6.786388888888889,1049,5,1,11.789,2.2055555555555557,1.6166666666666667,17.79625074221732
2016-09-02 22:04:59,2016-09-03 10:27:13,2016-09-02 22:50:45,2016-09-03 09:37:38,0.036944444444444446,1038,5,1,10.781,0.7627777777777778,0.8263888888888888,19.256098692143585
2016-09-02 22:05:02,2016-09-03 06:40:56,2016-09-02 23:20:24,2016-09-03 04:13:26,0.0008333333333333334,327,3,0,4.884,1.2561111111111112,2.4583333333333335,22.317772317772317
2016-09-03 01:06:14,2016-09-03 07:15:42,2016-09-03 02:39:21,2016-09-03 07:03:28,3.02,393,4,0,4.402,1.5519444444444443,0.2038888888888889,22.31940027260336
2016-09-03 02:07:15,2016-09-03 08:21:59,2016-09-03 02:16:31,2016-09-03 07:53:32,1.0169444444444444,379,3,0,5.617,0.15444444444444444,0.4741666666666667,22.491246810278323
2016-09-03 06:48:53,2016-09-03 22:24:09,2016-09-03 07:06:46,2016-09-03 19:11:38,4.693888888888889,1536,5,1,12.081,0.2980555555555556,3.2086111111111113,25.428358579587783
2016-09-03 07:46:16,2016-09-04 01:32:56,2016-09-03 09:13:05,2016-09-03 21:51:48,0.9563888888888888,1301,5,1,12.645,1.4469444444444444,3.6855555555555557,20.57730328192962
2016-09-03 07:58:51,2016-09-04 13:34:49,2016-09-03 09:31:47,2016-09-04 12:13:17,0.20972222222222223,2294,6,2,26.692,1.548888888888889,1.3588888888888888,14.323892302312805
2016-09-03 08:03:35,2016-09-03 13:55:33,2016-09-03 08:14:58,2016-09-03 12:28:56,0.07888888888888888,430,4,0,4.233,0.1897222222222222,1.4436111111111112,25.395700448854242
2016-09-03 09:49:36,2016-09-05 00:44:53,2016-09-03 11:34:45,2016-09-05 00:14:12,1.7669444444444444,8037,9,6,36.657,1.7525,0.5113888888888889,24.360967891535044
2016-09-03 10:57:18,2016-09-03 21:29:45,2016-09-03 12:46:40,2016-09-03 20:27:27,1.1283333333333334,340,3,0,7.68,1.8227777777777778,1.0383333333333333,14.756944444444445
2016-09-03 13:39:28,2016-09-03 16:23:32,2016-09-03 13:52:35,2016-09-03 16:08:08,2.702777777777778,147,3,0,2.259,0.21861111111111112,0.25666666666666665,21.691013722886236
2016-09-03 15:19:35,2016-09-04 06:33:25,2016-09-03 16:05:16,2016-09-04 05:57:28,1.668611111111111,1114,4,1,13.87,0.7613888888888889,0.5991666666666666,20.079307858687816
2016-09-03 19:32:13,2016-09-05 08:47:09,2016-09-03 19:58:37,2016-09-05 07:11:04,4.210555555555556,4359,8,4,35.208,0.44,1.601388888888889,15.475886162235856
2016-09-03 20:28:49,2016-09-04 03:18:35,2016-09-03 20:46:41,2016-09-04 03:04:01,0.9433333333333334,424,3,0,6.289,0.29777777777777775,0.2427777777777778,22.47310118195792
2016-09-03 23:18:06,2016-09-04 09:32:48,2016-09-03 23:34:19,2016-09-04 08:56:23,2.821388888888889,629,3,0,9.368,0.2702777777777778,0.6069444444444444,22.381155707372617
2016-09-03 23:44:32,2016-09-04 14:57:20,2016-09-04 00:46:42,2016-09-04 14:40:03,0.44055555555555553,409,2,0,13.889,1.0361111111111112,0.28805555555555556,14.72388220894233
2016-09-04 00:53:31,2016-09-04 10:26:11,2016-09-04 01:27:58,2016-09-04 08:08:38,1.1497222222222223,1086,6,1,6.678,0.5741666666666667,2.2925,27.103923330338425
2016-09-04 02:18:13,2016-09-04 20:22:06,2016-09-04 03:48:21,2016-09-04 19:29:20,1.4116666666666666,1477,5,1,15.683,1.5022222222222221,0.8794444444444445,18.835681948606773
2016-09-04 06:25:38,2016-09-04 20:56:51,2016-09-04 06:36:38,2016-09-04 20:41:29,4.123611111111111,1182,6,1,14.081,0.18333333333333332,0.2561111111111111,13.990483630423977
2016-09-04 07:49:10,2016-09-04 13:28:07,2016-09-04 08:27:24,2016-09-04 12:44:10,1.3922222222222222,182,2,0,4.28,0.6372222222222222,0.7325,21.261682242990652
2016-09-04 08:19:47,2016-09-04 11:20:07,2016-09-04 08:47:13,2016-09-04 10:44:22,0.5102777777777778,61,2,0,1.953,0.4572222222222222,0.5958333333333333,15.61699948796723
2016-09-04 17:57:09,2016-09-05 10:04:43,2016-09-04 18:29:34,2016-09-05 08:57:37,9.622777777777777,1119,5,1,14.467,0.5402777777777777,1.1183333333333334,15.46968963848759
2016-09-04 18:20:00,2016-09-05 14:33:28,2016-09-04 18:47:48,2016-09-05 13:48:44,0.38083333333333336,1491,3,1,19.016,0.4633333333333333,0.7455555555555555,26.13588557004628
2016-09-04 21:19:42,2016-09-05 07:59:19,2016-09-04 23:21:03,2016-09-05 06:44:41,2.995,510,4,0,7.394,2.0225,1.2438888888888888,17.24371111712199
2016-09-04 23:08:41,2016-09-05 13:53:51,2016-09-05 00:04:29,2016-09-05 11:45:06,1.8163888888888888,1214,5,1,11.677,0.93,2.1458333333333335,20.7930119037424
2016-09-05 00:02:30,2016-09-05 06:26:29,2016-09-05 00:53:40,2016-09-05 04:30:22,0.8969444444444444,168,2,0,3.612,0.8527777777777777,1.9352777777777779,23.25581395348837
2016-09-05 01:56:03,2016-09-06 04:15:49,2016-09-05 02:44:49,2016-09-06 02:06:10,1.8925,3226,7,3,23.356,0.8127777777777778,2.160833333333333,19.731852323049445
2016-09-05 04:42:20,2016-09-05 08:41:13,2016-09-05 05:38:57,2016-09-05 08:14:00,2.7713888888888887,154,3,0,2.584,0.9436111111111111,0.45361111111111113,19.86584107327141
2016-09-05 07:37:49,2016-09-05 14:05:58,2016-09-05 07:49:42,2016-09-05 13:09:25,2.924722222222222,305,4,0,5.329,0.19805555555555557,0.9425,14.308500656783638
2016-09-05 07:41:03,2016-09-05 14:18:50,2016-09-05 11:12:51,2016-09-05 13:36:36,0.05388888888888889,250,4,0,2.396,3.53,0.7038888888888889,26.085141903171955
2016-09-05 10:41:15,2016-09-06 09:17:37,2016-09-05 16:01:06,2016-09-06 08:35:33,3.0033333333333334,1398,4,1,16.574,5.3308333333333335,0.7011111111111111,21.087245082659585
2016-09-05 11:13:10,2016-09-06 00:55:04,2016-09-05 12:23:21,2016-09-05 22:41:16,0.5319444444444444,429,3,0,10.299,1.1697222222222223,2.23,13.884843188659094
2016-09-05 13:55:12,2016-09-05 19:30:01,2016-09-05 14:36:34,2016-09-05 18:12:35,2.7005555555555554,108,2,0,3.6,0.6894444444444444,1.2905555555555555,15.0
2016-09-05 15:29:13,2016-09-06 07:23:10,2016-09-05 15:52:24,2016-09-06 05:43:59,1.5669444444444445,2155,7,2,13.86,0.3863888888888889,1.6530555555555555,22.211915069057927
2016-09-05 20:45:30,2016-09-06 08:33:47,2016-09-05 21:56:14,2016-09-06 06:56:18,5.271388888888889,1283,6,1,9.001,1.1788888888888889,1.6247222222222222,23.756619634855387
2016-09-06 00:26:11,2016-09-06 14:39:20,2016-09-06 01:10:00,2016-09-06 13:56:14,3.6780555555555554,1337,5,1,12.771,0.7302777777777778,0.7183333333333334,20.938062798527913
2016-09-06 03:15:36,2016-09-06 18:31:18,2016-09-06 05:06:34,2016-09-06 17:03:47,2.823611111111111,1291,5,1,11.954,1.8494444444444444,1.458611111111111,21.599464614355025
2016-09-06 09:23:59,2016-09-06 13:07:03,2016-09-06 10:45:44,2016-09-06 12:49:05,6.139722222222222,63,2,0,2.056,1.3625,0.29944444444444446,15.32101167315175
2016-09-06 11:37:33,2016-09-07 08:31:11,2016-09-06 12:08:16,2016-09-07 07:26:03,2.226111111111111,2487,7,2,19.296,0.5119444444444444,1.0855555555555556,18.412402274342572
2016-09-06 20:08:32,2016-09-07 09:09:15,2016-09-06 20:54:35,2016-09-07 08:44:08,8.516388888888889,1043,6,1,11.826,0.7675,0.4186111111111111,14.699250239585094
2016-09-06 20:20:09,2016-09-07 18:59:50,2016-09-06 20:37:04,2016-09-07 18:03:50,0.19361111111111112,1363,5,1,21.446,0.28194444444444444,0.9333333333333333,12.710995057353353
2016-09-06 22:49:41,2016-09-07 11:33:41,2016-09-06 23:22:51,2016-09-07 10:59:16,2.4922222222222223,1184,4,1,11.607,0.5527777777777778,0.5736111111111111,25.501852330490223
2016-09-06 23:41:30,2016-09-07 23:25:03,2016-09-07 00:25:45,2016-09-07 20:42:45,0.8636111111111111,1309,5,1,20.283,0.7375,2.705,12.907360844056598
2016-09-07 00:01:40,2016-09-07 08:52:54,2016-09-07 02:18:39,2016-09-07 08:27:19,0.33611111111111114,354,3,0,6.144,2.2830555555555554,0.4263888888888889,19.205729166666664
2016-09-07 00:55:11,2016-09-07 21:21:34,2016-09-07 01:02:04,2016-09-07 20:12:07,0.8919444444444444,2128,5,2,19.167,0.11472222222222223,1.1575,22.2048312203266
2016-09-07 02:26:53,2016-09-07 13:29:49,2016-09-07 02:34:09,2016-09-07 13:21:29,1.5283333333333333,1449,5,1,10.789,0.12111111111111111,0.1388888888888889,26.860691444990266
2016-09-07 06:26:22,2016-09-07 14:48:36,2016-09-07 06:38:37,2016-09-07 13:30:27,3.991388888888889,426,3,0,6.864,0.20416666666666666,1.3025,20.687645687645688
2016-09-07 06:51:02,2016-09-08 03:59:45,2016-09-07 07:11:11,2016-09-08 03:03:00,0.4111111111111111,2604,6,2,19.864,0.3358333333333333,0.9458333333333333,21.84857027788965
2016-09-07 11:08:33,2016-09-07 21:37:37,2016-09-07 11:23:41,2016-09-07 20:29:44,4.291944444444445,285,2,0,9.101,0.25222222222222224,1.131388888888889,15.657620041753653
2016-09-07 13:25:10,2016-09-08 01:55:31,2016-09-07 13:39:46,2016-09-08 01:19:20,2.2769444444444447,407,2,0,11.659,0.24333333333333335,0.6030555555555556,17.454327129256367
2016-09-07 13:33:03,2016-09-08 08:29:42,2016-09-07 14:46:45,2016-09-08 05:23:52,0.1313888888888889,1288,4,1,14.618,1.2283333333333333,3.0972222222222223,22.027637159666163
2016-09-07 19:49:01,2016-09-08 17:51:49,2016-09-07 21:04:26,2016-09-08 16:47:00,6.266111111111111,3472,7,3,19.71,1.2569444444444444,1.0802777777777777,25.164890918315574
2016-09-07 20:56:10,2016-09-08 08:00:08,2016-09-07 21:14:44,2016-09-08 06:40:41,1.1191666666666666,1237,5,1,9.432,0.30944444444444447,1.3241666666666667,26.22985581000848
2016-09-07 21:31:30,2016-09-08 05:08:07,2016-09-07 22:05:32,2016-09-08 03:10:15,0.5888888888888889,324,3,0,5.079,0.5672222222222222,1.9644444444444444,21.264028352037805
2016-09-08 04:41:05,2016-09-08 08:42:44,2016-09-08 05:00:39,2016-09-08 08:18:31,7.159722222222222,195,3,0,3.298,0.32611111111111113,0.4036111111111111,19.708914493632506
2016-09-08 08:11:35,2016-09-08 20:49:05,2016-09-08 08:43:15,2016-09-08 20:08:00,3.5083333333333333,1110,4,1,11.412,0.5277777777777778,0.6847222222222222,24.31650893796004
2016-09-08 08:16:14,2016-09-09 11:46:18,2016-09-08 09:26:21,2016-09-09 09:05:43,0.0775,2485,6,2,23.656,1.168611111111111,2.676388888888889,17.5078908803968
2016-09-08 10:03:03,2016-09-09 06:45:29,2016-09-08 10:46:12,2016-09-09 06:11:52,1.7802777777777778,2415,7,2,19.428,0.7191666666666666,0.5602777777777778,17.757875231624457
2016-09-08 10:37:12,2016-09-08 21:02:54,2016-09-08 11:29:59,2016-09-08 20:46:26,0.5691666666666667,312,3,0,9.274,0.8797222222222222,0.27444444444444444,11.214147077852061
2016-09-08 13:40:42,2016-09-08 18:30:12,2016-09-08 15:14:17,2016-09-08 17:30:05,3.058333333333333,161,3,0,2.263,1.5597222222222222,1.0019444444444445,23.71483281779349
2016-09-08 15:42:44,2016-09-08 20:28:22,2016-09-08 16:00:48,2016-09-08 19:36:11,2.033888888888889,344,4,0,3.59,0.3011111111111111,0.8697222222222222,23.955431754874652
2016-09-08 16:23:51,2016-09-09 07:25:58,2016-09-08 16:58:42,2016-09-09 07:10:44,0.6852777777777778,2131,6,2,14.201,0.5808333333333333,0.2538888888888889,25.009975823298827
2016-09-08 18:04:46,2016-09-08 21:57:36,2016-09-08 18:28:29,2016-09-08 21:15:53,1.6819444444444445,169,3,0,2.79,0.3952777777777778,0.6952777777777778,20.191158900836317
2016-09-08 21:09:51,2016-09-09 00:48:21,2016-09-08 21:33:46,2016-09-09 00:02:17,3.084722222222222,195,3,0,2.475,0.39861111111111114,0.7677777777777778,26.26262626262626
2016-09-08 21:48:19,2016-09-09 11:21:00,2016-09-08 22:23:49,2016-09-09 09:46:33,0.6411111111111111,615,3,0,11.379,0.5916666666666667,1.5741666666666667,18.01564285086563
2016-09-08 23:02:41,2016-09-09 20:40:48,2016-09-09 00:15:27,2016-09-09 19:40:56,1.2394444444444443,440,2,0,19.425,1.2127777777777777,0.9977777777777778,11.325611325611325
2016-09-09 02:44:30,2016-09-09 18:29:35,2016-09-09 03:08:26,2016-09-09 17:48:34,3.6969444444444446,1130,5,1,14.669,0.3988888888888889,0.6836111111111111,15.406639852750699
2016-09-09 03:21:10,2016-09-10 11:46:10,2016-09-09 03:29:47,2016-09-10 08:24:49,0.6111111111111112,1212,5,1,28.917,0.1436111111111111,3.3558333333333334,8.382612304180931
2016-09-09 04:37:47,2016-09-10 03:09:56,2016-09-09 07:16:01,2016-09-10 00:18:16,1.2769444444444444,592,2,0,17.037,2.6372222222222224,2.861111111111111,17.373950812936553
2016-09-09 04:48:27,2016-09-09 18:39:29,2016-09-09 10:06:06,2016-09-09 18:17:47,0.17777777777777778,418,3,0,8.195,5.2941666666666665,0.3616666666666667,17.002237136465325
2016-09-09 05:26:57,2016-09-09 19:47:52,2016-09-09 05:52:38,2016-09-09 19:21:21,0.6416666666666667,1093,4,1,13.479,0.4280555555555556,0.4419444444444444,20.272275391349506
2016-09-09 06:22:58,2016-09-10 06:56:12,2016-09-09 07:12:46,2016-09-10 06:30:19,0.9336111111111111,2144,6,2,23.292,0.83,0.4313888888888889,15.341462018432651
2016-09-09 09:13:10,2016-09-10 07:03:06,2016-09-09 09:26:07,2016-09-10 05:41:01,2.8366666666666664,2052,6,2,20.248,0.21583333333333332,1.3680555555555556,16.890557092058476
2016-09-09 11:08:53,2016-09-10 02:11:05,2016-09-09 11:37:34,2016-09-10 01:45:27,1.928611111111111,1265,4,1,14.131,0.47805555555555557,0.4272222222222222,22.3798740358078
2016-09-10 01:24:31,2016-09-11 06:00:58,2016-09-10 02:48:42,2016-09-11 05:17:31,14.260555555555555,2430,6,2,26.48,1.4030555555555555,0.7241666666666666,15.294561933534744
2016-09-10 01:51:41,2016-09-11 21:45:09,2016-09-10 02:34:45,2016-09-11 21:22:34,0.4527777777777778,2391,5,2,42.797,0.7177777777777777,0.3763888888888889,11.17368039815875
2016-09-10 02:06:13,2016-09-11 01:28:39,2016-09-10 02:56:37,2016-09-11 01:11:11,0.24222222222222223,2581,5,2,22.243,0.84,0.2911111111111111,23.207301173402872
2016-09-10 07:37:57,2016-09-10 23:20:50,2016-09-10 08:02:12,2016-09-10 22:17:35,5.528888888888889,2124,7,2,14.256,0.4041666666666667,1.0541666666666667,21.284271284271284
2016-09-10 09:26:32,2016-09-11 14:05:44,2016-09-10 10:34:35,2016-09-11 13:42:00,1.8097222222222222,1715,5,1,27.124,1.1341666666666668,0.39555555555555555,12.645627488571007
2016-09-10 10:36:50,2016-09-11 00:26:57,2016-09-10 10:57:01,2016-09-10 23:37:10,1.1716666666666666,1132,5,1,12.669,0.3363888888888889,0.8297222222222222,17.870392296155973
2016-09-10 13:35:26,2016-09-11 01:15:28,2016-09-10 13:47:04,2016-09-11 00:39:14,2.9766666666666666,1098,5,1,10.869,0.1938888888888889,0.6038888888888889,20.204250621032294
2016-09-10 16:49:27,2016-09-10 22:21:49,2016-09-10 18:39:24,2016-09-10 21:33:51,3.233611111111111,218,3,0,2.908,1.8325,0.7994444444444444,24.988537368179735
2016-09-10 17:21:41,2016-09-12 19:45:53,2016-09-10 18:15:59,2016-09-12 19:27:21,0.5372222222222223,7062,8,6,49.189,0.905,0.3088888888888889,17.94608550692228
2016-09-10 18:43:25,2016-09-12 10:23:21,2016-09-10 19:05:08,2016-09-12 09:29:28,1.3622222222222222,1150,5,1,38.406,0.36194444444444446,0.8980555555555556,5.988647607144717
2016-09-10 20:30:59,2016-09-11 00:44:40,2016-09-10 21:07:12,2016-09-11 00:01:13,1.7927777777777778,179,3,0,2.9,0.6036111111111111,0.7241666666666666,20.57471264367816
2016-09-10 21:14:38,2016-09-11 21:40:36,2016-09-10 21:28:52,2016-09-11 21:03:21,0.7275,3221,7,3,23.575,0.23722222222222222,0.6208333333333333,19.51825480987729
2016-09-10 22:02:15,2016-09-11 04:04:29,2016-09-10 22:28:50,2016-09-11 01:58:26,0.7936111111111112,293,3,0,3.493,0.44305555555555554,2.1008333333333336,27.960683271304514
2016-09-10 23:54:14,2016-09-12 15:06:59,2016-09-11 01:10:06,2016-09-12 14:47:43,1.8663888888888889,4415,7,4,37.627,1.2644444444444445,0.3211111111111111,16.76227936626055
2016-09-10 23:56:05,2016-09-11 17:08:56,2016-09-11 00:06:06,2016-09-11 16:49:07,0.030833333333333334,3187,8,3,16.717,0.16694444444444445,0.3302777777777778,23.830531793982175
2016-09-11 00:10:11,2016-09-11 09:11:54,2016-09-11 00:36:53,2016-09-11 07:00:26,0.235,494,3,0,6.392,0.445,2.1911111111111112,25.761368377138087
2016-09-11 00:43:05,2016-09-11 10:08:19,2016-09-11 01:12:06,2016-09-11 08:27:33,0.5483333333333333,286,3,0,7.257,0.4836111111111111,1.6794444444444445,13.136741536906895
2016-09-11 01:13:26,2016-09-11 14:47:24,2016-09-11 01:42:15,2016-09-11 14:14:33,0.5058333333333334,686,4,0,12.538,0.4802777777777778,0.5475,13.678417610464189
2016-09-11 02:08:10,2016-09-11 13:58:31,2016-09-11 02:39:58,2016-09-11 13:28:19,0.9122222222222223,436,3,0,10.806,0.53,0.5033333333333333,13.449318279967919
2016-09-11 02:10:07,2016-09-11 16:42:49,2016-09-11 02:29:10,2016-09-11 15:14:50,0.0325,1223,4,1,12.761,0.3175,1.466388888888889,23.959721024998043
2016-09-11 06:08:22,2016-09-11 10:50:50,2016-09-11 06:38:58,2016-09-11 09:04:01,3.970833333333333,180,3,0,2.417,0.51,1.7802777777777778,24.824162184526273
2016-09-11 07:33:52,2016-09-11 13:50:52,2016-09-11 08:55:53,2016-09-11 13:20:40,1.425,408,4,0,4.413,1.3669444444444445,0.5033333333333333,23.11352821210061
2016-09-11 09:03:00,2016-09-11 18:06:29,2016-09-11 09:23:05,2016-09-11 17:02:28,1.4855555555555555,1142,7,1,7.656,0.3347222222222222,1.0669444444444445,21.309150619495448
2016-09-11 10:25:29,2016-09-11 13:37:13,2016-09-11 10:51:25,2016-09-11 13:04:10,1.3747222222222222,109,3,0,2.213,0.43222222222222223,0.5508333333333333,16.418135261334537
2016-09-11 10:37:30,2016-09-12 05:04:41,2016-09-11 11:27:16,2016-09-12 04:27:40,0.20027777777777778,1302,4,1,17.007,0.8294444444444444,0.6169444444444444,19.139177985535365
2016-09-11 11:01:46,2016-09-12 13:41:25,2016-09-11 11:29:22,2016-09-12 12:24:45,0.40444444444444444,2502,6,2,24.923,0.46,1.2777777777777777,16.73153312201581
2016-09-11 14:23:35,2016-09-12 03:00:19,2016-09-11 15:10:13,2016-09-12 02:20:19,3.363611111111111,167,1,0,11.168,0.7772222222222223,0.6666666666666666,14.953438395415473
2016-09-11 18:03:04,2016-09-13 06:16:42,2016-09-11 19:35:12,2016-09-13 03:08:41,3.6580555555555554,4156,8,4,31.558,1.5355555555555556,3.133611111111111,16.461752962798656
2016-09-11 18:14:38,2016-09-12 02:44:38,2016-09-11 19:48:51,2016-09-12 01:25:28,0.19277777777777777,396,4,0,5.61,1.5702777777777779,1.3194444444444444,17.64705882352941
2016-09-11 19:07:03,2016-09-12 15:37:04,2016-09-11 19:44:10,2016-09-12 11:46:14,0.8736111111111111,1418,5,1,16.034,0.6186111111111111,3.8472222222222223,17.68741424472995
2016-09-11 19:52:31,2016-09-11 23:33:07,2016-09-11 20:25:22,2016-09-11 22:30:00,0.7577777777777778,113,3,0,2.077,0.5475,1.0519444444444443,18.13513079762478
2016-09-11 22:14:07,2016-09-12 17:53:09,2016-09-11 22:37:48,2016-09-12 17:40:04,2.36,3541,7,3,19.038,0.3947222222222222,0.21805555555555556,26.570918313748443
